scenario,seed,stop,fp,hours,ordinary,special,audit_violations,penances,max_penance_hours,defies,forced,empty_recovery,debt_events
careful_retain,2026101001,DRAW_HORIZON,3090,77.873333,370,25,4,18,0.5,1,16,0,3
careful_retain,2026101002,DRAW_HORIZON,1375,80.772857,371,27,8,25,0.5,3,12,0,5
careful_retain,2026101003,DRAW_HORIZON,1397,77.673333,371,26,8,21,0.5,2,16,0,5
careful_retain,2026101004,DRAW_HORIZON,2031,78.98619,360,38,9,25,0.5,1,24,0,3
careful_retain,2026101005,DRAW_HORIZON,626,82.649524,365,30,12,34,1.0,3,13,0,6
careful_retain,2026101006,DRAW_HORIZON,4335,76.645714,370,28,13,21,0.5,1,22,0,7
careful_retain,2026101007,DRAW_HORIZON,2491,83.915714,374,23,16,31,0.5,3,11,0,7
careful_retain,2026101008,DRAW_HORIZON,2484,73.88,371,24,5,20,0.5,4,14,0,4
careful_retain,2026101009,DRAW_HORIZON,2111,75.947619,360,33,5,27,0.5,2,18,0,5
careful_retain,2026101010,DRAW_HORIZON,3002,71.085238,379,19,4,12,0.5,3,13,0,2
careful_retain,2026101011,DRAW_HORIZON,3636,74.098095,373,23,5,18,0.5,2,14,0,2
careful_retain,2026101012,DRAW_HORIZON,1219,74.65381,374,22,14,27,1.0,4,13,0,8
careful_retain,2026101013,DRAW_HORIZON,672,77.64,364,32,9,30,1.0,3,15,0,6
careful_retain,2026101014,DRAW_HORIZON,1978,78.016667,367,29,9,20,0.5,1,22,0,6
careful_retain,2026101015,DRAW_HORIZON,2301,81.951429,369,25,5,23,0.5,3,13,0,7
careful_retain,2026101016,DRAW_HORIZON,1546,72.530952,367,26,7,22,1.0,2,18,0,6
careful_retain,2026101017,DRAW_HORIZON,525,81.220952,363,32,10,31,1.0,3,16,0,6
careful_retain,2026101018,DRAW_HORIZON,2458,75.991429,366,29,6,22,0.5,2,18,0,5
careful_retain,2026101019,DRAW_HORIZON,3411,74.992381,371,27,7,17,0.5,1,19,0,4
careful_retain,2026101020,DRAW_HORIZON,5146,85.775082,368,31,6,22,1.0,1,16,1,1
careful_retain,2026101021,DRAW_HORIZON,2444,69.996667,370,25,4,16,0.5,2,18,0,5
careful_retain,2026101022,DRAW_HORIZON,2934,76.231605,356,36,4,26,0.5,1,22,1,8
careful_retain,2026101023,DRAW_HORIZON,4081,78.293333,377,20,11,21,0.5,2,13,0,3
careful_retain,2026101024,DRAW_HORIZON,2004,73.566667,364,29,8,28,0.5,1,16,0,6
careful_retain,2026101025,DRAW_HORIZON,407,75.690476,376,20,9,21,0.5,3,12,0,6
careful_retain,2026101026,DRAW_HORIZON,1091,76.732857,367,30,7,19,0.5,1,21,0,5
careful_retain,2026101027,DRAW_HORIZON,2254,84.613333,364,29,7,22,1.0,2,21,0,5
careful_retain,2026101028,DRAW_HORIZON,3192,80.183333,373,22,8,20,1.0,2,15,0,4
careful_retain,2026101029,DRAW_HORIZON,2008,76.316667,371,27,7,26,1.0,4,10,0,2
careful_retain,2026101030,DRAW_HORIZON,2745,73.845714,369,26,9,25,0.5,2,15,0,2
careful_retain,2026101031,DRAW_HORIZON,1978,75.775714,372,26,6,18,1.0,3,16,0,4
careful_retain,2026101032,DRAW_HORIZON,1855,76.329048,375,24,9,23,0.5,3,11,0,5
careful_retain,2026101033,DRAW_HORIZON,4671,74.473333,377,22,7,15,0.5,2,15,0,4
careful_retain,2026101034,DRAW_HORIZON,1838,75.295238,364,32,10,28,1.0,2,18,0,7
careful_retain,2026101035,DRAW_HORIZON,3544,73.030952,367,29,10,22,0.5,1,21,0,9
careful_retain,2026101036,DRAW_HORIZON,1581,78.840952,367,27,9,27,0.5,3,15,0,4
careful_retain,2026101037,DRAW_HORIZON,4559,76.488095,377,21,11,17,0.5,2,17,0,0
careful_retain,2026101038,DRAW_HORIZON,3828,73.821429,375,23,7,18,0.5,2,14,0,1
careful_retain,2026101039,DRAW_HORIZON,2072,73.604286,373,23,2,18,0.5,4,11,0,3
careful_retain,2026101040,DRAW_HORIZON,1667,79.082857,369,25,7,21,0.5,2,17,0,5
careful_retain,2026101041,DRAW_HORIZON,2553,80.382381,375,20,8,25,0.5,4,8,0,4
careful_retain,2026101042,DRAW_HORIZON,2461,73.917143,372,24,8,23,0.5,3,13,0,3
careful_retain,2026101043,DRAW_HORIZON,3628,82.908571,372,23,7,20,0.5,1,15,0,3
careful_retain,2026101044,DRAW_HORIZON,2458,87.020952,367,24,7,26,0.5,2,14,0,10
careful_retain,2026101045,DRAW_HORIZON,2925,78.500476,359,34,5,31,0.5,3,15,0,6
careful_retain,2026101046,DRAW_HORIZON,1619,79.314762,372,21,7,25,0.5,3,10,0,6
careful_retain,2026101047,DRAW_HORIZON,1783,79.494762,376,20,11,21,0.5,2,14,0,6
careful_retain,2026101048,DRAW_HORIZON,1068,82.231429,370,25,11,28,0.5,3,13,0,7
careful_retain,2026101049,DRAW_HORIZON,1501,78.189048,376,23,7,17,0.5,3,14,0,4
careful_retain,2026101050,DRAW_HORIZON,3684,71.162857,357,37,3,22,0.5,1,24,0,5
careful_retain,2026101051,DRAW_HORIZON,2902,79.128095,375,22,9,22,0.5,3,12,0,5
careful_retain,2026101052,DRAW_HORIZON,1979,75.151905,372,23,11,25,0.5,3,14,0,9
careful_retain,2026101053,DRAW_HORIZON,3662,79.338571,372,25,10,22,0.5,2,16,0,4
careful_retain,2026101054,DRAW_HORIZON,1595,75.952381,375,22,12,27,0.5,3,10,0,4
careful_retain,2026101055,DRAW_HORIZON,1079,79.250952,368,24,10,29,0.5,3,13,0,10
careful_retain,2026101056,DRAW_HORIZON,3370,77.965714,369,29,7,20,0.5,2,18,0,2
careful_retain,2026101057,DRAW_HORIZON,2675,75.805714,377,18,7,19,0.5,3,11,0,7
careful_retain,2026101058,DRAW_HORIZON,1161,73.327143,377,20,7,17,0.5,3,13,0,6
careful_retain,2026101059,DRAW_HORIZON,2032,78.222857,365,26,6,24,0.5,1,17,0,9
careful_retain,2026101060,DRAW_HORIZON,1866,78.70381,373,25,8,24,0.5,3,11,0,4
careful_retain,2026101061,DRAW_HORIZON,1789,77.890476,364,28,10,27,1.0,1,19,0,8
careful_retain,2026101062,DRAW_HORIZON,2729,75.610952,375,23,10,19,0.5,2,16,0,5
careful_retain,2026101063,DRAW_HORIZON,3186,79.215281,362,36,11,24,1.0,1,25,5,4
careful_retain,2026101064,DRAW_HORIZON,2284,78.343333,376,21,8,20,0.5,3,12,0,5
careful_retain,2026101065,DRAW_HORIZON,942,77.162857,363,34,10,30,0.5,3,17,0,6
careful_retain,2026101066,DRAW_HORIZON,3961,83.05,371,24,9,25,0.5,1,13,0,6
careful_retain,2026101067,DRAW_HORIZON,2472,75.54,369,27,8,22,0.5,1,17,0,3
careful_retain,2026101068,DRAW_HORIZON,2599,78.98381,370,26,12,25,0.5,2,17,0,7
careful_retain,2026101069,DRAW_HORIZON,2791,76.229524,382,16,11,19,0.5,3,10,0,5
careful_retain,2026101070,DRAW_HORIZON,4554,75.870952,374,23,6,18,0.5,2,14,0,5
careful_retain,2026101071,DRAW_HORIZON,4155,84.434762,374,21,4,19,0.5,2,11,0,4
careful_retain,2026101072,DRAW_HORIZON,2163,81.330952,376,21,13,23,1.0,2,14,0,6
careful_retain,2026101073,DRAW_HORIZON,886,73.38619,365,30,9,22,0.5,2,22,0,6
careful_retain,2026101074,DRAW_HORIZON,4986,72.222857,375,24,6,14,0.5,2,17,0,1
careful_retain,2026101075,DRAW_HORIZON,946,80.594762,368,27,7,28,0.5,3,11,0,6
careful_retain,2026101076,DRAW_HORIZON,1491,77.565238,370,26,4,19,0.5,3,15,0,5
careful_retain,2026101077,DRAW_HORIZON,4269,73.517143,378,21,7,17,0.5,2,12,0,2
careful_retain,2026101078,DRAW_HORIZON,2979,80.732381,370,28,8,21,0.5,1,17,0,4
careful_retain,2026101079,DRAW_HORIZON,1591,82.910952,360,34,7,29,1.0,2,18,0,4
careful_retain,2026101080,DRAW_HORIZON,2848,79.137143,377,19,6,18,0.5,3,11,0,5
careful_retain,2026101081,DRAW_HORIZON,4264,83.10381,375,18,12,24,0.5,2,13,0,5
careful_retain,2026101082,DRAW_HORIZON,1050,86.94381,361,32,12,38,1.0,3,13,0,12
careful_retain,2026101083,DRAW_HORIZON,2769,77.537143,365,33,8,19,0.5,2,24,0,3
careful_retain,2026101084,DRAW_HORIZON,3379,69.982857,370,28,4,9,0.5,2,25,0,2
careful_retain,2026101085,DRAW_HORIZON,3539,77.984286,372,26,8,21,0.5,2,15,0,5
careful_retain,2026101086,DRAW_HORIZON,3724,69.792381,368,28,2,14,0.5,2,20,0,3
careful_retain,2026101087,DRAW_HORIZON,3312,75.508095,381,19,7,14,0.5,4,12,0,1
careful_retain,2026101088,DRAW_HORIZON,2798,75.502381,371,23,7,20,0.5,1,16,0,5
careful_retain,2026101089,DRAW_HORIZON,1316,76.540952,368,32,5,22,0.5,3,15,0,1
careful_retain,2026101090,DRAW_HORIZON,3379,80.949524,377,22,8,19,0.5,3,12,0,2
careful_retain,2026101091,DRAW_HORIZON,3446,78.477143,363,30,5,24,0.5,2,18,0,7
careful_retain,2026101092,DRAW_HORIZON,2954,79.003333,358,35,10,30,0.5,3,22,0,11
careful_retain,2026101093,DRAW_HORIZON,3116,76.918095,374,26,17,26,0.5,2,17,0,5
careful_retain,2026101094,DRAW_HORIZON,2837,80.908571,368,27,8,25,0.5,1,15,0,6
careful_retain,2026101095,DRAW_HORIZON,4039,70.351429,375,23,7,17,1.0,2,15,0,5
careful_retain,2026101096,DRAW_HORIZON,4925,76.96,375,23,3,15,0.5,2,13,0,3
careful_retain,2026101097,DRAW_HORIZON,511,80.018095,353,42,8,35,0.5,3,20,0,7
careful_retain,2026101098,DRAW_HORIZON,2553,74.082857,370,29,4,17,0.5,3,17,0,1
careful_retain,2026101099,DRAW_HORIZON,1687,72.390476,370,28,2,21,1.0,4,11,0,2
careful_retain,2026101100,DRAW_HORIZON,4232,86.537143,367,29,6,22,0.5,1,17,0,7
careful_retain,2026101101,DRAW_HORIZON,3311,74.290952,366,31,6,23,0.5,2,17,0,5
careful_retain,2026101102,DRAW_HORIZON,3051,79.332857,361,36,13,35,0.5,1,17,0,7
careful_retain,2026101103,DRAW_HORIZON,3576,72.41381,369,26,5,20,0.5,2,16,0,6
careful_retain,2026101104,DRAW_HORIZON,2783,75.264286,367,25,9,25,0.5,2,17,0,11
careful_retain,2026101105,DRAW_HORIZON,1650,74.064762,368,28,6,20,0.5,2,18,0,3
careful_retain,2026101106,DRAW_HORIZON,1557,78.730952,371,27,9,23,1.0,3,15,0,3
careful_retain,2026101107,DRAW_HORIZON,2016,79.558571,368,27,10,28,1.0,2,14,0,10
careful_retain,2026101108,DRAW_HORIZON,1412,79.39381,367,28,12,30,1.0,3,15,0,9
careful_retain,2026101109,DRAW_HORIZON,2962,74.73381,364,31,5,26,0.5,2,15,0,7
careful_retain,2026101110,DRAW_HORIZON,1772,82.034762,372,24,10,26,0.5,4,12,0,5
careful_retain,2026101111,DRAW_HORIZON,1486,78.143333,365,28,12,34,1.0,5,13,0,8
careful_retain,2026101112,DRAW_HORIZON,5528,79.45381,375,24,7,16,0.5,2,16,0,1
careful_retain,2026101113,DRAW_HORIZON,3603,76.847143,366,30,5,17,0.5,2,22,0,5
careful_retain,2026101114,DRAW_HORIZON,3161,74.959524,373,24,6,17,0.5,2,16,0,2
careful_retain,2026101115,DRAW_HORIZON,909,80.651429,367,28,10,29,0.5,3,14,0,7
careful_retain,2026101116,DRAW_HORIZON,1959,72.765238,374,26,5,17,0.5,3,14,0,2
careful_retain,2026101117,DRAW_HORIZON,3788,74.012381,370,28,6,18,0.5,1,18,0,5
careful_retain,2026101118,DRAW_HORIZON,2628,72.689048,366,30,10,22,0.5,1,22,0,6
careful_retain,2026101119,DRAW_HORIZON,1559,77.569048,363,31,11,37,0.5,3,11,0,6
careful_retain,2026101120,DRAW_HORIZON,2271,80.51619,373,24,13,27,1.0,3,13,0,3
careful_retain,2026101121,DRAW_HORIZON,1553,79.99381,366,27,5,25,0.5,3,14,0,6
careful_retain,2026101122,DRAW_HORIZON,2207,87.336667,373,22,7,23,0.5,3,11,0,6
careful_retain,2026101123,DRAW_HORIZON,1924,78.724762,375,22,6,20,0.5,3,11,0,2
careful_retain,2026101124,DRAW_HORIZON,3215,81.568571,361,36,14,31,1.0,1,22,0,8
careful_retain,2026101125,DRAW_HORIZON,2594,74.736667,377,22,7,18,0.5,3,12,0,3
careful_retain,2026101126,DRAW_HORIZON,1821,76.649524,370,27,8,25,0.5,3,13,0,5
careful_retain,2026101127,DRAW_HORIZON,2501,74.973333,369,28,8,21,0.5,1,18,0,5
careful_retain,2026101128,DRAW_HORIZON,1640,75.842381,370,28,9,26,0.5,4,13,0,1
careful_retain,2026101129,DRAW_HORIZON,2429,72.737143,371,25,9,19,0.5,2,19,0,3
careful_retain,2026101130,DRAW_HORIZON,5435,80.669524,372,27,9,19,0.5,2,18,0,1
careful_retain,2026101131,DRAW_HORIZON,2436,75.728095,365,31,10,26,1.0,1,19,0,6
careful_retain,2026101132,DRAW_HORIZON,2655,76.142381,373,21,8,21,1.0,2,14,0,5
careful_retain,2026101133,DRAW_HORIZON,2659,73.035238,369,27,3,17,0.5,1,17,0,4
careful_retain,2026101134,DRAW_HORIZON,3896,71.982381,369,29,4,18,0.5,2,17,0,1
careful_retain,2026101135,DRAW_HORIZON,730,79.21619,366,30,11,28,0.5,3,17,0,5
careful_retain,2026101136,DRAW_HORIZON,3606,75.933333,371,27,5,20,0.5,2,14,0,3
careful_retain,2026101137,DRAW_HORIZON,977,73.965238,371,28,6,21,0.5,3,14,0,0
careful_retain,2026101138,DRAW_HORIZON,2173,77.33619,372,23,3,17,0.5,3,14,0,3
careful_retain,2026101139,DRAW_HORIZON,1807,78.182381,368,24,6,21,0.5,1,17,0,10
careful_retain,2026101140,DRAW_HORIZON,5474,69.381905,381,18,7,14,0.5,2,12,0,0
careful_retain,2026101141,DRAW_HORIZON,3981,78.325238,371,28,11,21,1.0,1,19,0,4
careful_retain,2026101142,DRAW_HORIZON,2560,78.759524,364,33,7,24,1.0,1,19,0,2
careful_retain,2026101143,DRAW_HORIZON,3958,74.230952,372,23,5,14,0.5,1,19,0,5
careful_retain,2026101144,DRAW_HORIZON,895,76.185238,379,16,7,19,0.5,3,9,0,5
careful_retain,2026101145,DRAW_HORIZON,617,85.654762,356,35,7,37,1.0,2,14,0,8
careful_retain,2026101146,DRAW_HORIZON,3109,74.535714,374,23,10,21,1.0,2,15,0,5
careful_retain,2026101147,DRAW_HORIZON,819,77.984286,362,29,2,25,0.5,3,15,0,8
careful_retain,2026101148,DRAW_HORIZON,689,83.921905,363,30,10,37,1.0,3,10,0,10
careful_retain,2026101149,DRAW_HORIZON,1636,73.153333,363,33,5,26,0.5,3,16,0,4
careful_retain,2026101150,DRAW_HORIZON,1579,78.397619,367,28,6,27,0.5,3,12,0,4
careful_retain,2026101151,DRAW_HORIZON,2981,74.571905,365,31,7,23,0.5,2,19,0,4
careful_retain,2026101152,DRAW_HORIZON,4706,71.064762,371,27,6,12,0.5,1,23,0,3
careful_retain,2026101153,DRAW_HORIZON,2279,83.060476,350,43,10,43,0.5,3,17,0,5
careful_retain,2026101154,DRAW_HORIZON,3125,80.34,378,18,6,19,0.5,4,9,0,5
careful_retain,2026101155,DRAW_HORIZON,1810,73.780952,367,29,7,24,0.5,2,16,0,6
careful_retain,2026101156,DRAW_HORIZON,2040,73.772857,372,27,5,16,0.5,3,17,0,2
careful_retain,2026101157,DRAW_HORIZON,2058,73.910476,370,26,7,24,0.5,4,13,0,5
careful_retain,2026101158,DRAW_HORIZON,3251,80.102857,372,27,8,23,1.0,2,13,0,1
careful_retain,2026101159,DRAW_HORIZON,2384,69.437143,378,19,5,18,0.5,4,9,0,6
careful_retain,2026101160,DRAW_HORIZON,716,80.604762,363,35,11,30,0.5,3,18,0,3
careful_retain,2026101161,DRAW_HORIZON,2913,81.650476,360,38,12,31,1.0,2,21,0,5
careful_retain,2026101162,DRAW_HORIZON,3416,85.660476,358,34,12,36,0.5,2,18,0,9
careful_retain,2026101163,DRAW_HORIZON,1680,79.069524,366,27,3,20,0.5,2,17,0,4
careful_retain,2026101164,DRAW_HORIZON,1730,75.969524,369,27,4,20,0.5,3,15,0,5
careful_retain,2026101165,DRAW_HORIZON,4299,75.309524,378,19,7,15,0.5,2,14,0,2
careful_retain,2026101166,DRAW_HORIZON,2038,74.303333,374,25,5,18,0.5,4,13,0,2
careful_retain,2026101167,DRAW_HORIZON,2295,73.93381,374,23,8,23,0.5,3,11,0,5
careful_retain,2026101168,DRAW_HORIZON,906,87.502857,365,32,6,26,0.5,3,15,0,5
careful_retain,2026101169,DRAW_HORIZON,2363,78.650476,365,31,7,25,0.5,2,17,0,3
careful_retain,2026101170,DRAW_HORIZON,3597,74.212381,368,30,4,19,0.5,2,17,0,3
careful_retain,2026101171,DRAW_HORIZON,1456,81.823333,368,29,4,20,0.5,3,16,0,2
careful_retain,2026101172,DRAW_HORIZON,2277,88.979524,374,23,11,29,0.5,5,8,0,5
careful_retain,2026101173,DRAW_HORIZON,2337,71.602857,377,22,4,17,0.5,3,10,0,3
careful_retain,2026101174,DRAW_HORIZON,1821,80.995238,371,27,7,23,0.5,3,13,0,3
careful_retain,2026101175,DRAW_HORIZON,4235,80.428571,369,27,11,21,0.5,1,21,0,8
careful_retain,2026101176,DRAW_HORIZON,2024,75.033333,364,31,7,28,0.5,2,15,0,4
careful_retain,2026101177,DRAW_HORIZON,4356,73.690952,373,27,3,10,0.5,2,20,0,0
careful_retain,2026101178,DRAW_HORIZON,2377,83.380476,374,23,8,21,0.5,3,13,0,5
careful_retain,2026101179,DRAW_HORIZON,648,88.214762,359,35,13,40,0.5,3,14,0,7
careful_retain,2026101180,DRAW_HORIZON,2357,82.827143,361,36,5,25,0.5,2,19,0,4
careful_retain,2026101181,DRAW_HORIZON,4047,71.989524,378,22,7,17,0.5,2,12,0,2
careful_retain,2026101182,DRAW_HORIZON,674,73.248095,366,28,12,24,1.0,1,22,0,8
careful_retain,2026101183,DRAW_HORIZON,988,83.111429,362,30,10,30,0.5,2,18,0,12
careful_retain,2026101184,DRAW_HORIZON,1776,80.938974,368,27,8,20,0.5,1,20,3,7
careful_retain,2026101185,DRAW_HORIZON,3003,74.385238,367,30,4,19,0.5,2,18,0,5
careful_retain,2026101186,DRAW_HORIZON,3193,76.825238,365,30,4,21,0.5,2,18,0,4
careful_retain,2026101187,DRAW_HORIZON,2557,79.737619,367,29,12,27,0.5,1,18,0,7
careful_retain,2026101188,DRAW_HORIZON,3934,79.732857,366,31,6,22,0.5,2,18,0,4
careful_retain,2026101189,DRAW_HORIZON,3383,83.038571,364,32,17,33,1.0,2,20,0,7
careful_retain,2026101190,DRAW_HORIZON,798,77.830476,366,28,12,32,0.5,2,14,0,8
careful_retain,2026101191,DRAW_HORIZON,3047,72.210476,372,26,6,17,0.5,2,17,0,3
careful_retain,2026101192,DRAW_HORIZON,1849,72.540476,372,23,5,23,0.5,3,10,0,4
careful_retain,2026101193,DRAW_HORIZON,4134,70.697143,376,23,9,18,1.0,2,15,0,4
careful_retain,2026101194,DRAW_HORIZON,3193,76.97381,367,28,8,25,0.5,2,16,0,4
careful_retain,2026101195,DRAW_HORIZON,1623,72.914286,374,22,4,17,0.5,2,13,0,3
careful_retain,2026101196,DRAW_HORIZON,3118,82.209524,374,22,15,24,1.0,2,17,0,6
careful_retain,2026101197,DRAW_HORIZON,1527,82.108571,370,28,13,29,0.5,3,14,0,2
careful_retain,2026101198,DRAW_HORIZON,3739,79.89619,364,32,7,29,0.5,2,14,0,4
careful_retain,2026101199,DRAW_HORIZON,1702,74.751429,373,25,7,20,0.5,3,14,0,2
careful_retain,2026101200,DRAW_HORIZON,1107,75.618571,367,28,10,27,1.0,4,16,0,9
careful_retain,2026101201,DRAW_HORIZON,1702,77.095714,369,26,6,22,0.5,1,15,0,4
careful_retain,2026101202,DRAW_HORIZON,3509,76.193333,375,22,8,17,0.5,1,16,0,3
careful_retain,2026101203,DRAW_HORIZON,1767,78.686667,365,29,9,29,1.0,2,15,0,10
careful_retain,2026101204,DRAW_HORIZON,4171,72.870952,373,26,10,21,0.5,2,16,0,5
careful_retain,2026101205,DRAW_HORIZON,2471,80.621905,381,15,8,19,0.5,4,8,0,6
careful_retain,2026101206,DRAW_HORIZON,2526,76.451905,369,26,6,22,0.5,2,15,0,5
careful_retain,2026101207,DRAW_HORIZON,2882,82.185238,367,31,9,24,0.5,2,18,0,5
careful_retain,2026101208,DRAW_HORIZON,2039,75.585714,369,28,6,27,0.5,4,10,0,2
careful_retain,2026101209,DRAW_HORIZON,4044,73.091429,376,22,8,18,0.5,1,14,0,5
careful_retain,2026101210,DRAW_HORIZON,2172,83.49,372,23,11,26,0.5,3,13,0,5
careful_retain,2026101211,DRAW_HORIZON,3412,70.148095,370,25,5,20,0.5,2,15,0,5
careful_retain,2026101212,DRAW_HORIZON,3071,73.984762,377,22,5,15,0.5,3,13,0,1
careful_retain,2026101213,DRAW_HORIZON,2527,76.572857,365,31,7,21,1.0,1,21,0,1
careful_retain,2026101214,DRAW_HORIZON,4121,77.302857,373,26,9,21,0.5,1,15,0,1
careful_retain,2026101215,DRAW_HORIZON,2205,73.555238,374,24,8,23,0.5,3,11,0,2
careful_retain,2026101216,DRAW_HORIZON,3489,76.278571,370,26,8,23,0.5,1,15,0,6
careful_retain,2026101217,DRAW_HORIZON,1024,83.324762,370,27,9,28,0.5,3,11,0,7
careful_retain,2026101218,DRAW_HORIZON,4238,78.54,372,24,8,16,0.5,2,20,0,3
careful_retain,2026101219,DRAW_HORIZON,2905,73.691905,373,22,5,21,0.5,3,11,0,6
careful_retain,2026101220,DRAW_HORIZON,2537,74.171905,372,25,3,17,0.5,3,14,0,3
careful_retain,2026101221,DRAW_HORIZON,1956,72.818571,375,20,7,22,0.5,3,10,0,9
careful_retain,2026101222,DRAW_HORIZON,2358,82.192381,376,20,8,18,1.0,4,14,0,9
careful_retain,2026101223,DRAW_HORIZON,943,80.987619,359,36,10,27,0.5,2,24,0,11
careful_retain,2026101224,DRAW_HORIZON,4478,74.313333,375,22,11,22,0.5,2,14,0,7
careful_retain,2026101225,DRAW_HORIZON,2556,77.631905,373,22,6,20,0.5,3,13,0,4
careful_retain,2026101226,DRAW_HORIZON,1444,83.748571,364,31,8,28,0.5,3,16,0,8
careful_retain,2026101227,DRAW_HORIZON,4237,75.54619,375,19,8,19,0.5,2,14,0,7
careful_retain,2026101228,DRAW_HORIZON,346,81.527619,358,37,7,34,0.5,3,15,0,7
careful_retain,2026101229,DRAW_HORIZON,2044,77.954762,371,26,14,28,1.0,2,15,0,9
careful_retain,2026101230,DRAW_HORIZON,287,74.084762,379,18,11,19,0.5,3,13,0,5
careful_retain,2026101231,DRAW_HORIZON,2906,79.967143,371,27,11,28,1.0,3,12,0,4
careful_retain,2026101232,DRAW_HORIZON,3896,75.490476,372,25,11,24,0.5,1,15,0,6
careful_retain,2026101233,DRAW_HORIZON,1590,75.974286,378,18,10,22,0.5,3,10,0,6
careful_retain,2026101234,DRAW_HORIZON,919,71.445714,370,27,11,23,1.0,2,18,0,8
careful_retain,2026101235,DRAW_HORIZON,1472,82.245238,366,29,13,32,0.5,3,15,0,6
careful_retain,2026101236,DRAW_HORIZON,1905,77.491905,366,29,5,25,0.5,2,14,0,5
careful_retain,2026101237,DRAW_HORIZON,997,80.754286,359,29,6,31,0.5,2,16,0,11
careful_retain,2026101238,DRAW_HORIZON,4181,75.157619,373,24,10,21,0.5,1,16,0,5
careful_retain,2026101239,DRAW_HORIZON,2218,76.006667,367,24,8,26,0.5,1,15,0,7
careful_retain,2026101240,DRAW_HORIZON,4264,77.636667,374,23,9,20,0.5,2,15,0,3
careful_retain,2026101241,DRAW_HORIZON,3039,72.492857,377,20,5,15,0.5,1,13,0,3
careful_retain,2026101242,DRAW_HORIZON,1833,77.127619,366,30,7,19,0.5,1,22,0,4
careful_retain,2026101243,DRAW_HORIZON,3308,78.70619,368,27,8,24,0.5,1,16,0,5
careful_retain,2026101244,DRAW_HORIZON,3667,78.839048,371,25,6,21,0.5,2,14,0,3
careful_retain,2026101245,DRAW_HORIZON,2308,78.531429,369,29,7,26,0.5,3,12,0,5
careful_retain,2026101246,DRAW_HORIZON,3108,75.34619,371,27,6,18,0.5,1,17,0,3
careful_retain,2026101247,DRAW_HORIZON,5218,77.008095,377,20,8,14,0.5,1,17,0,5
careful_retain,2026101248,DRAW_HORIZON,1208,70.551429,375,23,4,14,0.5,3,15,0,4
careful_retain,2026101249,DRAW_HORIZON,4234,73.427143,371,25,8,16,0.5,1,21,0,8
careful_retain,2026101250,DRAW_HORIZON,1486,75.859048,371,25,6,24,0.5,2,11,0,2
careful_retain,2026101251,DRAW_HORIZON,1910,76.831905,378,18,12,24,1.0,4,10,0,8
careful_retain,2026101252,DRAW_HORIZON,4375,77.503333,376,18,6,17,0.5,2,13,0,5
careful_retain,2026101253,DRAW_HORIZON,3535,81.545714,369,30,13,23,1.0,1,21,0,5
careful_retain,2026101254,DRAW_HORIZON,1731,72.774286,372,23,6,19,0.5,2,15,0,7
careful_retain,2026101255,DRAW_HORIZON,1344,76.9,372,26,6,22,1.0,3,12,0,3
careful_retain,2026101256,DRAW_HORIZON,2186,76.959524,373,24,4,18,0.5,3,13,0,2
careful_retain,2026101257,DRAW_HORIZON,417,83.209743,362,35,9,29,0.5,3,18,7,4
careful_retain,2026101258,DRAW_HORIZON,3081,76.804762,360,35,6,27,0.5,2,19,0,6
careful_retain,2026101259,DRAW_HORIZON,3789,77.971905,370,24,5,19,0.5,2,16,0,4
careful_retain,2026101260,DRAW_HORIZON,737,82.15,371,26,11,29,0.5,3,11,0,3
careful_retain,2026101261,DRAW_HORIZON,1624,76.374286,361,33,7,26,0.5,2,20,0,5
careful_retain,2026101262,DRAW_HORIZON,3442,79.709048,369,28,14,30,0.5,2,15,0,7
careful_retain,2026101263,DRAW_HORIZON,1072,75.267143,378,17,6,20,0.5,3,8,0,5
careful_retain,2026101264,DRAW_HORIZON,4464,70.214762,375,23,5,14,0.5,2,16,0,2
careful_retain,2026101265,DRAW_HORIZON,2238,84.213333,372,24,8,28,0.5,4,8,0,5
careful_retain,2026101266,DRAW_HORIZON,1311,78.647619,378,21,7,19,1.0,3,10,0,3
careful_retain,2026101267,DRAW_HORIZON,1273,81.112857,366,29,9,25,0.5,2,18,0,7
careful_retain,2026101268,DRAW_HORIZON,3842,76.679048,373,21,8,20,0.5,1,15,0,8
careful_retain,2026101269,DRAW_HORIZON,1624,78.884286,367,29,11,34,0.5,3,10,0,6
careful_retain,2026101270,DRAW_HORIZON,981,73.687143,367,31,3,23,0.5,3,13,0,3
careful_retain,2026101271,DRAW_HORIZON,3153,75.27619,369,28,8,21,0.5,2,18,0,4
careful_retain,2026101272,DRAW_HORIZON,2358,74.635714,367,29,6,20,0.5,2,19,0,3
careful_retain,2026101273,DRAW_HORIZON,1986,74.126667,372,27,4,18,0.5,3,14,0,1
careful_retain,2026101274,DRAW_HORIZON,4224,76.284286,377,23,9,18,0.5,2,14,0,4
careful_retain,2026101275,DRAW_HORIZON,2646,76.817143,370,28,5,16,0.5,2,19,0,5
careful_retain,2026101276,DRAW_HORIZON,3634,75.448095,372,22,6,20,0.5,2,14,0,8
careful_retain,2026101277,DRAW_HORIZON,2673,76.95381,366,29,6,25,0.5,2,15,0,5
careful_retain,2026101278,DRAW_HORIZON,3554,78.46619,364,30,9,28,0.5,2,17,0,3
careful_retain,2026101279,DRAW_HORIZON,4321,75.122857,376,21,7,17,0.5,2,14,0,4
careful_retain,2026101280,DRAW_HORIZON,3948,80.669524,369,27,8,22,0.5,1,17,0,4
careful_retain,2026101281,DRAW_HORIZON,1879,73.946667,374,21,11,23,0.5,3,14,0,5
careful_retain,2026101282,DRAW_HORIZON,1907,74.60619,372,24,2,19,0.5,4,11,0,5
careful_retain,2026101283,DRAW_HORIZON,3703,73.691429,373,25,3,13,0.5,2,17,0,1
careful_retain,2026101284,DRAW_HORIZON,3192,77.538095,372,26,1,14,0.5,1,15,0,2
careful_retain,2026101285,DRAW_HORIZON,2747,77.323333,375,20,7,23,0.5,3,9,0,3
careful_retain,2026101286,DRAW_HORIZON,1794,80.591905,359,35,4,32,0.5,3,13,0,6
careful_retain,2026101287,DRAW_HORIZON,2490,78.830476,375,20,1,14,0.5,3,12,0,3
careful_retain,2026101288,DRAW_HORIZON,1433,72.13381,370,28,8,21,0.5,3,17,0,2
careful_retain,2026101289,DRAW_HORIZON,2892,70.311905,377,21,3,14,0.5,3,12,0,3
careful_retain,2026101290,DRAW_HORIZON,2909,85.694286,370,26,8,23,0.5,2,15,0,7
careful_retain,2026101291,DRAW_HORIZON,1698,81.443333,356,37,7,30,0.5,1,21,0,10
careful_retain,2026101292,DRAW_HORIZON,2073,77.261905,369,28,11,29,0.5,4,13,0,8
careful_retain,2026101293,DRAW_HORIZON,2594,79.584286,375,22,10,22,1.0,2,13,0,4
careful_retain,2026101294,DRAW_HORIZON,2300,75.25,371,23,10,26,0.5,2,13,0,4
careful_retain,2026101295,DRAW_HORIZON,1077,78.744286,367,26,6,25,0.5,2,14,0,8
careful_retain,2026101296,DRAW_HORIZON,5741,72.236667,379,19,3,11,0.5,2,13,0,1
careful_retain,2026101297,DRAW_HORIZON,3255,79.617619,368,27,4,19,0.5,1,17,0,6
careful_retain,2026101298,DRAW_HORIZON,1034,76.057619,368,28,6,22,0.5,3,16,0,3
careful_retain,2026101299,DRAW_HORIZON,2153,78.830476,366,31,3,29,0.5,5,8,0,4
careful_retain,2026101300,DRAW_HORIZON,707,69.349048,375,23,5,13,0.5,3,17,0,5
careful_retain,2026101301,DRAW_HORIZON,1716,77.087619,388,10,10,14,1.0,3,8,0,7
careful_retain,2026101302,DRAW_HORIZON,781,91.674762,365,32,12,35,0.5,4,12,0,5
careful_retain,2026101303,DRAW_HORIZON,3746,75.429524,373,23,7,20,0.5,1,14,0,3
careful_retain,2026101304,DRAW_HORIZON,2710,76.629524,355,36,6,30,0.5,1,21,0,11
careful_retain,2026101305,DRAW_HORIZON,3381,78.344286,366,32,5,19,0.5,1,20,0,2
careful_retain,2026101306,DRAW_HORIZON,4884,72.303333,374,22,6,14,1.0,1,18,0,6
careful_retain,2026101307,DRAW_HORIZON,776,76.700952,362,33,4,24,0.5,3,18,0,5
careful_retain,2026101308,DRAW_HORIZON,1217,83.23381,365,30,11,29,1.0,1,17,0,6
careful_retain,2026101309,DRAW_HORIZON,2994,70.472381,374,22,5,12,0.5,1,19,0,3
careful_retain,2026101310,DRAW_HORIZON,3471,80.858571,372,25,11,23,0.5,2,16,0,4
careful_retain,2026101311,DRAW_HORIZON,1329,80.971429,371,26,5,21,0.5,3,13,0,5
careful_retain,2026101312,DRAW_HORIZON,1504,77.991905,370,28,13,30,0.5,3,13,0,4
careful_retain,2026101313,DRAW_HORIZON,1856,68.945238,368,30,3,22,0.5,3,13,0,2
careful_retain,2026101314,DRAW_HORIZON,2969,79.611686,363,32,8,25,0.5,1,20,2,7
careful_retain,2026101315,DRAW_HORIZON,1115,77.792857,370,28,7,25,0.5,3,12,0,4
careful_retain,2026101316,DRAW_HORIZON,1843,82.579048,371,25,14,25,0.5,3,18,0,8
careful_retain,2026101317,DRAW_HORIZON,1941,76.427143,370,24,8,27,1.0,4,11,0,6
careful_retain,2026101318,DRAW_HORIZON,4286,78.875238,378,18,8,20,0.5,2,10,0,5
careful_retain,2026101319,DRAW_HORIZON,4449,75.173333,374,19,4,17,0.5,2,13,0,4
careful_retain,2026101320,DRAW_HORIZON,3098,75.215238,375,20,5,18,0.5,2,12,0,5
careful_retain,2026101321,DRAW_HORIZON,222,77.099048,373,22,8,22,0.5,3,13,0,2
careful_retain,2026101322,DRAW_HORIZON,4031,76.17381,376,24,7,13,0.5,2,18,0,3
careful_retain,2026101323,DRAW_HORIZON,627,78.702857,364,28,13,33,0.5,1,16,0,9
careful_retain,2026101324,DRAW_HORIZON,4049,72.688095,380,18,8,15,0.5,2,13,0,2
careful_retain,2026101325,DRAW_HORIZON,4470,75.874762,371,29,8,20,1.0,2,17,0,2
careful_retain,2026101326,DRAW_HORIZON,837,78.480476,365,32,13,33,0.5,3,15,0,5
careful_retain,2026101327,DRAW_HORIZON,3330,81.904762,357,36,8,34,0.5,2,17,0,6
careful_retain,2026101328,DRAW_HORIZON,2248,79.940476,370,24,8,22,0.5,2,16,0,8
careful_retain,2026101329,DRAW_HORIZON,1864,76.666667,365,29,10,30,0.5,3,15,0,7
careful_retain,2026101330,DRAW_HORIZON,2022,78.291905,365,28,10,30,0.5,1,15,0,8
careful_retain,2026101331,DRAW_HORIZON,4766,72.54381,377,22,9,18,1.0,2,14,0,2
careful_retain,2026101332,DRAW_HORIZON,1161,78.438571,369,29,15,31,1.0,2,15,0,6
careful_retain,2026101333,DRAW_HORIZON,2439,77.565238,361,36,7,23,0.5,2,23,0,5
careful_retain,2026101334,DRAW_HORIZON,983,70.661905,369,26,6,23,0.5,3,14,0,4
careful_retain,2026101335,DRAW_HORIZON,4094,72.464762,379,18,6,14,0.5,2,13,0,3
careful_retain,2026101336,DRAW_HORIZON,1711,76.018095,372,26,6,21,0.5,4,13,0,2
careful_retain,2026101337,DRAW_HORIZON,1849,76.575238,371,23,4,23,0.5,3,10,0,5
careful_retain,2026101338,DRAW_HORIZON,3930,73.608095,375,20,10,22,0.5,2,13,0,8
careful_retain,2026101339,DRAW_HORIZON,2001,82.82619,365,30,6,29,0.5,3,12,0,7
careful_retain,2026101340,DRAW_HORIZON,1696,80.304762,368,23,10,32,0.5,3,10,0,10
careful_retain,2026101341,DRAW_HORIZON,2017,78.621429,377,20,5,17,0.5,3,11,0,2
careful_retain,2026101342,DRAW_HORIZON,1631,72.139048,372,23,6,23,0.5,3,11,0,3
careful_retain,2026101343,DRAW_HORIZON,4162,71.603333,373,26,7,18,0.5,2,16,0,2
careful_retain,2026101344,DRAW_HORIZON,2868,79.151429,371,25,7,22,0.5,3,14,0,6
careful_retain,2026101345,DRAW_HORIZON,5010,77.027619,375,23,11,20,0.5,2,16,0,6
careful_retain,2026101346,DRAW_HORIZON,4336,79.798571,371,27,9,22,0.5,2,16,0,2
careful_retain,2026101347,DRAW_HORIZON,1790,85.345714,375,21,10,24,1.0,3,11,0,5
careful_retain,2026101348,DRAW_HORIZON,2345,73.464286,373,23,9,23,0.5,3,13,0,5
careful_retain,2026101349,DRAW_HORIZON,644,72.58619,366,28,4,22,0.5,3,16,0,4
careful_retain,2026101350,DRAW_HORIZON,2856,73.544762,364,31,5,20,0.5,2,21,0,8
careful_retain,2026101351,DRAW_HORIZON,2062,85.571905,359,36,8,38,0.5,4,11,0,6
careful_retain,2026101352,DRAW_HORIZON,4257,83.83619,379,19,10,19,0.5,2,12,0,5
careful_retain,2026101353,DRAW_HORIZON,1116,76.139048,365,31,3,26,0.5,3,12,0,4
careful_retain,2026101354,DRAW_HORIZON,2990,74.071429,369,27,5,16,0.5,1,20,0,7
careful_retain,2026101355,DRAW_HORIZON,1322,72.604286,368,31,8,24,0.5,3,16,0,3
careful_retain,2026101356,DRAW_HORIZON,4683,74.522857,374,24,9,17,0.5,2,18,0,3
careful_retain,2026101357,DRAW_HORIZON,4096,74.802857,374,23,5,16,0.5,2,15,0,5
careful_retain,2026101358,DRAW_HORIZON,1313,80.980952,363,31,5,27,0.5,3,15,0,4
careful_retain,2026101359,DRAW_HORIZON,3917,74.936667,372,25,5,13,1.0,1,20,0,5
careful_retain,2026101360,DRAW_HORIZON,1959,74.454286,371,23,5,21,0.5,2,13,0,4
careful_retain,2026101361,DRAW_HORIZON,1297,71.949048,369,27,5,21,0.5,3,15,0,2
careful_retain,2026101362,DRAW_HORIZON,4056,72.345238,371,28,7,20,0.5,2,16,0,3
careful_retain,2026101363,DRAW_HORIZON,3575,71.074762,371,29,5,13,0.5,2,21,0,1
careful_retain,2026101364,DRAW_HORIZON,1453,83.77381,369,25,15,31,0.5,2,15,0,10
careful_retain,2026101365,DRAW_HORIZON,3752,78.427143,371,25,6,22,0.5,2,13,0,5
careful_retain,2026101366,DRAW_HORIZON,4522,79.909524,373,25,12,24,1.0,2,15,0,3
careful_retain,2026101367,DRAW_HORIZON,4137,78.988095,368,28,8,23,0.5,2,17,0,7
careful_retain,2026101368,DRAW_HORIZON,2095,81.587619,375,22,10,27,0.5,4,8,0,2
careful_retain,2026101369,DRAW_HORIZON,3841,78.172857,374,22,7,15,1.0,1,18,0,2
careful_retain,2026101370,DRAW_HORIZON,1104,86.923333,365,32,8,28,0.5,3,15,0,6
careful_retain,2026101371,DRAW_HORIZON,4790,78.391905,375,20,9,18,0.5,2,16,0,8
careful_retain,2026101372,DRAW_HORIZON,1607,78.362381,368,26,10,31,0.5,4,11,0,7
careful_retain,2026101373,DRAW_HORIZON,857,79.978571,372,21,6,19,1.0,3,15,0,10
careful_retain,2026101374,DRAW_HORIZON,2206,78.920476,368,27,14,34,1.0,2,12,0,8
careful_retain,2026101375,DRAW_HORIZON,1191,77.017143,370,24,11,21,0.5,1,20,0,7
careful_retain,2026101376,DRAW_HORIZON,1889,77.797143,368,25,9,25,0.5,2,16,0,9
careful_retain,2026101377,DRAW_HORIZON,1572,79.994762,369,25,10,30,0.5,3,11,0,3
careful_retain,2026101378,DRAW_HORIZON,2183,80.552381,373,23,7,25,0.5,4,9,0,6
careful_retain,2026101379,DRAW_HORIZON,4253,71.991429,374,21,5,17,0.5,2,14,0,3
careful_retain,2026101380,DRAW_HORIZON,3070,70.081905,382,15,2,10,0.5,3,10,0,3
careful_retain,2026101381,DRAW_HORIZON,4752,65.958095,378,20,3,10,0.5,2,15,0,2
careful_retain,2026101382,DRAW_HORIZON,3584,74.714286,374,23,7,16,0.5,2,17,0,5
careful_retain,2026101383,DRAW_HORIZON,1747,77.570952,373,25,8,17,0.5,3,18,0,4
careful_retain,2026101384,DRAW_HORIZON,961,76.722857,374,25,8,21,0.5,3,13,0,3
careful_retain,2026101385,DRAW_HORIZON,2769,72.588095,369,28,7,17,0.5,2,21,0,5
careful_retain,2026101386,DRAW_HORIZON,3107,82.1,371,26,8,23,0.5,2,14,0,9
careful_retain,2026101387,DRAW_HORIZON,2781,77.072857,372,24,5,23,0.5,3,10,0,6
careful_retain,2026101388,DRAW_HORIZON,4454,71.630476,374,20,6,16,0.5,2,16,0,9
careful_retain,2026101389,DRAW_HORIZON,3576,72.877143,359,37,5,26,1.0,2,20,0,4
careful_retain,2026101390,DRAW_HORIZON,4179,79.816667,367,28,4,19,0.5,2,18,0,5
careful_retain,2026101391,DRAW_HORIZON,624,72.040952,362,33,7,20,0.5,2,25,0,7
careful_retain,2026101392,DRAW_HORIZON,1781,77.146667,374,24,8,23,0.5,3,11,0,4
careful_retain,2026101393,DRAW_HORIZON,1897,79.332381,372,25,12,25,0.5,3,15,0,5
careful_retain,2026101394,DRAW_HORIZON,4816,76.990952,376,21,6,20,0.5,2,10,0,4
careful_retain,2026101395,DRAW_HORIZON,3093,70.342857,379,18,8,17,1.0,2,12,0,3
careful_retain,2026101396,DRAW_HORIZON,2874,75.247143,366,32,11,28,1.0,2,17,0,3
careful_retain,2026101397,DRAW_HORIZON,2335,83.840476,368,27,11,31,0.5,3,12,0,8
careful_retain,2026101398,DRAW_HORIZON,2278,78.469524,366,29,5,22,0.5,2,17,0,2
careful_retain,2026101399,DRAW_HORIZON,3824,77.213333,377,20,6,16,0.5,2,13,0,5
careful_retain,2026101400,DRAW_HORIZON,2584,68.944286,369,27,8,18,0.5,2,21,0,4
careful_retain,2026101401,DRAW_HORIZON,2849,73.977619,379,18,10,21,0.5,3,10,0,6
careful_retain,2026101402,DRAW_HORIZON,2867,78.278095,367,29,3,17,0.5,1,19,0,4
careful_retain,2026101403,DRAW_HORIZON,1091,73.410476,367,29,5,23,0.5,3,15,0,5
careful_retain,2026101404,DRAW_HORIZON,3202,79.113702,370,28,4,12,0.5,2,22,3,3
careful_retain,2026101405,DRAW_HORIZON,2944,70.802857,366,30,4,18,0.5,1,20,0,2
careful_retain,2026101406,DRAW_HORIZON,4054,77.127619,370,27,5,14,1.0,1,21,0,3
careful_retain,2026101407,DRAW_HORIZON,2410,69.609048,372,27,6,18,0.5,3,16,0,1
careful_retain,2026101408,DRAW_HORIZON,3679,79.043333,367,28,6,19,0.5,1,20,0,8
careful_retain,2026101409,DRAW_HORIZON,3545,74.14619,368,28,6,19,0.5,1,19,0,5
careful_retain,2026101410,DRAW_HORIZON,1136,80.788095,363,32,11,32,1.0,2,16,0,7
careful_retain,2026101411,DRAW_HORIZON,2804,74.106667,371,23,6,18,0.5,2,17,0,6
careful_retain,2026101412,DRAW_HORIZON,1302,80.035238,370,24,15,30,0.5,3,15,0,12
careful_retain,2026101413,DRAW_HORIZON,2970,72.48381,371,23,5,16,0.5,2,18,0,4
careful_retain,2026101414,DRAW_HORIZON,4185,78.02619,376,21,6,17,0.5,2,13,0,2
careful_retain,2026101415,DRAW_HORIZON,3347,80.324762,370,26,7,21,0.5,1,16,0,7
careful_retain,2026101416,DRAW_HORIZON,1339,73.189524,368,29,2,11,0.5,2,23,0,4
careful_retain,2026101417,DRAW_HORIZON,1600,76.734762,366,29,9,24,0.5,2,19,0,5
careful_retain,2026101418,DRAW_HORIZON,1593,77.736667,371,27,11,25,0.5,3,15,0,3
careful_retain,2026101419,DRAW_HORIZON,4146,77.524286,382,16,11,20,0.5,4,9,0,3
careful_retain,2026101420,DRAW_HORIZON,2789,74.017143,376,23,8,17,0.5,4,15,0,4
careful_retain,2026101421,DRAW_HORIZON,398,74.522857,375,22,7,18,0.5,3,14,0,4
careful_retain,2026101422,DRAW_HORIZON,1346,76.56619,366,28,7,26,0.5,3,15,0,8
careful_retain,2026101423,DRAW_HORIZON,814,79.234286,362,33,13,34,0.5,2,17,0,7
careful_retain,2026101424,DRAW_HORIZON,1888,83.814762,363,33,4,22,0.5,2,19,0,2
careful_retain,2026101425,DRAW_HORIZON,4080,75.713333,372,23,7,20,0.5,2,15,0,9
careful_retain,2026101426,DRAW_HORIZON,3542,76.178571,373,22,7,22,1.0,2,12,0,7
careful_retain,2026101427,DRAW_HORIZON,2209,76.844762,361,33,5,23,0.5,2,21,0,7
careful_retain,2026101428,DRAW_HORIZON,3248,73.259048,367,31,4,18,0.5,2,19,0,4
careful_retain,2026101429,DRAW_HORIZON,2121,75.473333,374,19,6,17,0.5,2,15,0,6
careful_retain,2026101430,DRAW_HORIZON,1266,76.495238,380,18,10,20,0.5,3,10,0,2
careful_retain,2026101431,DRAW_HORIZON,4422,71.165714,375,22,7,18,0.5,2,14,0,4
careful_retain,2026101432,DRAW_HORIZON,3489,81.215238,368,28,7,23,0.5,2,16,0,6
careful_retain,2026101433,DRAW_HORIZON,2168,83.966667,358,37,11,32,0.5,2,21,0,6
careful_retain,2026101434,DRAW_HORIZON,2896,72.978095,367,31,2,14,0.5,1,21,0,2
careful_retain,2026101435,DRAW_HORIZON,551,75.539048,369,27,5,21,0.5,3,15,0,3
careful_retain,2026101436,DRAW_HORIZON,4053,80.650952,368,29,7,21,0.5,2,18,0,3
careful_retain,2026101437,DRAW_HORIZON,351,75.048571,370,28,13,25,1.0,3,18,0,6
careful_retain,2026101438,DRAW_HORIZON,2575,83.07381,369,27,8,25,0.5,1,14,0,4
careful_retain,2026101439,DRAW_HORIZON,4424,80.805238,370,28,7,22,0.5,2,15,0,3
careful_retain,2026101440,DRAW_HORIZON,1787,79.298095,370,27,8,23,0.5,4,15,0,4
careful_retain,2026101441,DRAW_HORIZON,4086,75.268571,375,23,10,20,0.5,2,15,0,7
careful_retain,2026101442,DRAW_HORIZON,1606,73.754762,373,23,10,20,0.5,1,17,0,5
careful_retain,2026101443,DRAW_HORIZON,2024,78.109048,376,23,6,20,0.5,4,10,0,3
careful_retain,2026101444,DRAW_HORIZON,1760,79.304286,373,23,11,26,0.5,3,12,0,6
careful_retain,2026101445,DRAW_HORIZON,1415,82.664286,367,26,7,27,0.5,2,13,0,4
careful_retain,2026101446,DRAW_HORIZON,3463,76.158571,376,21,2,11,0.5,1,15,0,0
careful_retain,2026101447,DRAW_HORIZON,502,79.021905,362,33,4,22,0.5,3,20,0,6
careful_retain,2026101448,DRAW_HORIZON,2599,73.936667,371,26,8,23,1.0,2,14,0,4
careful_retain,2026101449,DRAW_HORIZON,1810,74.467619,366,26,6,28,0.5,3,12,0,8
careful_retain,2026101450,DRAW_HORIZON,3360,77.514762,372,27,11,20,1.0,2,19,0,4
careful_retain,2026101451,DRAW_HORIZON,1847,70.298095,370,26,7,25,0.5,2,12,0,3
careful_retain,2026101452,DRAW_HORIZON,1013,77.028095,366,31,7,25,0.5,3,16,0,2
careful_retain,2026101453,DRAW_HORIZON,2153,78.913333,363,35,8,27,0.5,2,18,0,2
careful_retain,2026101454,DRAW_HORIZON,2513,74.697619,368,31,8,21,0.5,2,19,0,3
careful_retain,2026101455,DRAW_HORIZON,4676,76.417619,376,18,5,18,0.5,2,11,0,8
careful_retain,2026101456,DRAW_HORIZON,1961,79.376667,365,30,11,29,1.0,3,17,0,7
careful_retain,2026101457,DRAW_HORIZON,3646,74.89381,369,29,10,20,0.5,2,21,0,5
careful_retain,2026101458,DRAW_HORIZON,2931,77.071905,371,26,9,19,0.5,2,19,0,3
careful_retain,2026101459,DRAW_HORIZON,987,79.625714,366,31,13,31,1.0,3,16,0,6
careful_retain,2026101460,DRAW_HORIZON,2376,78.477619,381,19,3,14,0.5,3,8,0,1
careful_retain,2026101461,DRAW_HORIZON,1514,81.235238,368,27,13,26,1.0,2,19,0,7
careful_retain,2026101462,DRAW_HORIZON,3719,74.343333,372,22,4,17,0.5,2,15,0,8
careful_retain,2026101463,DRAW_HORIZON,1440,78.676667,364,33,11,32,0.5,4,15,0,3
careful_retain,2026101464,DRAW_HORIZON,4028,81.999048,375,22,8,20,1.0,2,13,0,5
careful_retain,2026101465,DRAW_HORIZON,4971,70.579524,378,20,3,9,0.5,2,16,0,1
careful_retain,2026101466,DRAW_HORIZON,910,79.133333,368,28,8,24,1.0,2,16,0,6
careful_retain,2026101467,DRAW_HORIZON,191,76.78619,372,21,6,23,0.5,3,11,0,6
careful_retain,2026101468,DRAW_HORIZON,2570,80.012381,371,28,5,18,0.5,3,16,0,1
careful_retain,2026101469,DRAW_HORIZON,2853,83.771905,375,23,13,23,2.0,2,15,0,5
careful_retain,2026101470,DRAW_HORIZON,3265,71.913333,372,25,4,13,0.5,1,19,0,4
careful_retain,2026101471,DRAW_HORIZON,4687,80.667619,373,23,4,17,0.5,2,14,0,3
careful_retain,2026101472,DRAW_HORIZON,701,80.444762,367,25,6,25,0.5,3,14,0,8
careful_retain,2026101473,DRAW_HORIZON,1687,76.222381,363,34,8,27,0.5,2,18,0,5
careful_retain,2026101474,DRAW_HORIZON,934,75.121429,364,32,6,28,0.5,3,14,0,5
careful_retain,2026101475,DRAW_HORIZON,1179,75.362381,364,32,6,25,0.5,1,17,0,4
careful_retain,2026101476,DRAW_HORIZON,2715,83.88,372,22,11,25,0.5,4,14,0,5
careful_retain,2026101477,DRAW_HORIZON,1357,73.952857,372,27,9,21,0.5,3,16,0,3
careful_retain,2026101478,DRAW_HORIZON,1895,75.659048,375,21,8,19,0.5,3,14,0,8
careful_retain,2026101479,DRAW_HORIZON,1706,81.95381,364,33,9,26,0.5,3,19,0,5
careful_retain,2026101480,DRAW_HORIZON,4475,73.02619,379,20,6,15,0.5,2,12,0,2
careful_retain,2026101481,DRAW_HORIZON,3732,76.969048,367,30,6,16,0.5,1,23,0,6
careful_retain,2026101482,DRAW_HORIZON,319,80.852857,360,37,7,31,0.5,3,16,0,5
careful_retain,2026101483,DRAW_HORIZON,717,80.014762,364,32,4,27,0.5,3,13,0,3
careful_retain,2026101484,DRAW_HORIZON,1524,82.214762,366,30,7,26,0.5,3,15,0,6
careful_retain,2026101485,DRAW_HORIZON,582,80.18,364,30,11,40,0.5,4,7,0,7
careful_retain,2026101486,DRAW_HORIZON,2351,80.082381,370,27,5,27,0.5,4,8,0,3
careful_retain,2026101487,DRAW_HORIZON,3668,74.008571,375,23,7,18,0.5,1,14,0,5
careful_retain,2026101488,DRAW_HORIZON,1259,85.609524,361,32,9,27,0.5,2,21,0,5
careful_retain,2026101489,DRAW_HORIZON,4066,82.517619,369,29,5,20,0.5,1,16,0,1
careful_retain,2026101490,DRAW_HORIZON,2269,80.612381,371,23,6,23,0.5,4,12,0,5
careful_retain,2026101491,DRAW_HORIZON,3254,75.715714,375,22,11,18,0.5,1,18,0,6
careful_retain,2026101492,DRAW_HORIZON,1237,79.235238,368,29,2,21,0.5,3,13,0,2
careful_retain,2026101493,DRAW_HORIZON,3256,77.08619,374,21,6,20,0.5,2,12,0,3
careful_retain,2026101494,DRAW_HORIZON,2264,79.487619,377,17,9,20,0.5,3,12,0,9
careful_retain,2026101495,DRAW_HORIZON,1096,76.812381,369,28,5,24,0.5,3,12,0,4
careful_retain,2026101496,DRAW_HORIZON,2183,76.915238,374,24,4,13,0.5,3,17,0,5
careful_retain,2026101497,DRAW_HORIZON,3032,79.26381,369,27,7,22,0.5,2,16,0,6
careful_retain,2026101498,DRAW_HORIZON,3564,79.04619,374,24,4,18,0.5,1,12,0,1
careful_retain,2026101499,DRAW_HORIZON,327,81.029048,359,37,4,25,0.5,3,20,0,2
careful_retain,2026101500,DRAW_HORIZON,1444,76.583333,370,26,8,22,1.0,3,16,0,2
careful_retain,2026101501,DRAW_HORIZON,3963,76.989048,371,26,7,19,0.5,2,17,0,1
careful_retain,2026101502,DRAW_HORIZON,1384,78.130952,369,27,5,22,0.5,3,14,0,5
careful_retain,2026101503,DRAW_HORIZON,1970,78.638095,374,21,9,22,0.5,2,13,0,6
careful_retain,2026101504,DRAW_HORIZON,1253,78.725714,370,27,7,25,1.0,2,12,0,4
careful_retain,2026101505,DRAW_HORIZON,4046,73.88619,378,19,8,18,0.5,2,12,0,6
careful_retain,2026101506,DRAW_HORIZON,1639,79.62381,371,27,8,21,0.5,2,16,0,3
careful_retain,2026101507,DRAW_HORIZON,1762,85.137619,360,36,9,28,0.5,1,21,0,2
careful_retain,2026101508,DRAW_HORIZON,673,78.870476,365,26,8,29,0.5,2,14,0,7
careful_retain,2026101509,DRAW_HORIZON,2198,76.043333,365,29,7,24,0.5,1,18,0,5
careful_retain,2026101510,DRAW_HORIZON,3639,75.50619,372,27,7,19,0.5,2,16,0,3
careful_retain,2026101511,DRAW_HORIZON,183,77.515714,361,31,5,25,0.5,2,19,0,10
careful_retain,2026101512,DRAW_HORIZON,3369,77.600476,368,29,8,21,0.5,2,19,0,5
careful_retain,2026101513,DRAW_HORIZON,4563,78.081905,375,21,7,21,0.5,2,11,0,2
careful_retain,2026101514,DRAW_HORIZON,2728,79.04,374,20,17,30,1.0,3,13,0,7
careful_retain,2026101515,DRAW_HORIZON,1144,81.95619,369,28,11,32,1.0,3,10,0,6
careful_retain,2026101516,DRAW_HORIZON,2656,82.119524,377,21,9,18,0.5,3,14,0,2
careful_retain,2026101517,DRAW_HORIZON,1415,86.242857,362,34,6,29,0.5,3,15,0,5
careful_retain,2026101518,DRAW_HORIZON,1631,80.537143,369,27,6,21,0.5,3,16,0,4
careful_retain,2026101519,DRAW_HORIZON,3892,74.850952,378,20,13,18,0.5,2,17,0,8
careful_retain,2026101520,DRAW_HORIZON,4036,77.198095,370,28,11,22,0.5,2,19,0,4
careful_retain,2026101521,DRAW_HORIZON,2096,79.652381,374,22,7,18,0.5,2,15,0,4
careful_retain,2026101522,DRAW_HORIZON,5066,76.164762,378,21,5,14,0.5,2,13,0,3
careful_retain,2026101523,DRAW_HORIZON,1189,74.939524,366,28,5,23,0.5,3,16,0,4
careful_retain,2026101524,DRAW_HORIZON,1061,76.357143,366,29,2,21,0.5,3,15,0,4
careful_retain,2026101525,DRAW_HORIZON,2705,76.830476,370,25,6,21,0.5,2,15,0,4
careful_retain,2026101526,DRAW_HORIZON,2947,71.595714,368,30,3,21,0.5,3,14,0,2
careful_retain,2026101527,DRAW_HORIZON,1180,72.810476,371,27,6,18,0.5,2,17,0,1
careful_retain,2026101528,DRAW_HORIZON,904,78.482381,364,33,8,24,0.5,3,20,0,4
careful_retain,2026101529,DRAW_HORIZON,1840,74.217619,369,26,4,20,0.5,3,15,0,6
careful_retain,2026101530,DRAW_HORIZON,1350,78.888095,371,23,11,28,0.5,3,12,0,6
careful_retain,2026101531,DRAW_HORIZON,3557,78.605238,372,26,11,23,0.5,1,16,0,4
careful_retain,2026101532,DRAW_HORIZON,3063,80.199524,371,26,6,19,0.5,2,16,0,3
careful_retain,2026101533,DRAW_HORIZON,3647,69.703333,377,19,5,13,0.5,2,15,0,2
careful_retain,2026101534,DRAW_HORIZON,3452,73.097619,369,29,3,18,0.5,2,16,0,1
careful_retain,2026101535,DRAW_HORIZON,1189,75.302381,359,32,8,29,0.5,2,20,0,8
careful_retain,2026101536,DRAW_HORIZON,3487,78.459048,359,32,7,29,0.5,2,19,0,5
careful_retain,2026101537,DRAW_HORIZON,4528,73.265238,372,23,6,20,0.5,1,14,0,5
careful_retain,2026101538,DRAW_HORIZON,3518,82.789524,368,28,9,24,0.5,2,17,0,5
careful_retain,2026101539,DRAW_HORIZON,2424,74.768095,379,20,6,12,0.5,1,15,0,3
careful_retain,2026101540,DRAW_HORIZON,3316,68.375238,374,24,9,14,0.5,2,21,0,7
careful_retain,2026101541,DRAW_HORIZON,1411,75.665238,364,31,6,23,0.5,1,19,0,5
careful_retain,2026101542,DRAW_HORIZON,2742,75.030952,371,25,5,20,1.0,2,14,0,1
careful_retain,2026101543,DRAW_HORIZON,3072,76.009048,369,29,8,22,0.5,2,17,0,6
careful_retain,2026101544,DRAW_HORIZON,2846,68.70381,380,16,4,16,0.5,4,8,0,4
careful_retain,2026101545,DRAW_HORIZON,2459,85.07,365,30,7,27,0.5,2,15,0,7
careful_retain,2026101546,DRAW_HORIZON,5064,74.942857,375,24,5,12,0.5,1,18,0,1
careful_retain,2026101547,DRAW_HORIZON,476,82.120952,366,25,11,36,0.5,4,9,0,11
careful_retain,2026101548,DRAW_HORIZON,4309,90.419048,358,38,6,27,0.5,2,21,0,5
careful_retain,2026101549,DRAW_HORIZON,35,78.539048,370,21,9,27,0.5,4,12,0,5
careful_retain,2026101550,DRAW_HORIZON,3481,73.588571,377,19,7,15,0.5,2,15,0,6
careful_retain,2026101551,DRAW_HORIZON,2348,75.716667,372,24,5,22,0.5,4,11,0,4
careful_retain,2026101552,DRAW_HORIZON,2100,72.11619,374,23,9,24,0.5,3,11,0,6
careful_retain,2026101553,DRAW_HORIZON,3704,81.042381,369,28,9,24,1.0,2,16,0,6
careful_retain,2026101554,DRAW_HORIZON,5028,75.501429,377,20,6,16,0.5,2,13,0,3
careful_retain,2026101555,DRAW_HORIZON,3841,70.13381,382,16,6,11,0.5,2,13,0,4
careful_retain,2026101556,DRAW_HORIZON,3041,74.499048,370,27,2,17,0.5,1,15,0,3
careful_retain,2026101557,DRAW_HORIZON,713,82.86,360,32,9,35,0.5,3,14,0,9
careful_retain,2026101558,DRAW_HORIZON,2749,73.627619,373,25,10,19,0.5,2,18,0,5
careful_retain,2026101559,DRAW_HORIZON,3245,79.082381,367,30,8,21,0.5,1,20,0,5
careful_retain,2026101560,DRAW_HORIZON,3314,78.877619,356,41,8,32,0.5,1,20,0,2
careful_retain,2026101561,DRAW_HORIZON,2979,74.832857,363,33,7,25,0.5,2,19,0,4
careful_retain,2026101562,DRAW_HORIZON,1204,76.685238,370,26,6,24,0.5,3,12,0,6
careful_retain,2026101563,DRAW_HORIZON,1568,73.608095,370,28,9,22,0.5,3,17,0,2
careful_retain,2026101564,DRAW_HORIZON,898,77.932381,370,27,4,14,0.5,3,20,0,3
careful_retain,2026101565,DRAW_HORIZON,3726,76.574762,367,30,9,22,0.5,1,20,0,7
careful_retain,2026101566,DRAW_HORIZON,1616,75.870952,370,27,9,28,0.5,3,11,0,5
careful_retain,2026101567,DRAW_HORIZON,2950,76.38381,370,24,8,24,1.0,2,14,0,9
careful_retain,2026101568,DRAW_HORIZON,3442,76.479524,369,28,6,18,0.5,1,19,0,4
careful_retain,2026101569,DRAW_HORIZON,377,83.133466,350,41,7,33,0.5,3,24,7,11
careful_retain,2026101570,DRAW_HORIZON,1208,82.925238,370,28,6,18,0.5,3,18,0,3
careful_retain,2026101571,DRAW_HORIZON,2034,74.460952,376,21,6,18,0.5,3,12,0,1
careful_retain,2026101572,DRAW_HORIZON,2837,78.147143,380,18,6,15,0.5,3,11,0,1
careful_retain,2026101573,DRAW_HORIZON,1039,79.03619,372,24,10,25,0.5,3,13,0,5
careful_retain,2026101574,DRAW_HORIZON,176,79.468571,371,24,10,28,1.0,3,11,0,10
careful_retain,2026101575,DRAW_HORIZON,2948,75.386667,368,26,6,22,0.5,2,16,0,5
careful_retain,2026101576,DRAW_HORIZON,4375,72.006667,371,28,4,11,0.5,2,22,0,2
careful_retain,2026101577,DRAW_HORIZON,2305,79.188095,367,31,10,31,0.5,3,12,0,6
careful_retain,2026101578,DRAW_HORIZON,1732,77.109524,361,34,4,28,0.5,1,15,0,5
careful_retain,2026101579,DRAW_HORIZON,1596,82.493333,375,20,8,20,0.5,3,13,0,8
careful_retain,2026101580,DRAW_HORIZON,121,78.649524,367,27,6,27,1.0,3,12,0,3
careful_retain,2026101581,DRAW_HORIZON,2911,73.38381,375,18,8,23,0.5,3,10,0,8
careful_retain,2026101582,DRAW_HORIZON,2531,78.182381,379,19,9,21,0.5,5,9,0,3
careful_retain,2026101583,DRAW_HORIZON,1355,78.920476,364,30,4,25,0.5,3,15,0,8
careful_retain,2026101584,DRAW_HORIZON,3264,70.243333,373,25,8,18,0.5,2,17,0,2
careful_retain,2026101585,DRAW_HORIZON,2666,78.172857,363,35,6,24,0.5,1,19,0,4
careful_retain,2026101586,DRAW_HORIZON,1646,78.758095,375,22,13,22,0.5,3,16,0,9
careful_retain,2026101587,DRAW_HORIZON,2410,76.529048,375,20,7,20,0.5,3,12,0,4
careful_retain,2026101588,DRAW_HORIZON,2489,81.428571,367,26,7,25,1.0,2,15,0,7
careful_retain,2026101589,DRAW_HORIZON,2531,74.23381,373,23,6,17,1.0,3,16,0,5
careful_retain,2026101590,DRAW_HORIZON,3449,78.475238,374,21,8,21,0.5,2,13,0,6
careful_retain,2026101591,DRAW_HORIZON,702,84.409524,367,29,5,26,0.5,3,12,0,4
careful_retain,2026101592,DRAW_HORIZON,1904,72.905238,369,26,7,16,0.5,1,22,0,7
careful_retain,2026101593,DRAW_HORIZON,4702,78.080952,379,18,2,14,0.5,2,9,0,3
careful_retain,2026101594,DRAW_HORIZON,3554,82.24619,371,25,9,24,1.0,2,14,0,3
careful_retain,2026101595,DRAW_HORIZON,2444,78.214762,371,25,7,22,0.5,2,14,0,5
careful_retain,2026101596,DRAW_HORIZON,3297,73.499524,372,25,2,13,0.5,1,17,0,0
careful_retain,2026101597,DRAW_HORIZON,3630,75.490476,373,24,9,22,0.5,2,14,0,3
careful_retain,2026101598,DRAW_HORIZON,3326,72.686667,373,24,8,18,0.5,1,17,0,4
careful_retain,2026101599,DRAW_HORIZON,1925,75.22619,376,23,8,21,1.0,4,11,0,3
careful_retain,2026101600,DRAW_HORIZON,3697,76.79619,375,20,14,29,0.5,2,10,0,6
careful_retain,2026101601,DRAW_HORIZON,2221,80.489048,365,32,6,21,0.5,2,20,0,2
careful_retain,2026101602,DRAW_HORIZON,3510,74.924762,369,27,7,20,0.5,1,18,0,6
careful_retain,2026101603,DRAW_HORIZON,1235,78.93,374,24,7,25,0.5,4,8,0,1
careful_retain,2026101604,DRAW_HORIZON,4117,78.108571,374,24,6,19,0.5,1,13,0,3
careful_retain,2026101605,DRAW_HORIZON,1254,76.116667,368,27,7,26,0.5,3,13,0,8
careful_retain,2026101606,DRAW_HORIZON,2163,80.314762,381,16,12,23,0.5,3,8,0,3
careful_retain,2026101607,DRAW_HORIZON,1688,75.048095,377,21,5,14,0.5,3,14,0,1
careful_retain,2026101608,DRAW_HORIZON,1613,83.657143,365,29,7,31,0.5,3,11,0,9
careful_retain,2026101609,DRAW_HORIZON,3027,79.13619,362,30,7,29,0.5,1,16,0,7
careful_retain,2026101610,DRAW_HORIZON,4194,75.868571,371,26,9,22,0.5,2,16,0,3
careful_retain,2026101611,DRAW_HORIZON,4607,79.518095,376,19,9,19,0.5,2,14,0,6
careful_retain,2026101612,DRAW_HORIZON,2449,78.130952,371,26,6,21,0.5,3,14,0,3
careful_retain,2026101613,DRAW_HORIZON,1189,74.115238,367,30,6,25,0.5,3,14,0,2
careful_retain,2026101614,DRAW_HORIZON,1011,79.010476,366,32,8,21,0.5,2,21,0,4
careful_retain,2026101615,DRAW_HORIZON,2201,75.427143,373,23,6,19,0.5,3,14,0,4
careful_retain,2026101616,DRAW_HORIZON,1786,77.294762,363,33,7,28,0.5,3,16,0,4
careful_retain,2026101617,DRAW_HORIZON,2468,79.275714,378,17,6,20,0.5,4,8,0,8
careful_retain,2026101618,DRAW_HORIZON,1917,75.795238,370,30,7,23,0.5,3,14,0,1
careful_retain,2026101619,DRAW_HORIZON,3358,81.912857,360,38,7,24,0.5,1,23,0,4
careful_retain,2026101620,DRAW_HORIZON,3588,77.203333,367,32,10,24,1.0,2,19,0,1
careful_retain,2026101621,DRAW_HORIZON,4324,75.661429,374,25,6,12,0.5,2,20,0,1
careful_retain,2026101622,DRAW_HORIZON,1855,74.79381,377,20,12,25,1.0,4,10,0,5
careful_retain,2026101623,DRAW_HORIZON,4044,80.907619,373,24,7,16,0.5,1,18,0,4
careful_retain,2026101624,DRAW_HORIZON,831,77.018571,364,28,12,29,0.5,2,19,0,11
careful_retain,2026101625,DRAW_HORIZON,449,80.467619,372,22,8,23,0.5,3,13,0,5
careful_retain,2026101626,DRAW_HORIZON,44,68.75619,380,19,6,16,0.5,5,10,0,1
careful_retain,2026101627,DRAW_HORIZON,3012,74.543333,385,14,7,12,0.5,4,10,0,1
careful_retain,2026101628,DRAW_HORIZON,1587,83.125238,368,27,11,31,0.5,4,12,0,10
careful_retain,2026101629,DRAW_HORIZON,234,80.032381,377,18,7,18,0.5,3,12,0,7
careful_retain,2026101630,DRAW_HORIZON,2532,79.645238,366,28,6,22,0.5,2,18,0,6
careful_retain,2026101631,DRAW_HORIZON,3306,72.72381,376,23,4,10,1.0,1,18,0,1
careful_retain,2026101632,DRAW_HORIZON,3837,74.838095,370,26,7,19,0.5,2,18,0,4
careful_retain,2026101633,DRAW_HORIZON,1292,81.235238,365,28,8,28,0.5,2,15,0,5
careful_retain,2026101634,DRAW_HORIZON,3465,75.453333,375,23,12,19,0.5,2,18,0,7
careful_retain,2026101635,DRAW_HORIZON,2272,75.64381,372,26,10,22,0.5,3,16,0,6
careful_retain,2026101636,DRAW_HORIZON,3474,80.40619,372,27,13,26,1.0,2,15,0,6
careful_retain,2026101637,DRAW_HORIZON,3972,74.066667,373,23,4,18,0.5,2,13,0,5
careful_retain,2026101638,DRAW_HORIZON,1474,81.980952,368,29,13,32,1.0,3,13,0,4
careful_retain,2026101639,DRAW_HORIZON,2238,78.789048,371,25,9,28,0.5,4,10,0,4
careful_retain,2026101640,DRAW_HORIZON,857,81.449048,365,28,7,27,0.5,3,15,0,8
careful_retain,2026101641,DRAW_HORIZON,2616,80.395714,376,22,11,22,1.0,3,13,0,3
careful_retain,2026101642,DRAW_HORIZON,427,79.220476,363,31,7,27,0.5,3,17,0,5
careful_retain,2026101643,DRAW_HORIZON,4536,87.400476,372,22,11,26,0.5,2,13,0,6
careful_retain,2026101644,DRAW_HORIZON,1186,78.586667,371,28,6,18,0.5,3,17,0,4
careful_retain,2026101645,DRAW_HORIZON,1501,73.63381,366,31,8,25,0.5,2,17,0,3
careful_retain,2026101646,DRAW_HORIZON,1219,76.348571,366,29,8,27,1.0,3,15,0,9
careful_retain,2026101647,DRAW_HORIZON,3687,81.422381,366,29,7,23,0.5,1,18,0,3
careful_retain,2026101648,DRAW_HORIZON,2865,76.83619,368,27,4,17,1.0,2,19,0,7
careful_retain,2026101649,DRAW_HORIZON,1208,80.840476,366,26,4,26,0.5,4,12,0,10
careful_retain,2026101650,DRAW_HORIZON,1662,78.218095,368,27,6,22,0.5,2,16,0,6
careful_retain,2026101651,DRAW_HORIZON,1163,81.154762,362,34,10,37,0.5,4,11,0,4
careful_retain,2026101652,DRAW_HORIZON,1906,72.121429,372,23,10,22,0.5,2,16,0,4
careful_retain,2026101653,DRAW_HORIZON,4549,82.844762,380,20,10,19,1.0,2,11,0,2
careful_retain,2026101654,DRAW_HORIZON,3888,74.168095,380,18,9,14,0.5,2,15,0,4
careful_retain,2026101655,DRAW_HORIZON,1554,78.542381,368,31,13,26,0.5,2,19,0,5
careful_retain,2026101656,DRAW_HORIZON,4366,73.121905,374,25,9,18,0.5,2,17,0,3
careful_retain,2026101657,DRAW_HORIZON,3648,75.66,380,16,8,18,0.5,2,10,0,2
careful_retain,2026101658,DRAW_HORIZON,4256,70.864286,377,20,6,12,0.5,1,17,0,4
careful_retain,2026101659,DRAW_HORIZON,1212,81.222857,367,30,8,24,1.0,3,17,0,4
careful_retain,2026101660,DRAW_HORIZON,1383,82.899048,371,25,9,27,0.5,3,11,0,4
careful_retain,2026101661,DRAW_HORIZON,2232,79.533333,369,24,3,20,0.5,4,14,0,7
careful_retain,2026101662,DRAW_HORIZON,3141,79.845714,367,28,5,25,0.5,1,13,0,4
careful_retain,2026101663,DRAW_HORIZON,3297,75.428095,371,25,8,19,0.5,1,18,0,3
careful_retain,2026101664,DRAW_HORIZON,3552,75.402857,369,28,6,20,0.5,1,17,0,4
careful_retain,2026101665,DRAW_HORIZON,1401,77.650952,368,28,7,27,0.5,4,12,0,6
careful_retain,2026101666,DRAW_HORIZON,3061,69.552857,368,25,4,21,0.5,2,15,0,5
careful_retain,2026101667,DRAW_HORIZON,1444,74.755714,370,26,10,26,0.5,2,14,0,4
careful_retain,2026101668,DRAW_HORIZON,1362,74.235238,365,30,6,26,0.5,3,15,0,6
careful_retain,2026101669,DRAW_HORIZON,462,82.314286,360,34,10,32,0.5,2,18,0,5
careful_retain,2026101670,DRAW_HORIZON,2209,70.341429,377,22,8,17,0.5,3,14,0,1
careful_retain,2026101671,DRAW_HORIZON,3986,73.390952,375,23,7,16,0.5,2,16,0,3
careful_retain,2026101672,DRAW_HORIZON,3656,80.53,371,24,7,20,1.0,1,16,0,6
careful_retain,2026101673,DRAW_HORIZON,1941,82.459048,373,26,13,25,1.0,3,15,0,2
careful_retain,2026101674,DRAW_HORIZON,2118,73.500952,382,16,2,8,0.5,3,12,0,1
careful_retain,2026101675,DRAW_HORIZON,4036,74.929524,372,25,9,20,0.5,2,17,0,2
careful_retain,2026101676,DRAW_HORIZON,2944,72.773333,361,34,5,28,0.5,2,16,0,6
careful_retain,2026101677,DRAW_HORIZON,2853,77.641429,366,29,5,21,0.5,1,18,0,6
careful_retain,2026101678,DRAW_HORIZON,2675,74.599048,374,22,6,21,0.5,2,11,0,4
careful_retain,2026101679,DRAW_HORIZON,3926,74.582381,370,27,6,18,0.5,2,18,0,4
careful_retain,2026101680,DRAW_HORIZON,3593,79.774762,368,29,5,17,0.5,1,20,0,1
careful_retain,2026101681,DRAW_HORIZON,2158,76.76619,376,18,6,18,0.5,3,12,0,6
careful_retain,2026101682,DRAW_HORIZON,1722,83.816667,366,29,8,30,0.5,3,12,0,9
careful_retain,2026101683,DRAW_HORIZON,3293,82.487143,373,21,9,23,0.5,2,13,0,9
careful_retain,2026101684,DRAW_HORIZON,2711,80.485714,373,22,10,23,0.5,2,14,0,6
careful_retain,2026101685,DRAW_HORIZON,1574,80.202857,372,27,2,14,0.5,3,16,0,1
careful_retain,2026101686,DRAW_HORIZON,1078,79.559524,364,31,9,26,0.5,3,19,0,5
careful_retain,2026101687,DRAW_HORIZON,1294,78.47619,369,27,6,20,0.5,3,17,0,1
careful_retain,2026101688,DRAW_HORIZON,3816,77.642857,367,30,9,24,0.5,2,18,0,3
careful_retain,2026101689,DRAW_HORIZON,1635,73.021429,360,35,4,19,0.5,1,25,0,3
careful_retain,2026101690,DRAW_HORIZON,1728,77.158095,373,25,6,18,0.5,3,15,0,3
careful_retain,2026101691,DRAW_HORIZON,1166,77.903333,368,27,15,30,1.0,3,17,0,5
careful_retain,2026101692,DRAW_HORIZON,3199,74.808571,384,14,8,17,0.5,4,7,0,3
careful_retain,2026101693,DRAW_HORIZON,4133,76.747619,367,29,6,23,0.5,2,16,0,7
careful_retain,2026101694,DRAW_HORIZON,1307,78.732857,363,30,7,23,0.5,2,21,0,10
careful_retain,2026101695,DRAW_HORIZON,896,72.824286,367,29,8,26,0.5,3,15,0,6
careful_retain,2026101696,DRAW_HORIZON,3631,83.040476,372,24,14,25,0.5,1,17,0,7
careful_retain,2026101697,DRAW_HORIZON,3900,83.919048,365,29,4,22,0.5,2,17,0,3
careful_retain,2026101698,DRAW_HORIZON,814,77.998571,363,28,8,26,0.5,3,19,0,7
careful_retain,2026101699,DRAW_HORIZON,1974,77.640476,372,25,8,22,0.5,3,14,0,1
careful_retain,2026101700,DRAW_HORIZON,4156,80.668571,368,31,7,24,0.5,2,15,0,2
careful_retain,2026101701,DRAW_HORIZON,3512,75.179524,374,24,8,18,0.5,2,16,0,4
careful_retain,2026101702,DRAW_HORIZON,841,75.482857,366,29,8,29,0.5,2,13,0,8
careful_retain,2026101703,DRAW_HORIZON,3079,76.299524,366,28,7,25,0.5,2,16,0,3
careful_retain,2026101704,DRAW_HORIZON,4644,68.80381,374,25,4,12,0.5,1,18,0,2
careful_retain,2026101705,DRAW_HORIZON,1528,75.08,373,22,5,20,0.5,3,12,0,6
careful_retain,2026101706,DRAW_HORIZON,1494,78.275714,369,25,7,22,0.5,3,16,0,8
careful_retain,2026101707,DRAW_HORIZON,2255,79.734286,374,23,7,23,0.5,3,10,0,6
careful_retain,2026101708,DRAW_HORIZON,801,75.36619,364,31,9,25,0.5,2,20,0,8
careful_retain,2026101709,DRAW_HORIZON,1109,83.032381,365,28,11,33,0.5,2,13,0,7
careful_retain,2026101710,DRAW_HORIZON,814,80.694286,361,36,11,32,0.5,3,18,0,4
careful_retain,2026101711,DRAW_HORIZON,2732,71.922857,371,26,5,16,0.5,1,18,0,3
careful_retain,2026101712,DRAW_HORIZON,4138,84.161905,372,24,9,24,0.5,2,13,0,10
careful_retain,2026101713,DRAW_HORIZON,4121,83.91619,377,20,8,17,0.5,2,14,0,2
careful_retain,2026101714,DRAW_HORIZON,2324,74.325238,370,26,7,22,0.5,2,15,0,6
careful_retain,2026101715,DRAW_HORIZON,3705,80.726667,369,26,10,25,1.0,2,16,0,5
careful_retain,2026101716,DRAW_HORIZON,1040,79.56619,364,29,10,28,0.5,1,18,0,7
careful_retain,2026101717,DRAW_HORIZON,1254,81.054286,373,23,14,30,0.5,4,11,0,9
careful_retain,2026101718,DRAW_HORIZON,2569,73.560952,378,18,6,17,0.5,3,11,0,4
careful_retain,2026101719,DRAW_HORIZON,2123,75.341905,373,24,10,27,0.5,3,10,0,3
careful_retain,2026101720,DRAW_HORIZON,3839,74.150952,366,30,7,25,0.5,1,16,0,7
careful_retain,2026101721,DRAW_HORIZON,2377,74.950952,374,20,5,21,0.5,3,10,0,7
careful_retain,2026101722,DRAW_HORIZON,980,86.436667,363,29,14,34,0.5,1,17,0,12
careful_retain,2026101723,DRAW_HORIZON,243,78.560476,376,19,9,23,0.5,4,10,0,5
careful_retain,2026101724,DRAW_HORIZON,2039,78.434286,366,27,9,27,0.5,3,16,0,3
careful_retain,2026101725,DRAW_HORIZON,2833,73.710952,366,32,6,19,0.5,2,21,0,4
careful_retain,2026101726,DRAW_HORIZON,1921,78.052857,370,24,9,23,1.0,2,16,0,4
careful_retain,2026101727,DRAW_HORIZON,3243,73.665238,371,26,6,19,1.0,1,16,0,4
careful_retain,2026101728,DRAW_HORIZON,3980,77.897619,373,25,13,22,2.0,2,18,0,5
careful_retain,2026101729,DRAW_HORIZON,137,74.765238,378,19,5,17,0.5,4,10,0,1
careful_retain,2026101730,DRAW_HORIZON,3090,76.715714,381,17,9,20,1.0,4,8,0,5
careful_retain,2026101731,DRAW_HORIZON,2998,79.615238,363,30,7,26,1.0,2,18,0,10
careful_retain,2026101732,DRAW_HORIZON,3428,83.470952,367,28,8,24,0.5,2,17,0,5
careful_retain,2026101733,DRAW_HORIZON,1914,79.171429,373,22,6,26,0.5,5,7,0,5
careful_retain,2026101734,DRAW_HORIZON,1474,78.307619,364,32,13,32,1.0,2,17,0,6
careful_retain,2026101735,DRAW_HORIZON,907,82.39619,363,33,8,21,1.0,3,24,0,5
careful_retain,2026101736,DRAW_HORIZON,2627,78.238571,363,33,8,25,0.5,2,20,0,2
careful_retain,2026101737,DRAW_HORIZON,508,83.323333,363,30,9,30,0.5,3,16,0,7
careful_retain,2026101738,DRAW_HORIZON,2772,76.500476,363,32,7,28,0.5,2,16,0,6
careful_retain,2026101739,DRAW_HORIZON,879,91.96381,365,26,10,35,0.5,3,10,0,7
careful_retain,2026101740,DRAW_HORIZON,3153,83.492381,365,33,8,23,0.5,1,20,0,4
careful_retain,2026101741,DRAW_HORIZON,1616,75.937619,369,29,7,26,0.5,4,12,0,1
careful_retain,2026101742,DRAW_HORIZON,2559,77.864286,364,32,6,25,0.5,1,17,0,5
careful_retain,2026101743,DRAW_HORIZON,729,74.811905,362,32,10,31,0.5,2,17,0,8
careful_retain,2026101744,DRAW_HORIZON,1567,74.111905,369,27,7,21,0.5,2,17,0,4
careful_retain,2026101745,DRAW_HORIZON,3507,78.06619,369,31,6,21,0.5,1,16,0,2
careful_retain,2026101746,DRAW_HORIZON,1872,76.911905,372,23,10,24,0.5,2,14,0,5
careful_retain,2026101747,DRAW_HORIZON,1692,84.31,370,28,11,26,0.5,3,15,0,4
careful_retain,2026101748,DRAW_HORIZON,1394,83.757619,371,25,13,30,0.5,3,12,0,8
careful_retain,2026101749,DRAW_HORIZON,1522,75.864286,367,30,5,22,0.5,3,16,0,3
careful_retain,2026101750,DRAW_HORIZON,1998,79.470476,372,23,10,26,0.5,3,12,0,8
careful_retain,2026101751,DRAW_HORIZON,3622,77.466667,367,29,9,24,0.5,2,18,0,5
careful_retain,2026101752,DRAW_HORIZON,1366,79.671905,363,26,7,26,0.5,1,18,0,14
careful_retain,2026101753,DRAW_HORIZON,4352,80.909524,379,18,11,20,1.0,2,12,0,6
careful_retain,2026101754,DRAW_HORIZON,2922,76.072381,370,29,6,22,0.5,2,14,0,1
careful_retain,2026101755,DRAW_HORIZON,3407,70.508571,370,29,7,19,1.0,1,18,0,2
careful_retain,2026101756,DRAW_HORIZON,2046,75.352381,371,26,5,18,0.5,3,16,0,2
careful_retain,2026101757,DRAW_HORIZON,4826,88.064762,372,23,10,26,0.5,2,12,0,8
careful_retain,2026101758,DRAW_HORIZON,1261,76.749048,371,23,7,25,0.5,3,11,0,10
careful_retain,2026101759,DRAW_HORIZON,3199,79.859524,362,34,5,25,0.5,2,18,0,2
careful_retain,2026101760,DRAW_HORIZON,1552,76.658095,375,23,12,26,1.0,4,11,0,5
careful_retain,2026101761,DRAW_HORIZON,3668,77.378571,368,26,10,26,0.5,1,16,0,9
careful_retain,2026101762,DRAW_HORIZON,271,78.451429,373,26,6,19,0.5,1,14,0,2
careful_retain,2026101763,DRAW_HORIZON,430,78.48,362,34,7,32,0.5,3,13,0,2
careful_retain,2026101764,DRAW_HORIZON,4109,78.83381,366,30,6,23,0.5,1,17,0,5
careful_retain,2026101765,DRAW_HORIZON,329,78.714762,362,33,6,29,0.5,3,15,0,7
careful_retain,2026101766,DRAW_HORIZON,2413,76.988095,377,19,9,21,0.5,4,11,0,4
careful_retain,2026101767,DRAW_HORIZON,74,76.274762,370,24,9,28,0.5,4,11,0,5
careful_retain,2026101768,DRAW_HORIZON,1811,78.335238,367,32,8,23,0.5,3,18,0,5
careful_retain,2026101769,DRAW_HORIZON,710,76.57,368,30,13,28,0.5,3,17,0,5
careful_retain,2026101770,DRAW_HORIZON,1431,79.561905,364,32,8,21,1.0,1,23,0,5
careful_retain,2026101771,DRAW_HORIZON,1794,81.17619,373,21,13,24,1.0,2,16,0,8
careful_retain,2026101772,DRAW_HORIZON,3426,78.712857,369,28,9,22,0.5,1,18,0,6
careful_retain,2026101773,DRAW_HORIZON,976,79.934286,361,35,13,34,0.5,3,18,0,9
careful_retain,2026101774,DRAW_HORIZON,2110,81.462857,369,26,13,26,1.0,3,18,0,11
careful_retain,2026101775,DRAW_HORIZON,1632,76.868571,370,29,9,24,0.5,3,15,0,3
careful_retain,2026101776,DRAW_HORIZON,4377,72.559524,380,19,10,17,0.5,2,13,0,4
careful_retain,2026101777,DRAW_HORIZON,4536,79.116667,384,14,7,14,0.5,4,9,0,3
careful_retain,2026101778,DRAW_HORIZON,4382,74.48619,372,22,4,20,0.5,2,12,0,6
careful_retain,2026101779,DRAW_HORIZON,2952,76.461429,370,28,8,18,0.5,2,20,0,2
careful_retain,2026101780,DRAW_HORIZON,2329,72.957619,373,21,4,19,0.5,3,12,0,2
careful_retain,2026101781,DRAW_HORIZON,2964,75.63,376,24,6,18,1.0,3,12,0,3
careful_retain,2026101782,DRAW_HORIZON,3064,76.904286,359,38,7,28,0.5,2,20,0,4
careful_retain,2026101783,DRAW_HORIZON,2714,75.483333,371,28,7,18,0.5,2,18,0,1
careful_retain,2026101784,DRAW_HORIZON,3042,76.529524,380,18,6,16,0.5,3,10,0,5
careful_retain,2026101785,DRAW_HORIZON,394,82.310952,369,24,13,30,0.5,2,14,0,12
careful_retain,2026101786,DRAW_HORIZON,4224,82.075238,369,26,6,20,0.5,1,17,0,5
careful_retain,2026101787,DRAW_HORIZON,2597,79.4,370,26,10,23,1.0,2,17,0,5
careful_retain,2026101788,DRAW_HORIZON,2117,75.821429,373,24,7,21,0.5,3,13,0,6
careful_retain,2026101789,DRAW_HORIZON,2255,79.717619,379,19,10,17,0.5,3,14,0,3
careful_retain,2026101790,DRAW_HORIZON,3047,75.202857,359,34,2,21,0.5,2,22,0,8
careful_retain,2026101791,DRAW_HORIZON,1131,75.400952,381,19,9,17,0.5,3,11,0,3
careful_retain,2026101792,DRAW_HORIZON,911,75.590952,374,23,9,19,0.5,3,16,0,5
careful_retain,2026101793,DRAW_HORIZON,788,78.289524,372,25,11,24,0.5,3,15,0,5
careful_retain,2026101794,DRAW_HORIZON,2514,83.05381,371,25,10,28,1.0,4,11,0,4
careful_retain,2026101795,DRAW_HORIZON,1330,76.23619,361,31,9,32,1.0,1,16,0,7
careful_retain,2026101796,DRAW_HORIZON,187,74.48,371,24,5,19,0.5,3,15,0,2
careful_retain,2026101797,DRAW_HORIZON,5330,77.392381,371,27,4,16,0.5,2,17,0,2
careful_retain,2026101798,DRAW_HORIZON,2944,78.627143,370,24,10,26,0.5,3,14,0,8
careful_retain,2026101799,DRAW_HORIZON,1552,80.441429,368,26,7,26,0.5,3,13,0,6
careful_retain,2026101800,DRAW_HORIZON,1846,72.700952,371,22,5,22,1.0,3,12,0,7
careful_retain,2026101801,DRAW_HORIZON,2878,81.181905,370,28,6,20,0.5,2,16,0,3
careful_retain,2026101802,DRAW_HORIZON,3336,77.860476,369,27,13,26,0.5,2,18,0,6
careful_retain,2026101803,DRAW_HORIZON,1837,80.723333,369,26,10,29,0.5,3,12,0,9
careful_retain,2026101804,DRAW_HORIZON,3522,83.620476,370,25,7,22,0.5,2,15,0,3
careful_retain,2026101805,DRAW_HORIZON,2098,73.449048,372,25,8,18,0.5,2,18,0,7
careful_retain,2026101806,DRAW_HORIZON,2326,82.435714,368,26,11,24,0.5,1,19,0,6
careful_retain,2026101807,DRAW_HORIZON,3932,80.81,373,25,11,22,1.0,1,16,0,5
careful_retain,2026101808,DRAW_HORIZON,2969,78.343333,376,22,8,19,0.5,3,13,0,3
careful_retain,2026101809,DRAW_HORIZON,3862,86.020952,370,28,11,24,0.5,2,17,0,7
careful_retain,2026101810,DRAW_HORIZON,2429,74.195714,379,17,7,17,0.5,3,11,0,3
careful_retain,2026101811,DRAW_HORIZON,3582,79.017619,368,27,5,22,1.0,1,15,0,7
careful_retain,2026101812,DRAW_HORIZON,2710,73.235238,368,30,4,16,0.5,2,20,0,4
careful_retain,2026101813,DRAW_HORIZON,4962,78.437619,377,18,11,22,0.5,2,12,0,8
careful_retain,2026101814,DRAW_HORIZON,4275,74.744762,373,25,7,17,0.5,2,17,0,4
careful_retain,2026101815,DRAW_HORIZON,1101,79.965714,366,29,11,25,1.0,2,20,0,4
careful_retain,2026101816,DRAW_HORIZON,1415,79.194286,365,31,6,29,0.5,3,12,0,5
careful_retain,2026101817,DRAW_HORIZON,1199,79.184762,378,20,10,21,1.0,3,11,0,8
careful_retain,2026101818,DRAW_HORIZON,826,82.49,361,32,10,38,0.5,5,11,0,6
careful_retain,2026101819,DRAW_HORIZON,2853,76.951905,378,20,11,19,1.0,2,14,0,4
careful_retain,2026101820,DRAW_HORIZON,1731,77.266667,371,28,11,23,0.5,3,17,0,4
careful_retain,2026101821,DRAW_HORIZON,1989,81.272381,375,24,15,25,1.0,3,15,0,5
careful_retain,2026101822,DRAW_HORIZON,1521,76.592857,368,27,10,21,0.5,1,21,0,9
careful_retain,2026101823,DRAW_HORIZON,2558,74.501905,365,31,6,24,1.0,2,17,0,3
careful_retain,2026101824,DRAW_HORIZON,1176,78.28619,369,25,10,26,0.5,3,15,0,8
careful_retain,2026101825,DRAW_HORIZON,3865,75.02,369,27,3,15,0.5,2,19,0,1
careful_retain,2026101826,DRAW_HORIZON,1645,78.445714,368,26,9,27,0.5,3,14,0,8
careful_retain,2026101827,DRAW_HORIZON,1184,76.120952,368,25,8,22,0.5,3,18,0,5
careful_retain,2026101828,DRAW_HORIZON,4570,82.699524,371,26,5,18,0.5,2,16,0,8
careful_retain,2026101829,DRAW_HORIZON,2122,82.611429,371,25,10,28,0.5,4,11,0,6
careful_retain,2026101830,DRAW_HORIZON,3085,79.53381,378,21,7,17,0.5,3,12,0,1
careful_retain,2026101831,DRAW_HORIZON,2096,79.873333,374,22,9,22,1.0,3,13,0,4
careful_retain,2026101832,DRAW_HORIZON,1226,79.098095,366,27,9,30,0.5,3,13,0,11
careful_retain,2026101833,DRAW_HORIZON,1593,86.229048,369,25,7,23,0.5,2,15,0,7
careful_retain,2026101834,DRAW_HORIZON,2091,78.157143,378,21,8,15,1.0,4,15,0,2
careful_retain,2026101835,DRAW_HORIZON,1563,81.871429,370,26,8,29,0.5,4,9,0,6
careful_retain,2026101836,DRAW_HORIZON,2935,77.31619,367,28,5,19,0.5,2,19,0,4
careful_retain,2026101837,DRAW_HORIZON,2511,75.819048,375,24,8,19,0.5,4,14,0,3
careful_retain,2026101838,DRAW_HORIZON,2396,72.739048,375,21,4,14,0.5,2,15,0,3
careful_retain,2026101839,DRAW_HORIZON,2479,79.348571,375,22,7,23,0.5,5,9,0,7
careful_retain,2026101840,DRAW_HORIZON,2307,74.232857,372,25,6,23,0.5,4,11,0,1
careful_retain,2026101841,DRAW_HORIZON,4547,84.138095,373,27,8,21,0.5,4,14,0,0
careful_retain,2026101842,DRAW_HORIZON,2404,73.318095,372,28,6,22,0.5,3,12,0,3
careful_retain,2026101843,DRAW_HORIZON,576,75.704762,366,29,6,20,0.5,1,20,0,4
careful_retain,2026101844,DRAW_HORIZON,1969,82.908095,363,29,6,31,0.5,4,12,0,9
careful_retain,2026101845,DRAW_HORIZON,2947,80.809524,371,26,11,27,0.5,2,13,0,5
careful_retain,2026101846,DRAW_HORIZON,2301,80.442857,371,26,7,25,1.0,3,11,0,4
careful_retain,2026101847,DRAW_HORIZON,3886,73.631429,376,22,5,16,0.5,1,13,0,4
careful_retain,2026101848,DRAW_HORIZON,4249,75.403333,376,21,6,17,0.5,2,13,0,3
careful_retain,2026101849,DRAW_HORIZON,1703,80.404286,368,25,7,27,0.5,4,12,0,5
careful_retain,2026101850,DRAW_HORIZON,1758,81.561429,371,26,8,22,0.5,3,15,0,3
careful_retain,2026101851,DRAW_HORIZON,1663,77.701905,374,25,7,19,1.0,3,14,0,3
careful_retain,2026101852,DRAW_HORIZON,2816,76.242857,367,32,4,20,0.5,1,17,0,2
careful_retain,2026101853,DRAW_HORIZON,2518,76.444762,374,23,9,22,1.0,3,13,0,4
careful_retain,2026101854,DRAW_HORIZON,326,79.529524,379,19,7,16,0.5,2,12,0,5
careful_retain,2026101855,DRAW_HORIZON,3274,75.586667,369,30,9,22,0.5,2,18,0,5
careful_retain,2026101856,DRAW_HORIZON,4220,80.145238,374,24,10,18,1.0,2,18,0,5
careful_retain,2026101857,DRAW_HORIZON,4447,76.841905,371,29,6,21,0.5,2,14,0,0
careful_retain,2026101858,DRAW_HORIZON,4229,74.33,373,25,4,15,0.5,1,16,0,4
careful_retain,2026101859,DRAW_HORIZON,2077,81.169524,367,28,7,21,0.5,3,19,0,4
careful_retain,2026101860,DRAW_HORIZON,3081,79.980476,380,18,7,15,0.5,3,12,0,3
careful_retain,2026101861,DRAW_HORIZON,1142,76.342381,368,26,9,26,0.5,4,15,0,9
careful_retain,2026101862,DRAW_HORIZON,2698,73.319524,371,24,2,14,0.5,1,17,0,4
careful_retain,2026101863,DRAW_HORIZON,1687,74.210476,372,25,5,15,0.5,2,18,0,6
careful_retain,2026101864,DRAW_HORIZON,1733,75.209524,367,27,10,27,0.5,2,16,0,6
careful_retain,2026101865,DRAW_HORIZON,2077,75.708095,370,28,12,27,1.0,2,15,0,5
careful_retain,2026101866,DRAW_HORIZON,18,80.78381,379,17,12,20,0.5,3,13,0,8
careful_retain,2026101867,DRAW_HORIZON,1261,80.069048,365,31,2,23,0.5,3,14,0,2
careful_retain,2026101868,DRAW_HORIZON,3553,76.803333,370,27,10,21,0.5,1,19,0,3
careful_retain,2026101869,DRAW_HORIZON,2384,82.39,376,20,13,26,0.5,2,11,0,9
careful_retain,2026101870,DRAW_HORIZON,3453,74.339524,372,26,6,19,0.5,2,15,0,4
careful_retain,2026101871,DRAW_HORIZON,2846,71.908095,378,21,7,18,0.5,2,11,0,2
careful_retain,2026101872,DRAW_HORIZON,4193,77.724762,376,20,7,15,1.0,2,16,0,2
careful_retain,2026101873,DRAW_HORIZON,761,77.530952,378,20,4,15,0.5,3,11,0,4
careful_retain,2026101874,DRAW_HORIZON,769,80.000476,364,28,9,31,0.5,2,14,0,7
careful_retain,2026101875,DRAW_HORIZON,749,73.268571,362,31,8,29,0.5,1,17,0,10
careful_retain,2026101876,DRAW_HORIZON,3661,76.614762,357,38,5,27,0.5,1,21,0,3
careful_retain,2026101877,DRAW_HORIZON,22,78.730476,370,28,8,24,0.5,3,14,0,4
careful_retain,2026101878,DRAW_HORIZON,1197,73.444286,366,28,7,31,0.5,3,10,0,4
careful_retain,2026101879,DRAW_HORIZON,1136,78.852857,358,40,10,34,0.5,3,18,0,5
careful_retain,2026101880,DRAW_HORIZON,1706,74.520476,371,27,14,28,0.5,3,15,0,6
careful_retain,2026101881,DRAW_HORIZON,5566,78.265238,381,18,7,10,1.0,2,16,0,3
careful_retain,2026101882,DRAW_HORIZON,4922,76.959048,377,21,7,16,0.5,1,14,0,5
careful_retain,2026101883,DRAW_HORIZON,827,74.858095,369,25,6,21,0.5,2,16,0,4
careful_retain,2026101884,DRAW_HORIZON,744,71.7,371,27,4,22,0.5,4,11,0,2
careful_retain,2026101885,DRAW_HORIZON,1559,79.277619,370,27,3,15,0.5,1,18,0,3
careful_retain,2026101886,DRAW_HORIZON,4019,73.473333,374,19,4,15,0.5,2,15,0,7
careful_retain,2026101887,DRAW_HORIZON,2505,84.581905,365,28,14,33,1.0,3,16,0,10
careful_retain,2026101888,DRAW_HORIZON,1528,76.127619,371,26,9,24,0.5,3,14,0,3
careful_retain,2026101889,DRAW_HORIZON,315,74.040952,362,35,9,27,0.5,1,20,0,6
careful_retain,2026101890,DRAW_HORIZON,3485,75.644286,370,25,8,21,0.5,2,17,0,4
careful_retain,2026101891,DRAW_HORIZON,3246,74.200952,374,22,7,20,0.5,2,13,0,5
careful_retain,2026101892,DRAW_HORIZON,1388,83.193333,371,25,10,26,0.5,2,13,0,7
careful_retain,2026101893,DRAW_HORIZON,4230,85.224762,369,24,6,22,0.5,2,15,0,8
careful_retain,2026101894,DRAW_HORIZON,3289,75.831905,367,32,8,21,0.5,1,20,0,4
careful_retain,2026101895,DRAW_HORIZON,2736,75.797143,375,22,9,16,0.5,2,18,0,3
careful_retain,2026101896,DRAW_HORIZON,1334,72.061429,370,25,6,22,0.5,3,14,0,7
careful_retain,2026101897,DRAW_HORIZON,1515,80.803333,364,33,7,27,0.5,3,16,0,3
careful_retain,2026101898,DRAW_HORIZON,2725,81.850476,369,25,8,23,0.5,2,16,0,4
careful_retain,2026101899,DRAW_HORIZON,1495,78.138571,371,26,11,27,0.5,3,13,0,6
careful_retain,2026101900,DRAW_HORIZON,2957,73.087143,367,29,9,27,0.5,1,15,0,7
careful_retain,2026101901,DRAW_HORIZON,3834,80.392857,366,31,8,26,0.5,2,16,0,4
careful_retain,2026101902,DRAW_HORIZON,3129,81.617143,366,30,8,23,0.5,2,19,0,1
careful_retain,2026101903,DRAW_HORIZON,1333,77.438095,364,29,4,21,0.5,2,19,0,7
careful_retain,2026101904,DRAW_HORIZON,2739,77.560476,374,23,9,23,0.5,2,12,0,7
careful_retain,2026101905,DRAW_HORIZON,3324,75.020476,375,22,5,16,0.5,3,14,0,1
careful_retain,2026101906,DRAW_HORIZON,1311,74.461429,371,24,9,27,0.5,3,11,0,4
careful_retain,2026101907,DRAW_HORIZON,4216,75.679524,376,22,6,18,0.5,2,12,0,5
careful_retain,2026101908,DRAW_HORIZON,3937,76.213333,375,24,9,13,1.0,1,21,0,8
careful_retain,2026101909,DRAW_HORIZON,2497,78.098571,376,21,8,21,0.5,3,11,0,5
careful_retain,2026101910,DRAW_HORIZON,3968,81.197619,373,20,12,24,0.5,2,15,0,8
careful_retain,2026101911,DRAW_HORIZON,4215,74.902857,366,31,3,19,0.5,2,18,0,2
careful_retain,2026101912,DRAW_HORIZON,4151,77.316667,375,23,9,17,1.0,2,17,0,5
careful_retain,2026101913,DRAW_HORIZON,5017,74.110476,373,25,4,11,0.5,1,20,0,3
careful_retain,2026101914,DRAW_HORIZON,2190,72.567619,376,21,7,18,0.5,4,13,0,4
careful_retain,2026101915,DRAW_HORIZON,2006,80.20619,372,23,9,22,0.5,2,15,0,6
careful_retain,2026101916,DRAW_HORIZON,5235,79.37,375,24,10,19,1.0,2,16,0,3
careful_retain,2026101917,DRAW_HORIZON,1342,81.922857,372,25,8,22,0.5,3,14,0,6
careful_retain,2026101918,DRAW_HORIZON,2487,76.881905,379,19,9,19,1.0,3,11,0,6
careful_retain,2026101919,DRAW_HORIZON,1014,71.301905,370,25,7,22,0.5,2,15,0,7
careful_retain,2026101920,DRAW_HORIZON,656,70.899524,366,32,5,18,0.5,3,21,0,1
careful_retain,2026101921,DRAW_HORIZON,2016,81.718095,364,30,14,34,0.5,4,16,0,7
careful_retain,2026101922,DRAW_HORIZON,3954,69.91,372,25,4,18,0.5,2,14,0,3
careful_retain,2026101923,DRAW_HORIZON,2852,72.755238,383,14,7,16,0.5,3,8,0,3
careful_retain,2026101924,DRAW_HORIZON,3105,82.811905,363,33,11,31,1.0,1,17,0,4
careful_retain,2026101925,DRAW_HORIZON,1959,75.474762,363,33,10,25,0.5,2,22,0,5
careful_retain,2026101926,DRAW_HORIZON,2506,78.77619,369,25,4,20,1.0,3,15,0,6
careful_retain,2026101927,DRAW_HORIZON,669,79.077143,363,31,6,23,0.5,2,20,0,5
careful_retain,2026101928,DRAW_HORIZON,3746,80.668095,370,27,9,22,0.5,2,17,0,4
careful_retain,2026101929,DRAW_HORIZON,4590,81.134762,376,21,14,26,0.5,1,12,0,7
careful_retain,2026101930,DRAW_HORIZON,5198,73.67381,378,20,0,8,0.5,2,14,0,1
careful_retain,2026101931,DRAW_HORIZON,3689,77.484762,375,23,5,15,0.5,1,15,0,2
careful_retain,2026101932,DRAW_HORIZON,1842,77.042857,374,23,7,18,0.5,3,15,0,3
careful_retain,2026101933,DRAW_HORIZON,3026,75.684286,368,25,8,22,0.5,2,18,0,6
careful_retain,2026101934,DRAW_HORIZON,2177,71.029048,376,22,4,13,0.5,3,15,0,3
careful_retain,2026101935,DRAW_HORIZON,1056,77.522857,364,32,7,26,0.5,2,17,0,5
careful_retain,2026101936,DRAW_HORIZON,2216,73.862857,375,23,8,22,1.0,3,11,0,2
careful_retain,2026101937,DRAW_HORIZON,1862,76.069048,376,22,10,22,0.5,4,12,0,5
careful_retain,2026101938,DRAW_HORIZON,2897,72.399524,356,42,6,27,0.5,3,23,0,4
careful_retain,2026101939,DRAW_HORIZON,5147,71.23619,380,18,6,13,0.5,1,13,0,4
careful_retain,2026101940,DRAW_HORIZON,1805,76.831905,370,24,4,19,0.5,3,15,0,5
careful_retain,2026101941,DRAW_HORIZON,1777,74.141905,372,24,7,23,0.5,3,12,0,4
careful_retain,2026101942,DRAW_HORIZON,386,80.040952,360,34,8,28,0.5,2,20,0,8
careful_retain,2026101943,DRAW_HORIZON,1879,77.396667,367,27,8,25,0.5,2,16,0,10
careful_retain,2026101944,DRAW_HORIZON,3887,78.4,359,35,6,33,0.5,2,14,0,4
careful_retain,2026101945,DRAW_HORIZON,2750,75.987143,369,27,7,24,0.5,2,14,0,2
careful_retain,2026101946,DRAW_HORIZON,4318,78.629048,378,20,10,16,1.0,2,16,0,2
careful_retain,2026101947,DRAW_HORIZON,2676,78.699048,374,20,4,18,0.5,3,12,0,7
careful_retain,2026101948,DRAW_HORIZON,2998,85.570476,365,31,8,24,0.5,1,19,0,8
careful_retain,2026101949,DRAW_HORIZON,3389,75.120952,370,29,9,21,0.5,2,18,0,2
careful_retain,2026101950,DRAW_HORIZON,1132,78.005714,370,28,7,22,0.5,3,15,0,4
careful_retain,2026101951,DRAW_HORIZON,2216,74.935238,367,30,2,16,0.5,3,19,0,3
careful_retain,2026101952,DRAW_HORIZON,2041,81.369048,367,28,8,25,0.5,3,16,0,5
careful_retain,2026101953,DRAW_HORIZON,1337,75.395238,369,27,4,19,0.5,3,16,0,4
careful_retain,2026101954,DRAW_HORIZON,3748,77.652857,373,23,8,22,1.0,2,13,0,6
careful_retain,2026101955,DRAW_HORIZON,3865,79.007143,370,25,12,25,0.5,2,17,0,5
careful_retain,2026101956,DRAW_HORIZON,695,75.14619,365,25,3,21,0.5,3,17,0,10
careful_retain,2026101957,DRAW_HORIZON,2884,75.583333,373,25,6,18,0.5,3,15,0,4
careful_retain,2026101958,DRAW_HORIZON,1694,75.26381,375,22,8,22,0.5,3,11,0,3
careful_retain,2026101959,DRAW_HORIZON,3854,79.212857,369,27,12,28,1.0,1,15,0,5
careful_retain,2026101960,DRAW_HORIZON,2467,79.92381,376,21,6,19,0.5,3,11,0,5
careful_retain,2026101961,DRAW_HORIZON,2911,76.353333,374,23,7,19,0.5,4,14,0,3
careful_retain,2026101962,DRAW_HORIZON,3086,73.89,369,26,9,22,0.5,2,18,0,6
careful_retain,2026101963,DRAW_HORIZON,1191,79.528571,366,30,9,25,0.5,1,18,0,9
careful_retain,2026101964,DRAW_HORIZON,3562,78.052857,367,29,6,24,0.5,1,15,0,1
careful_retain,2026101965,DRAW_HORIZON,2034,84.180952,372,25,13,26,0.5,3,15,0,5
careful_retain,2026101966,DRAW_HORIZON,1769,77.677143,371,26,11,25,0.5,3,15,0,5
careful_retain,2026101967,DRAW_HORIZON,2414,81.608571,369,25,12,28,1.0,2,15,0,9
careful_retain,2026101968,DRAW_HORIZON,2173,80.131429,376,17,10,21,0.5,2,13,0,9
careful_retain,2026101969,DRAW_HORIZON,2122,72.358095,373,25,11,24,1.0,3,14,0,4
careful_retain,2026101970,DRAW_HORIZON,4102,79.389048,371,25,6,20,0.5,2,15,0,5
careful_retain,2026101971,DRAW_HORIZON,3386,78.541905,368,30,9,24,0.5,1,17,0,4
careful_retain,2026101972,DRAW_HORIZON,2427,75.748571,361,35,6,25,0.5,2,20,0,5
careful_retain,2026101973,DRAW_HORIZON,874,73.307619,363,34,8,28,0.5,3,17,0,4
careful_retain,2026101974,DRAW_HORIZON,2298,78.170785,367,31,8,24,0.5,3,17,1,2
careful_retain,2026101975,DRAW_HORIZON,3921,78.04381,373,26,9,17,1.0,2,19,0,0
careful_retain,2026101976,DRAW_HORIZON,2977,76.451429,367,28,6,21,1.0,2,18,0,4
careful_retain,2026101977,DRAW_HORIZON,325,82.153333,360,35,8,35,1.0,4,13,0,8
careful_retain,2026101978,DRAW_HORIZON,1149,78.407619,369,24,5,21,0.5,2,15,0,4
careful_retain,2026101979,DRAW_HORIZON,3544,71.659538,377,20,12,20,0.5,2,15,1,5
careful_retain,2026101980,DRAW_HORIZON,1675,71.992857,370,26,5,17,0.5,1,18,0,4
careful_retain,2026101981,DRAW_HORIZON,226,77.782381,362,30,10,28,0.5,1,20,0,11
careful_retain,2026101982,DRAW_HORIZON,1882,77.042857,373,23,10,20,0.5,2,17,0,4
careful_retain,2026101983,DRAW_HORIZON,4317,75.886667,375,22,8,17,0.5,2,16,0,5
careful_retain,2026101984,DRAW_HORIZON,2930,70.337143,374,26,7,16,0.5,2,17,0,1
careful_retain,2026101985,DRAW_HORIZON,4006,75.457619,379,19,3,12,0.5,2,12,0,4
careful_retain,2026101986,DRAW_HORIZON,2104,75.29619,372,26,7,22,0.5,3,13,0,2
careful_retain,2026101987,DRAW_HORIZON,2258,72.859524,376,20,4,16,0.5,4,12,0,3
careful_retain,2026101988,DRAW_HORIZON,279,79.581905,360,36,11,33,0.5,2,18,0,4
careful_retain,2026101989,DRAW_HORIZON,4614,78.279524,374,24,8,20,0.5,2,14,0,3
careful_retain,2026101990,DRAW_HORIZON,990,79.356667,371,25,5,20,0.5,3,14,0,2
careful_retain,2026101991,DRAW_HORIZON,3305,82.210952,378,18,10,23,2.0,4,9,0,5
careful_retain,2026101992,DRAW_HORIZON,4847,79.734762,371,28,10,23,0.5,2,16,0,4
careful_retain,2026101993,DRAW_HORIZON,3704,87.705238,370,26,11,26,1.0,2,15,0,5
careful_retain,2026101994,DRAW_HORIZON,4039,75.674286,372,26,10,25,0.5,2,13,0,2
careful_retain,2026101995,DRAW_HORIZON,1350,83.05619,367,27,8,28,1.0,3,13,0,9
careful_retain,2026101996,DRAW_HORIZON,431,80.548095,359,39,13,33,0.5,1,21,0,5
careful_retain,2026101997,DRAW_HORIZON,4603,70.306667,373,21,5,17,0.5,2,15,0,6
careful_retain,2026101998,DRAW_HORIZON,1893,76.598571,372,25,6,21,0.5,3,13,0,5
careful_retain,2026101999,DRAW_HORIZON,3272,73.421429,367,27,7,18,0.5,1,22,0,7
careful_retain,2026102000,DRAW_HORIZON,4577,71.847143,371,28,4,17,0.5,1,16,0,2
careful_withhold,2026101001,DRAW_HORIZON,4115,77.388571,371,26,6,19,0.5,1,16,0,3
careful_withhold,2026101002,DRAW_HORIZON,4452,77.406667,387,13,12,14,0.5,2,11,0,1
careful_withhold,2026101003,DRAW_HORIZON,1068,74.200952,371,27,6,18,0.5,3,17,0,3
careful_withhold,2026101004,DRAW_HORIZON,822,72.684762,361,37,8,24,0.5,1,23,0,5
careful_withhold,2026101005,DRAW_HORIZON,2133,77.740476,372,22,7,23,0.5,3,12,0,9
careful_withhold,2026101006,DRAW_HORIZON,3256,74.639524,376,21,9,20,0.5,2,13,0,6
careful_withhold,2026101007,DRAW_HORIZON,3014,76.052857,373,25,10,24,0.5,2,13,0,3
careful_withhold,2026101008,DRAW_HORIZON,103,69.908095,375,19,5,18,0.5,3,12,0,3
careful_withhold,2026101009,DRAW_HORIZON,1059,77.756667,366,28,6,25,0.5,2,15,0,6
careful_withhold,2026101010,DRAW_HORIZON,4304,69.944762,381,17,3,10,0.5,2,12,0,3
careful_withhold,2026101011,DRAW_HORIZON,3669,73.279048,371,26,5,17,0.5,1,17,0,2
careful_withhold,2026101012,DRAW_HORIZON,1089,78.722857,370,26,13,28,1.0,3,15,0,6
careful_withhold,2026101013,DRAW_HORIZON,1268,78.721905,363,32,12,34,1.0,4,15,0,6
careful_withhold,2026101014,DRAW_HORIZON,2302,78.968095,371,26,8,22,0.5,1,15,0,5
careful_withhold,2026101015,DRAW_HORIZON,771,84.175714,363,32,9,28,1.0,2,18,0,4
careful_withhold,2026101016,DRAW_HORIZON,1369,72.375714,368,27,8,23,1.0,1,17,0,8
careful_withhold,2026101017,DRAW_HORIZON,928,81.760952,366,29,9,29,1.0,4,14,0,6
careful_withhold,2026101018,DRAW_HORIZON,3200,75.617143,364,29,3,20,0.5,2,19,0,7
careful_withhold,2026101019,DRAW_HORIZON,1535,80.095714,368,28,10,21,0.5,1,21,0,7
careful_withhold,2026101020,DRAW_HORIZON,1918,84.38274,361,36,9,26,0.5,2,22,7,1
careful_withhold,2026101021,DRAW_HORIZON,3625,70.365238,371,26,3,13,0.5,1,19,0,1
careful_withhold,2026101022,DRAW_HORIZON,2616,75.174286,368,28,8,22,0.5,1,18,0,4
careful_withhold,2026101023,DRAW_HORIZON,2157,78.963333,374,24,10,24,0.5,3,12,0,2
careful_withhold,2026101024,DRAW_HORIZON,1102,79.464286,359,34,7,26,0.5,1,22,0,5
careful_withhold,2026101025,DRAW_HORIZON,2112,76.407143,378,20,12,23,1.0,2,11,0,7
careful_withhold,2026101026,DRAW_HORIZON,3407,71.171429,372,25,7,19,0.5,2,16,0,7
careful_withhold,2026101027,DRAW_HORIZON,3324,80.896667,369,26,8,17,1.0,1,22,0,6
careful_withhold,2026101028,DRAW_HORIZON,2467,78.339048,374,23,7,19,0.5,2,14,0,2
careful_withhold,2026101029,DRAW_HORIZON,2005,76.068095,372,26,7,24,1.0,4,11,0,3
careful_withhold,2026101030,DRAW_HORIZON,1964,78.066667,361,32,5,28,0.5,2,16,0,8
careful_withhold,2026101031,DRAW_HORIZON,1230,76.481429,370,29,7,20,1.0,3,17,0,3
careful_withhold,2026101032,DRAW_HORIZON,1309,76.784286,371,27,11,27,0.5,3,13,0,5
careful_withhold,2026101033,DRAW_HORIZON,3937,72.935714,373,23,5,19,0.5,2,13,0,4
careful_withhold,2026101034,DRAW_HORIZON,1827,76.065238,371,27,14,27,1.0,1,16,0,7
careful_withhold,2026101035,DRAW_HORIZON,296,76.348095,371,23,9,22,0.5,3,16,0,10
careful_withhold,2026101036,DRAW_HORIZON,3398,85.674286,373,22,12,22,0.5,2,17,0,6
careful_withhold,2026101037,DRAW_HORIZON,3878,72.654286,367,31,4,16,0.5,1,21,0,1
careful_withhold,2026101038,DRAW_HORIZON,1958,75.02,374,25,5,18,0.5,3,13,0,2
careful_withhold,2026101039,DRAW_HORIZON,1642,73.478095,371,26,3,16,0.5,3,16,0,3
careful_withhold,2026101040,DRAW_HORIZON,1255,88.814286,359,34,13,36,0.5,3,18,0,8
careful_withhold,2026101041,DRAW_HORIZON,1467,76.77381,366,31,7,23,0.5,3,18,0,5
careful_withhold,2026101042,DRAW_HORIZON,1851,74.969524,366,29,3,27,0.5,4,10,0,1
careful_withhold,2026101043,DRAW_HORIZON,2857,85.818571,369,27,9,23,0.5,1,17,0,4
careful_withhold,2026101044,DRAW_HORIZON,1663,87.041429,366,25,7,24,0.5,2,17,0,10
careful_withhold,2026101045,DRAW_HORIZON,1145,75.784762,360,31,6,29,0.5,3,17,0,10
careful_withhold,2026101046,DRAW_HORIZON,1739,74.641905,372,23,6,19,0.5,2,15,0,5
careful_withhold,2026101047,DRAW_HORIZON,2207,82.25,379,17,11,23,0.5,3,9,0,6
careful_withhold,2026101048,DRAW_HORIZON,1489,82.984286,367,29,13,28,0.5,2,18,0,7
careful_withhold,2026101049,DRAW_HORIZON,3037,78.520952,369,29,9,19,0.5,2,21,0,4
careful_withhold,2026101050,DRAW_HORIZON,3869,71.591429,358,36,3,21,0.5,1,24,0,5
careful_withhold,2026101051,DRAW_HORIZON,2269,77.105238,375,25,11,20,1.0,3,16,0,2
careful_withhold,2026101052,DRAW_HORIZON,2612,72.17381,376,20,8,19,0.5,3,13,0,2
careful_withhold,2026101053,DRAW_HORIZON,1502,77.04619,367,29,15,29,0.5,3,19,0,8
careful_withhold,2026101054,DRAW_HORIZON,4335,80.36619,376,23,13,25,0.5,2,12,0,3
careful_withhold,2026101055,DRAW_HORIZON,2141,79.487143,371,23,11,28,1.0,2,12,0,6
careful_withhold,2026101056,DRAW_HORIZON,4371,75.966667,371,27,9,21,0.5,1,17,0,3
careful_withhold,2026101057,DRAW_HORIZON,755,75.716667,365,29,8,25,0.5,2,18,0,10
careful_withhold,2026101058,DRAW_HORIZON,2557,72.815714,376,20,8,19,0.5,2,13,0,8
careful_withhold,2026101059,DRAW_HORIZON,1172,76.47381,365,27,6,27,0.5,2,14,0,7
careful_withhold,2026101060,DRAW_HORIZON,2001,81.287143,369,28,8,25,0.5,3,14,0,5
careful_withhold,2026101061,DRAW_HORIZON,1506,80.402381,369,23,7,25,1.0,1,13,0,8
careful_withhold,2026101062,DRAW_HORIZON,2289,74.762381,370,29,9,21,0.5,2,18,0,4
careful_withhold,2026101063,DRAW_HORIZON,1615,77.96746,365,31,7,22,0.5,3,20,1,4
careful_withhold,2026101064,DRAW_HORIZON,2379,79.3,373,24,7,23,0.5,4,11,0,3
careful_withhold,2026101065,DRAW_HORIZON,965,82.117619,364,31,9,30,0.5,3,15,0,6
careful_withhold,2026101066,DRAW_HORIZON,773,77.352857,363,31,6,27,0.5,2,16,0,7
careful_withhold,2026101067,DRAW_HORIZON,1379,74.259048,372,24,11,25,0.5,1,14,0,3
careful_withhold,2026101068,DRAW_HORIZON,1049,76.440476,367,29,10,27,0.5,2,16,0,6
careful_withhold,2026101069,DRAW_HORIZON,1910,81.04619,373,25,9,24,0.5,2,12,0,6
careful_withhold,2026101070,DRAW_HORIZON,3021,77.549048,373,23,8,20,0.5,1,15,0,6
careful_withhold,2026101071,DRAW_HORIZON,1753,76.655238,374,20,4,20,0.5,3,10,0,6
careful_withhold,2026101072,DRAW_HORIZON,1919,81.654762,371,26,13,25,1.0,1,17,0,6
careful_withhold,2026101073,DRAW_HORIZON,901,77.265238,365,29,12,27,0.5,2,20,0,9
careful_withhold,2026101074,DRAW_HORIZON,5041,72.168571,375,25,5,12,0.5,2,18,0,1
careful_withhold,2026101075,DRAW_HORIZON,349,73.388571,372,26,6,19,0.5,3,15,0,4
careful_withhold,2026101076,DRAW_HORIZON,2110,75.493333,376,23,5,18,0.5,3,11,0,3
careful_withhold,2026101077,DRAW_HORIZON,4066,70.840952,381,19,6,13,1.0,2,12,0,1
careful_withhold,2026101078,DRAW_HORIZON,2805,81.012381,372,27,8,21,0.5,2,15,0,3
careful_withhold,2026101079,DRAW_HORIZON,781,85.680952,369,26,9,22,1.0,2,18,0,5
careful_withhold,2026101080,DRAW_HORIZON,697,72.324762,380,15,4,14,0.5,3,10,0,5
careful_withhold,2026101081,DRAW_HORIZON,1429,81.334286,371,22,11,26,0.5,2,14,0,6
careful_withhold,2026101082,DRAW_HORIZON,1404,85.119048,356,37,10,38,1.0,2,16,0,13
careful_withhold,2026101083,DRAW_HORIZON,3466,84.15,369,31,9,20,0.5,2,20,0,4
careful_withhold,2026101084,DRAW_HORIZON,2756,78.157143,363,36,4,20,0.5,2,21,0,4
careful_withhold,2026101085,DRAW_HORIZON,4039,81.88,369,30,9,25,0.5,2,15,0,3
careful_withhold,2026101086,DRAW_HORIZON,3146,74.374762,375,24,4,14,0.5,2,15,0,2
careful_withhold,2026101087,DRAW_HORIZON,5736,77.145714,378,20,3,14,0.5,2,11,0,2
careful_withhold,2026101088,DRAW_HORIZON,1966,73.985714,372,24,8,25,1.0,3,11,0,6
careful_withhold,2026101089,DRAW_HORIZON,1874,81.463333,370,30,7,20,0.5,3,17,0,0
careful_withhold,2026101090,DRAW_HORIZON,3530,84.93619,375,23,8,20,0.5,2,13,0,3
careful_withhold,2026101091,DRAW_HORIZON,939,78.86,364,29,7,27,0.5,2,16,0,9
careful_withhold,2026101092,DRAW_HORIZON,1517,79.998095,371,25,13,24,0.5,1,18,0,9
careful_withhold,2026101093,DRAW_HORIZON,1680,79.400476,368,29,12,26,0.5,1,18,0,8
careful_withhold,2026101094,DRAW_HORIZON,3198,79.607619,367,28,6,23,0.5,1,16,0,5
careful_withhold,2026101095,DRAW_HORIZON,1074,75.129524,375,23,8,20,0.5,3,13,0,3
careful_withhold,2026101096,DRAW_HORIZON,4138,77.961429,373,25,3,16,0.5,2,14,0,3
careful_withhold,2026101097,DRAW_HORIZON,323,80.288571,359,35,7,31,0.5,4,17,0,8
careful_withhold,2026101098,DRAW_HORIZON,2428,71.508571,377,23,3,14,0.5,3,12,0,0
careful_withhold,2026101099,DRAW_HORIZON,1657,72.4,371,27,2,20,1.0,4,11,0,2
careful_withhold,2026101100,DRAW_HORIZON,2901,83.964286,365,33,5,23,0.5,1,17,0,3
careful_withhold,2026101101,DRAW_HORIZON,1379,73.334762,367,29,7,21,0.5,1,19,0,7
careful_withhold,2026101102,DRAW_HORIZON,2324,74.564286,369,28,8,20,0.5,2,19,0,8
careful_withhold,2026101103,DRAW_HORIZON,1874,72.159524,370,24,5,24,0.5,3,11,0,6
careful_withhold,2026101104,DRAW_HORIZON,1661,70.96619,372,24,7,19,0.5,2,16,0,6
careful_withhold,2026101105,DRAW_HORIZON,1073,78.950952,366,28,7,24,0.5,1,17,0,4
careful_withhold,2026101106,DRAW_HORIZON,3257,77.559524,372,27,11,22,1.0,2,17,0,3
careful_withhold,2026101107,DRAW_HORIZON,3056,81.441429,368,27,9,25,0.5,2,16,0,4
careful_withhold,2026101108,DRAW_HORIZON,2203,76.80381,369,28,8,23,0.5,3,16,0,3
careful_withhold,2026101109,DRAW_HORIZON,2939,76.235238,362,35,4,27,0.5,2,15,0,4
careful_withhold,2026101110,DRAW_HORIZON,1444,83.68619,369,26,8,24,0.5,4,15,0,6
careful_withhold,2026101111,DRAW_HORIZON,976,79.77381,367,25,10,32,0.5,4,11,0,6
careful_withhold,2026101112,DRAW_HORIZON,4549,83.973333,370,28,5,19,0.5,1,16,0,3
careful_withhold,2026101113,DRAW_HORIZON,3124,75.718571,367,29,6,19,0.5,2,20,0,7
careful_withhold,2026101114,DRAW_HORIZON,2346,74.720476,377,20,7,17,0.5,3,13,0,4
careful_withhold,2026101115,DRAW_HORIZON,2749,80.66,370,26,13,28,0.5,2,15,0,11
careful_withhold,2026101116,DRAW_HORIZON,2122,69.54381,378,22,6,14,0.5,4,14,0,3
careful_withhold,2026101117,DRAW_HORIZON,1457,71.644286,369,29,6,20,0.5,2,17,0,4
careful_withhold,2026101118,DRAW_HORIZON,1790,83.270476,368,29,10,23,0.5,2,19,0,3
careful_withhold,2026101119,DRAW_HORIZON,1919,77.077619,374,20,9,25,0.5,4,10,0,7
careful_withhold,2026101120,DRAW_HORIZON,1171,83.193333,368,30,10,27,1.0,3,15,0,3
careful_withhold,2026101121,DRAW_HORIZON,4186,77.179048,378,21,3,10,0.5,2,15,0,1
careful_withhold,2026101122,DRAW_HORIZON,2227,87.388571,369,25,8,30,0.5,5,9,0,7
careful_withhold,2026101123,DRAW_HORIZON,2084,77.605714,372,24,5,18,0.5,2,15,0,2
careful_withhold,2026101124,DRAW_HORIZON,1831,88.939524,369,29,17,31,1.0,2,17,0,6
careful_withhold,2026101125,DRAW_HORIZON,2163,72.573333,375,23,4,15,0.5,3,14,0,1
careful_withhold,2026101126,DRAW_HORIZON,2393,76.330476,371,23,3,19,0.5,3,13,0,4
careful_withhold,2026101127,DRAW_HORIZON,3340,77.61,363,35,9,26,0.5,2,20,0,3
careful_withhold,2026101128,DRAW_HORIZON,1790,76.43619,371,27,8,26,0.5,4,11,0,4
careful_withhold,2026101129,DRAW_HORIZON,1653,75.034762,370,29,12,21,0.5,1,21,0,2
careful_withhold,2026101130,DRAW_HORIZON,2744,79.376667,370,25,8,20,0.5,1,18,0,3
careful_withhold,2026101131,DRAW_HORIZON,3613,75.07381,368,27,6,22,1.0,2,16,0,6
careful_withhold,2026101132,DRAW_HORIZON,3576,74.981905,372,20,4,18,0.5,1,14,0,5
careful_withhold,2026101133,DRAW_HORIZON,3536,72.302381,365,30,1,16,0.5,1,20,0,5
careful_withhold,2026101134,DRAW_HORIZON,4194,75.839048,373,22,7,21,0.5,2,13,0,6
careful_withhold,2026101135,DRAW_HORIZON,809,80.257619,365,32,10,28,0.5,3,17,0,8
careful_withhold,2026101136,DRAW_HORIZON,1271,77.914762,369,29,5,22,0.5,3,14,0,1
careful_withhold,2026101137,DRAW_HORIZON,1414,76.830952,369,28,7,26,0.5,3,12,0,2
careful_withhold,2026101138,DRAW_HORIZON,2875,72.999524,370,25,5,19,0.5,3,16,0,9
careful_withhold,2026101139,DRAW_HORIZON,4339,76.168571,369,25,6,22,0.5,1,15,0,6
careful_withhold,2026101140,DRAW_HORIZON,2093,78.270952,367,28,8,29,0.5,2,12,0,4
careful_withhold,2026101141,DRAW_HORIZON,654,77.572381,379,19,11,20,0.5,3,12,0,6
careful_withhold,2026101142,DRAW_HORIZON,2365,79.759048,368,29,6,25,0.5,3,13,0,3
careful_withhold,2026101143,DRAW_HORIZON,2615,73.821905,371,23,6,17,0.5,2,18,0,9
careful_withhold,2026101144,DRAW_HORIZON,1808,77.091905,369,22,6,25,0.5,2,12,0,9
careful_withhold,2026101145,DRAW_HORIZON,1432,84.218095,358,37,8,37,1.0,2,13,0,5
careful_withhold,2026101146,DRAW_HORIZON,2479,80.551905,372,26,10,27,0.5,3,11,0,7
careful_withhold,2026101147,DRAW_HORIZON,3574,75.582857,367,26,5,18,0.5,2,20,0,9
careful_withhold,2026101148,DRAW_HORIZON,4679,74.568571,379,19,10,18,1.0,2,13,0,2
careful_withhold,2026101149,DRAW_HORIZON,1102,70.453333,368,28,8,24,0.5,3,16,0,4
careful_withhold,2026101150,DRAW_HORIZON,1848,78.511905,371,24,9,24,0.5,2,14,0,5
careful_withhold,2026101151,DRAW_HORIZON,2237,73.115714,369,29,7,15,0.5,2,23,0,5
careful_withhold,2026101152,DRAW_HORIZON,3044,65.93,376,23,5,12,0.5,3,17,0,2
careful_withhold,2026101153,DRAW_HORIZON,2101,78.42,360,37,9,29,0.5,3,20,0,5
careful_withhold,2026101154,DRAW_HORIZON,2135,83.032381,378,18,12,25,0.5,3,9,0,6
careful_withhold,2026101155,DRAW_HORIZON,1834,78.976667,367,30,11,27,0.5,2,17,0,7
careful_withhold,2026101156,DRAW_HORIZON,2427,70.984762,376,23,6,15,0.5,3,15,0,4
careful_withhold,2026101157,DRAW_HORIZON,576,86.129524,353,42,11,36,0.5,3,22,0,5
careful_withhold,2026101158,DRAW_HORIZON,3526,79.530952,371,25,5,16,0.5,1,18,0,4
careful_withhold,2026101159,DRAW_HORIZON,2844,71.093333,373,23,7,22,0.5,2,12,0,6
careful_withhold,2026101160,DRAW_HORIZON,1489,74.720952,370,29,9,19,0.5,3,20,0,3
careful_withhold,2026101161,DRAW_HORIZON,1217,79.645714,367,29,7,25,0.5,3,15,0,6
careful_withhold,2026101162,DRAW_HORIZON,1173,87.41619,359,32,9,37,0.5,4,13,0,12
careful_withhold,2026101163,DRAW_HORIZON,2003,77.427619,369,25,4,21,0.5,3,14,0,4
careful_withhold,2026101164,DRAW_HORIZON,1827,75.830952,358,38,2,25,0.5,3,19,0,6
careful_withhold,2026101165,DRAW_HORIZON,2216,79.442857,369,26,6,24,0.5,4,13,0,3
careful_withhold,2026101166,DRAW_HORIZON,1878,75.775714,367,31,9,24,0.5,2,18,0,3
careful_withhold,2026101167,DRAW_HORIZON,1082,72.335714,367,30,3,20,0.5,3,16,0,4
careful_withhold,2026101168,DRAW_HORIZON,797,81.916667,361,37,3,23,0.5,3,19,0,3
careful_withhold,2026101169,DRAW_HORIZON,1216,74.950476,371,25,6,18,0.5,2,17,0,6
careful_withhold,2026101170,DRAW_HORIZON,2234,81.06619,366,31,5,30,0.5,3,9,0,5
careful_withhold,2026101171,DRAW_HORIZON,1854,73.08381,376,21,7,18,0.5,3,13,0,2
careful_withhold,2026101172,DRAW_HORIZON,2240,81.145714,376,20,12,22,0.5,2,14,0,2
careful_withhold,2026101173,DRAW_HORIZON,2492,74.634762,372,24,10,28,1.0,4,10,0,5
careful_withhold,2026101174,DRAW_HORIZON,489,79.779048,374,23,9,21,0.5,3,14,0,2
careful_withhold,2026101175,DRAW_HORIZON,1816,82.523333,374,22,13,23,0.5,2,16,0,8
careful_withhold,2026101176,DRAW_HORIZON,1036,77.360476,364,32,12,30,0.5,3,18,0,7
careful_withhold,2026101177,DRAW_HORIZON,3831,73.52619,376,24,4,9,0.5,1,19,0,0
careful_withhold,2026101178,DRAW_HORIZON,1972,85.572857,370,25,8,24,0.5,2,14,0,7
careful_withhold,2026101179,DRAW_HORIZON,1948,87.745238,368,26,10,31,0.5,4,11,0,6
careful_withhold,2026101180,DRAW_HORIZON,3063,78.041905,373,26,7,19,0.5,2,15,0,3
careful_withhold,2026101181,DRAW_HORIZON,3546,69.576667,379,21,6,12,0.5,2,15,0,3
careful_withhold,2026101182,DRAW_HORIZON,2126,77.17,370,26,8,20,0.5,1,18,0,5
careful_withhold,2026101183,DRAW_HORIZON,763,83.997619,364,31,11,29,1.0,3,18,0,3
careful_withhold,2026101184,DRAW_HORIZON,1983,77.618441,371,27,7,17,0.5,1,19,2,5
careful_withhold,2026101185,DRAW_HORIZON,2391,73.577143,367,30,3,15,0.5,2,21,0,4
careful_withhold,2026101186,DRAW_HORIZON,3370,73.53619,367,27,5,20,0.5,2,18,0,6
careful_withhold,2026101187,DRAW_HORIZON,1953,79.634286,369,28,15,33,0.5,4,13,0,11
careful_withhold,2026101188,DRAW_HORIZON,2352,80.112381,365,31,6,22,0.5,2,19,0,3
careful_withhold,2026101189,DRAW_HORIZON,507,78.030476,362,35,13,31,0.5,3,20,0,8
careful_withhold,2026101190,DRAW_HORIZON,1353,77.089048,366,28,12,33,0.5,2,13,0,9
careful_withhold,2026101191,DRAW_HORIZON,2889,77.242381,366,31,7,21,0.5,2,20,0,2
careful_withhold,2026101192,DRAW_HORIZON,2335,81.070476,370,26,4,21,0.5,3,13,0,4
careful_withhold,2026101193,DRAW_HORIZON,2372,76.475714,370,27,13,29,1.0,3,14,0,3
careful_withhold,2026101194,DRAW_HORIZON,100,69.437143,360,36,5,22,0.5,1,23,0,4
careful_withhold,2026101195,DRAW_HORIZON,2698,78.501429,374,23,7,23,0.5,3,10,0,3
careful_withhold,2026101196,DRAW_HORIZON,1930,84.56619,371,25,15,33,1.0,4,11,0,9
careful_withhold,2026101197,DRAW_HORIZON,627,83.475238,363,33,11,34,1.0,3,14,0,5
careful_withhold,2026101198,DRAW_HORIZON,3670,78.851429,367,28,5,22,0.5,2,16,0,4
careful_withhold,2026101199,DRAW_HORIZON,1292,74.017143,364,34,6,23,0.5,1,19,0,2
careful_withhold,2026101200,DRAW_HORIZON,2755,76.083333,373,23,9,18,1.0,2,18,0,5
careful_withhold,2026101201,DRAW_HORIZON,2416,79.77,367,28,5,24,0.5,2,14,0,4
careful_withhold,2026101202,DRAW_HORIZON,4021,78.880952,375,22,5,17,0.5,2,13,0,1
careful_withhold,2026101203,DRAW_HORIZON,2243,78.591429,359,33,4,25,0.5,1,20,0,8
careful_withhold,2026101204,DRAW_HORIZON,2687,76.968095,372,25,11,23,0.5,1,16,0,3
careful_withhold,2026101205,DRAW_HORIZON,1748,77.771905,376,21,9,24,0.5,3,9,0,5
careful_withhold,2026101206,DRAW_HORIZON,1000,74.053333,364,33,5,24,0.5,3,17,0,4
careful_withhold,2026101207,DRAW_HORIZON,2514,84.105238,362,33,10,31,0.5,2,17,0,6
careful_withhold,2026101208,DRAW_HORIZON,1629,77.102381,372,24,7,23,0.5,2,12,0,5
careful_withhold,2026101209,DRAW_HORIZON,3299,79.590952,373,25,10,22,0.5,1,15,0,3
careful_withhold,2026101210,DRAW_HORIZON,2446,83.726667,373,22,10,26,0.5,2,11,0,5
careful_withhold,2026101211,DRAW_HORIZON,121,71.76619,371,23,3,19,0.5,3,13,0,5
careful_withhold,2026101212,DRAW_HORIZON,2639,75.17619,378,21,4,15,0.5,3,11,0,2
careful_withhold,2026101213,DRAW_HORIZON,2487,74.69619,368,28,6,21,0.5,2,17,0,3
careful_withhold,2026101214,DRAW_HORIZON,5259,71.092857,382,17,5,11,0.5,1,12,0,2
careful_withhold,2026101215,DRAW_HORIZON,1776,76.531429,374,26,10,22,0.5,3,14,0,2
careful_withhold,2026101216,DRAW_HORIZON,1432,72.03619,370,27,7,21,0.5,2,16,0,6
careful_withhold,2026101217,DRAW_HORIZON,3362,82.373333,377,22,9,22,0.5,2,10,0,4
careful_withhold,2026101218,DRAW_HORIZON,2579,78.410476,373,22,7,19,0.5,3,15,0,6
careful_withhold,2026101219,DRAW_HORIZON,2436,81.939048,375,21,6,24,0.5,4,7,0,6
careful_withhold,2026101220,DRAW_HORIZON,1480,75.422381,368,29,4,20,0.5,3,16,0,3
careful_withhold,2026101221,DRAW_HORIZON,1859,77.491905,370,22,8,24,1.0,3,14,0,11
careful_withhold,2026101222,DRAW_HORIZON,1972,78.149524,372,24,9,21,1.0,3,16,0,6
careful_withhold,2026101223,DRAW_HORIZON,468,81.799048,360,35,10,32,0.5,1,18,0,10
careful_withhold,2026101224,DRAW_HORIZON,895,77.711905,358,38,5,34,0.5,3,13,0,7
careful_withhold,2026101225,DRAW_HORIZON,1972,80.169048,374,21,4,20,0.5,4,10,0,4
careful_withhold,2026101226,DRAW_HORIZON,917,70.451905,366,31,5,21,0.5,3,18,0,3
careful_withhold,2026101227,DRAW_HORIZON,2634,75.544286,371,24,6,18,0.5,3,17,0,4
careful_withhold,2026101228,DRAW_HORIZON,1701,81.15619,363,33,9,31,0.5,3,15,0,7
careful_withhold,2026101229,DRAW_HORIZON,1409,78.647619,368,29,13,31,1.0,2,14,0,10
careful_withhold,2026101230,DRAW_HORIZON,1634,76.367143,374,25,8,22,0.5,2,12,0,4
careful_withhold,2026101231,DRAW_HORIZON,567,81.54,363,33,12,38,1.0,3,11,0,3
careful_withhold,2026101232,DRAW_HORIZON,1618,78.774762,364,33,8,27,0.5,2,17,0,8
careful_withhold,2026101233,DRAW_HORIZON,2989,75.706667,370,28,9,28,1.0,4,11,0,2
careful_withhold,2026101234,DRAW_HORIZON,1870,71.207143,372,24,10,21,0.5,2,17,0,4
careful_withhold,2026101235,DRAW_HORIZON,346,78.335714,363,34,12,32,0.5,3,17,0,5
careful_withhold,2026101236,DRAW_HORIZON,1123,77.952381,364,31,6,29,0.5,3,13,0,6
careful_withhold,2026101237,DRAW_HORIZON,874,80.75381,351,40,3,30,0.5,1,22,0,10
careful_withhold,2026101238,DRAW_HORIZON,4002,75.241429,380,19,8,14,0.5,2,14,0,5
careful_withhold,2026101239,DRAW_HORIZON,2800,72.30381,375,20,10,24,0.5,2,11,0,10
careful_withhold,2026101240,DRAW_HORIZON,462,75.667143,376,21,9,23,0.5,4,10,0,3
careful_withhold,2026101241,DRAW_HORIZON,265,73.769524,379,18,2,13,0.5,3,10,0,3
careful_withhold,2026101242,DRAW_HORIZON,4957,77.13381,376,21,8,17,0.5,2,15,0,4
careful_withhold,2026101243,DRAW_HORIZON,2522,78.302857,366,30,5,16,0.5,2,23,0,3
careful_withhold,2026101244,DRAW_HORIZON,2296,86.585238,364,33,12,30,1.0,2,18,0,6
careful_withhold,2026101245,DRAW_HORIZON,1966,79.779524,364,34,7,33,0.5,3,10,0,5
careful_withhold,2026101246,DRAW_HORIZON,3162,73.287619,369,30,6,18,0.5,1,19,0,4
careful_withhold,2026101247,DRAW_HORIZON,2625,87.862857,370,27,8,25,0.5,4,13,0,2
careful_withhold,2026101248,DRAW_HORIZON,767,70.643333,374,22,5,17,0.5,3,14,0,5
careful_withhold,2026101249,DRAW_HORIZON,363,81.384286,361,31,13,31,0.5,3,21,0,8
careful_withhold,2026101250,DRAW_HORIZON,745,75.693333,365,30,6,25,0.5,2,16,0,5
careful_withhold,2026101251,DRAW_HORIZON,2806,72.497143,370,27,9,23,1.0,3,16,0,6
careful_withhold,2026101252,DRAW_HORIZON,2608,77.554286,369,23,4,23,0.5,2,12,0,8
careful_withhold,2026101253,DRAW_HORIZON,4263,77.751905,372,25,9,20,1.0,2,17,0,4
careful_withhold,2026101254,DRAW_HORIZON,1048,74.958571,366,30,5,23,0.5,3,16,0,5
careful_withhold,2026101255,DRAW_HORIZON,3952,75.031429,379,20,7,16,0.5,2,12,0,1
careful_withhold,2026101256,DRAW_HORIZON,3406,77.92381,374,22,3,16,0.5,2,13,0,3
careful_withhold,2026101257,DRAW_HORIZON,784,81.901429,367,31,11,30,0.5,3,14,0,5
careful_withhold,2026101258,DRAW_HORIZON,488,75.094762,365,29,7,24,0.5,1,18,0,4
careful_withhold,2026101259,DRAW_HORIZON,2214,79.697143,369,25,6,20,0.5,2,17,0,8
careful_withhold,2026101260,DRAW_HORIZON,2466,77.605238,360,36,8,28,0.5,2,20,0,6
careful_withhold,2026101261,DRAW_HORIZON,830,74.339524,368,24,8,24,0.5,1,16,0,6
careful_withhold,2026101262,DRAW_HORIZON,962,75.914286,372,26,15,29,0.5,2,14,0,6
careful_withhold,2026101263,DRAW_HORIZON,1069,75.404286,367,26,7,25,0.5,1,15,0,5
careful_withhold,2026101264,DRAW_HORIZON,293,76.753333,370,28,6,24,0.5,4,12,0,4
careful_withhold,2026101265,DRAW_HORIZON,2298,80.091905,376,20,12,25,0.5,4,11,0,7
careful_withhold,2026101266,DRAW_HORIZON,2959,76.148571,377,23,8,18,1.0,2,13,0,2
careful_withhold,2026101267,DRAW_HORIZON,2866,75.927143,380,19,7,14,0.5,3,13,0,5
careful_withhold,2026101268,DRAW_HORIZON,1941,77.66619,369,25,10,20,0.5,1,21,0,5
careful_withhold,2026101269,DRAW_HORIZON,734,80.751429,367,26,8,32,0.5,4,9,0,10
careful_withhold,2026101270,DRAW_HORIZON,1372,74.302381,368,30,7,27,0.5,4,12,0,3
careful_withhold,2026101271,DRAW_HORIZON,2838,77.682381,361,33,6,28,0.5,1,17,0,3
careful_withhold,2026101272,DRAW_HORIZON,3679,77.728095,371,25,7,21,0.5,2,15,0,4
careful_withhold,2026101273,DRAW_HORIZON,1591,74.686667,371,28,4,19,0.5,3,14,0,2
careful_withhold,2026101274,DRAW_HORIZON,1415,82.789524,365,33,11,32,1.0,3,14,0,6
careful_withhold,2026101275,DRAW_HORIZON,3804,72.891905,371,27,5,14,0.5,2,20,0,2
careful_withhold,2026101276,DRAW_HORIZON,4022,74.628571,375,22,7,19,0.5,1,13,0,6
careful_withhold,2026101277,DRAW_HORIZON,2015,77.03381,365,31,7,25,0.5,2,17,0,4
careful_withhold,2026101278,DRAW_HORIZON,2151,77.694762,369,28,12,25,1.0,1,18,0,5
careful_withhold,2026101279,DRAW_HORIZON,1296,72.15619,374,22,8,16,0.5,1,18,0,5
careful_withhold,2026101280,DRAW_HORIZON,1196,80.217143,362,35,8,25,0.5,1,21,0,4
careful_withhold,2026101281,DRAW_HORIZON,1412,77.507143,373,24,11,24,0.5,3,14,0,5
careful_withhold,2026101282,DRAW_HORIZON,1169,79.589524,370,25,5,25,0.5,4,10,0,5
careful_withhold,2026101283,DRAW_HORIZON,3383,73.722857,373,25,3,13,0.5,2,17,0,1
careful_withhold,2026101284,DRAW_HORIZON,2662,78.129048,371,27,4,16,0.5,2,17,0,2
careful_withhold,2026101285,DRAW_HORIZON,444,80.82619,363,32,7,32,0.5,3,12,0,4
careful_withhold,2026101286,DRAW_HORIZON,1588,87.989524,367,29,10,30,0.5,3,13,0,8
careful_withhold,2026101287,DRAW_HORIZON,2390,78.830476,375,20,1,14,0.5,3,12,0,3
careful_withhold,2026101288,DRAW_HORIZON,791,81.174286,365,31,12,35,1.0,3,12,0,9
careful_withhold,2026101289,DRAW_HORIZON,2912,72.625714,378,19,3,16,0.5,3,9,0,4
careful_withhold,2026101290,DRAW_HORIZON,1823,83.004286,372,25,8,24,0.5,2,12,0,3
careful_withhold,2026101291,DRAW_HORIZON,1094,74.697619,360,34,8,28,0.5,2,20,0,9
careful_withhold,2026101292,DRAW_HORIZON,1668,78.673333,369,26,14,33,1.0,3,12,0,5
careful_withhold,2026101293,DRAW_HORIZON,3929,77.281429,370,28,7,19,0.5,1,18,0,3
careful_withhold,2026101294,DRAW_HORIZON,2787,71.03,377,18,4,15,0.5,2,12,0,5
careful_withhold,2026101295,DRAW_HORIZON,860,77.329048,366,27,5,24,0.5,2,15,0,5
careful_withhold,2026101296,DRAW_HORIZON,4036,74.301429,371,27,3,18,0.5,2,14,0,1
careful_withhold,2026101297,DRAW_HORIZON,3261,76.980952,366,29,2,17,0.5,1,19,0,4
careful_withhold,2026101298,DRAW_HORIZON,1426,76.51,368,28,7,24,0.5,2,15,0,5
careful_withhold,2026101299,DRAW_HORIZON,882,75.210952,366,31,4,26,0.5,4,12,0,5
careful_withhold,2026101300,DRAW_HORIZON,5194,71.923333,377,21,8,17,1.0,2,14,0,5
careful_withhold,2026101301,DRAW_HORIZON,2836,78.227619,381,14,11,21,1.0,3,9,0,10
careful_withhold,2026101302,DRAW_HORIZON,2564,80.506667,371,26,9,24,0.5,3,14,0,7
careful_withhold,2026101303,DRAW_HORIZON,1192,80.58619,360,30,6,31,0.5,2,15,0,8
careful_withhold,2026101304,DRAW_HORIZON,1476,80.239524,363,30,7,28,0.5,1,16,0,8
careful_withhold,2026101305,DRAW_HORIZON,2807,76.65,368,30,6,17,0.5,2,21,0,3
careful_withhold,2026101306,DRAW_HORIZON,4365,73.453333,375,23,6,16,1.0,2,15,0,5
careful_withhold,2026101307,DRAW_HORIZON,2900,74.868095,373,24,6,16,0.5,2,17,0,4
careful_withhold,2026101308,DRAW_HORIZON,1292,79.152381,361,34,7,23,1.0,2,23,0,5
careful_withhold,2026101309,DRAW_HORIZON,4179,71.038571,373,22,4,12,0.5,1,19,0,3
careful_withhold,2026101310,DRAW_HORIZON,1553,82.138571,372,25,11,25,0.5,2,14,0,5
careful_withhold,2026101311,DRAW_HORIZON,3938,73.242381,371,25,2,16,0.5,2,15,0,5
careful_withhold,2026101312,DRAW_HORIZON,1772,75.198095,368,30,12,26,0.5,3,18,0,6
careful_withhold,2026101313,DRAW_HORIZON,3299,71.240476,370,30,4,17,0.5,2,17,0,3
careful_withhold,2026101314,DRAW_HORIZON,2211,77.813333,366,29,11,27,0.5,1,18,0,7
careful_withhold,2026101315,DRAW_HORIZON,547,81.522857,365,29,10,33,0.5,2,12,0,8
careful_withhold,2026101316,DRAW_HORIZON,2170,80.498571,374,23,10,20,0.5,3,16,0,8
careful_withhold,2026101317,DRAW_HORIZON,2716,81.67,373,25,12,27,1.0,3,12,0,6
careful_withhold,2026101318,DRAW_HORIZON,2213,72.491429,378,18,8,18,0.5,4,12,0,6
careful_withhold,2026101319,DRAW_HORIZON,1786,71.805714,375,17,4,18,0.5,3,11,0,6
careful_withhold,2026101320,DRAW_HORIZON,2643,74.375238,372,23,5,19,0.5,1,14,0,6
careful_withhold,2026101321,DRAW_HORIZON,2102,76.367619,377,17,7,17,0.5,2,13,0,2
careful_withhold,2026101322,DRAW_HORIZON,4165,80.90381,373,26,8,15,0.5,2,20,0,3
careful_withhold,2026101323,DRAW_HORIZON,188,77.924762,355,34,8,34,0.5,2,19,0,12
careful_withhold,2026101324,DRAW_HORIZON,1598,78.961905,373,23,5,20,0.5,3,12,0,3
careful_withhold,2026101325,DRAW_HORIZON,1605,78.337619,373,27,5,20,1.0,3,12,0,2
careful_withhold,2026101326,DRAW_HORIZON,1276,78.432857,365,31,12,28,1.0,2,19,0,6
careful_withhold,2026101327,DRAW_HORIZON,2363,77.103333,372,23,8,23,0.5,3,13,0,7
careful_withhold,2026101328,DRAW_HORIZON,731,77.95381,367,28,7,23,0.5,1,17,0,7
careful_withhold,2026101329,DRAW_HORIZON,574,76.74381,362,32,13,32,0.5,1,19,0,12
careful_withhold,2026101330,DRAW_HORIZON,812,77.14,360,35,14,37,1.0,1,17,0,9
careful_withhold,2026101331,DRAW_HORIZON,2137,71.648571,364,34,7,25,1.0,2,18,0,3
careful_withhold,2026101332,DRAW_HORIZON,1252,80.935714,368,28,12,30,1.0,2,14,0,10
careful_withhold,2026101333,DRAW_HORIZON,3047,78.163333,368,28,11,21,0.5,2,22,0,6
careful_withhold,2026101334,DRAW_HORIZON,1609,73.649048,366,29,6,25,0.5,3,15,0,4
careful_withhold,2026101335,DRAW_HORIZON,4674,74.483333,379,18,5,14,0.5,2,12,0,3
careful_withhold,2026101336,DRAW_HORIZON,3275,82.413333,363,32,8,23,0.5,2,22,0,5
careful_withhold,2026101337,DRAW_HORIZON,2560,76.047143,372,25,4,20,0.5,3,12,0,5
careful_withhold,2026101338,DRAW_HORIZON,1971,75.199048,373,24,13,24,0.5,1,16,0,7
careful_withhold,2026101339,DRAW_HORIZON,1764,84.158571,369,29,10,30,0.5,3,11,0,3
careful_withhold,2026101340,DRAW_HORIZON,758,80.460476,366,28,8,24,0.5,1,18,0,6
careful_withhold,2026101341,DRAW_HORIZON,2917,75.907619,371,25,5,19,0.5,2,15,0,3
careful_withhold,2026101342,DRAW_HORIZON,2586,75.33381,377,20,10,22,0.5,3,11,0,6
careful_withhold,2026101343,DRAW_HORIZON,1287,77.83,368,30,10,26,0.5,3,16,0,4
careful_withhold,2026101344,DRAW_HORIZON,2095,78.187143,375,22,7,19,0.5,4,13,0,2
careful_withhold,2026101345,DRAW_HORIZON,1042,77.900952,368,29,7,22,0.5,3,17,0,3
careful_withhold,2026101346,DRAW_HORIZON,1024,79.445238,371,28,13,29,0.5,3,13,0,4
careful_withhold,2026101347,DRAW_HORIZON,411,85.091905,376,22,10,22,1.0,3,12,0,2
careful_withhold,2026101348,DRAW_HORIZON,1872,77.994762,370,27,9,29,0.5,3,10,0,5
careful_withhold,2026101349,DRAW_HORIZON,1399,74.974762,356,39,5,27,0.5,3,22,0,3
careful_withhold,2026101350,DRAW_HORIZON,2380,77.666667,373,26,6,20,0.5,4,13,0,5
careful_withhold,2026101351,DRAW_HORIZON,2210,80.279524,371,26,9,22,0.5,2,16,0,4
careful_withhold,2026101352,DRAW_HORIZON,1394,87.239048,375,22,10,23,0.5,3,12,0,6
careful_withhold,2026101353,DRAW_HORIZON,1191,76.055238,371,24,7,27,0.5,3,9,0,5
careful_withhold,2026101354,DRAW_HORIZON,1191,72.963133,368,27,6,19,0.5,1,19,1,9
careful_withhold,2026101355,DRAW_HORIZON,2093,74.821429,367,33,6,25,0.5,3,14,0,3
careful_withhold,2026101356,DRAW_HORIZON,1156,79.335238,368,29,9,20,0.5,2,21,0,4
careful_withhold,2026101357,DRAW_HORIZON,1777,77.518571,373,26,11,27,1.0,3,11,0,4
careful_withhold,2026101358,DRAW_HORIZON,3332,78.871429,368,27,5,24,0.5,2,13,0,4
careful_withhold,2026101359,DRAW_HORIZON,4054,74.688095,375,21,3,12,0.5,2,16,0,5
careful_withhold,2026101360,DRAW_HORIZON,172,71.789524,373,23,5,22,0.5,3,10,0,3
careful_withhold,2026101361,DRAW_HORIZON,461,68.927619,376,21,4,13,0.5,3,15,0,2
careful_withhold,2026101362,DRAW_HORIZON,1173,79.479524,369,27,12,31,0.5,3,12,0,7
careful_withhold,2026101363,DRAW_HORIZON,4065,73.607619,367,32,6,17,0.5,2,22,0,1
careful_withhold,2026101364,DRAW_HORIZON,1244,81.461429,367,28,12,28,0.5,2,17,0,11
careful_withhold,2026101365,DRAW_HORIZON,2534,76.41,365,30,3,22,0.5,2,16,0,5
careful_withhold,2026101366,DRAW_HORIZON,4667,79.592381,375,23,12,22,1.0,1,15,0,6
careful_withhold,2026101367,DRAW_HORIZON,1977,82.359524,378,20,12,23,0.5,3,11,0,8
careful_withhold,2026101368,DRAW_HORIZON,1910,80.622381,377,21,13,28,0.5,4,8,0,2
careful_withhold,2026101369,DRAW_HORIZON,2306,78.041905,366,30,7,18,1.0,1,23,0,5
careful_withhold,2026101370,DRAW_HORIZON,2905,79.271905,365,30,8,26,0.5,2,17,0,4
careful_withhold,2026101371,DRAW_HORIZON,2571,74.647619,378,20,5,16,0.5,3,11,0,2
careful_withhold,2026101372,DRAW_HORIZON,3994,78.45619,370,25,9,23,1.0,2,16,0,7
careful_withhold,2026101373,DRAW_HORIZON,2904,75.950476,369,26,5,21,1.0,2,15,0,6
careful_withhold,2026101374,DRAW_HORIZON,1563,81.839048,372,25,14,29,1.0,1,13,0,5
careful_withhold,2026101375,DRAW_HORIZON,1991,83.215238,365,25,10,33,0.5,2,12,0,9
careful_withhold,2026101376,DRAW_HORIZON,2078,76.905714,368,25,7,23,0.5,2,16,0,7
careful_withhold,2026101377,DRAW_HORIZON,1024,80.767619,364,27,8,29,0.5,1,15,0,4
careful_withhold,2026101378,DRAW_HORIZON,3527,75.586667,366,31,5,23,0.5,2,16,0,4
careful_withhold,2026101379,DRAW_HORIZON,1494,76.824762,374,23,8,22,0.5,3,12,0,3
careful_withhold,2026101380,DRAW_HORIZON,2730,71.91381,373,24,2,14,0.5,3,15,0,3
careful_withhold,2026101381,DRAW_HORIZON,1704,73.274286,373,23,4,22,0.5,5,9,0,5
careful_withhold,2026101382,DRAW_HORIZON,3641,77.67619,375,24,7,13,0.5,1,19,0,1
careful_withhold,2026101383,DRAW_HORIZON,1635,79.314286,377,22,9,16,0.5,3,16,0,5
careful_withhold,2026101384,DRAW_HORIZON,4372,78.301905,373,24,8,21,0.5,2,14,0,6
careful_withhold,2026101385,DRAW_HORIZON,1163,79.637619,365,30,10,24,0.5,1,21,0,4
careful_withhold,2026101386,DRAW_HORIZON,1176,80.78,370,27,10,25,0.5,3,15,0,7
careful_withhold,2026101387,DRAW_HORIZON,1720,79.128095,372,23,7,25,0.5,3,10,0,5
careful_withhold,2026101388,DRAW_HORIZON,1156,77.939048,372,22,11,22,0.5,1,17,0,13
careful_withhold,2026101389,DRAW_HORIZON,1888,78.795238,366,29,7,29,1.0,3,12,0,4
careful_withhold,2026101390,DRAW_HORIZON,1727,80.450952,366,26,6,29,0.5,3,11,0,7
careful_withhold,2026101391,DRAW_HORIZON,582,73.599048,363,31,8,24,0.5,2,21,0,5
careful_withhold,2026101392,DRAW_HORIZON,4295,81.409524,374,23,8,19,0.5,2,15,0,3
careful_withhold,2026101393,DRAW_HORIZON,942,75.632857,365,33,8,28,0.5,3,15,0,3
careful_withhold,2026101394,DRAW_HORIZON,4639,74.624286,376,22,5,17,0.5,1,12,0,5
careful_withhold,2026101395,DRAW_HORIZON,2963,73.970476,383,17,9,18,1.0,5,8,0,2
careful_withhold,2026101396,DRAW_HORIZON,1974,79.384286,360,39,18,38,1.0,3,20,0,2
careful_withhold,2026101397,DRAW_HORIZON,1931,79.40619,372,26,9,21,0.5,3,16,0,4
careful_withhold,2026101398,DRAW_HORIZON,2427,77.572857,366,31,6,23,0.5,2,17,0,2
careful_withhold,2026101399,DRAW_HORIZON,2922,73.121429,374,25,8,18,0.5,2,16,0,1
careful_withhold,2026101400,DRAW_HORIZON,714,71.954286,368,27,9,26,0.5,2,15,0,8
careful_withhold,2026101401,DRAW_HORIZON,259,78.30619,376,20,10,21,0.5,3,13,0,9
careful_withhold,2026101402,DRAW_HORIZON,1480,76.087143,366,29,6,20,0.5,1,20,0,3
careful_withhold,2026101403,DRAW_HORIZON,3573,74.689048,371,26,4,17,0.5,2,16,0,7
careful_withhold,2026101404,DRAW_HORIZON,3062,78.767988,374,24,5,12,0.5,2,19,3,1
careful_withhold,2026101405,DRAW_HORIZON,2342,76.125714,363,32,4,22,0.5,1,19,0,5
careful_withhold,2026101406,DRAW_HORIZON,3247,73.679524,373,25,7,18,1.0,2,16,0,2
careful_withhold,2026101407,DRAW_HORIZON,3140,72.584762,366,29,5,20,0.5,2,19,0,4
careful_withhold,2026101408,DRAW_HORIZON,1064,77.044286,365,29,7,22,0.5,2,20,0,8
careful_withhold,2026101409,DRAW_HORIZON,391,71.501429,362,34,8,25,0.5,3,21,0,6
careful_withhold,2026101410,DRAW_HORIZON,831,77.925238,360,32,6,29,0.5,3,17,0,8
careful_withhold,2026101411,DRAW_HORIZON,413,76.857619,362,34,9,27,0.5,1,20,0,5
careful_withhold,2026101412,DRAW_HORIZON,2292,81.283333,363,30,14,37,0.5,3,14,0,10
careful_withhold,2026101413,DRAW_HORIZON,2345,76.311429,372,23,6,17,0.5,3,17,0,2
careful_withhold,2026101414,DRAW_HORIZON,3719,83.597686,370,28,7,21,0.5,2,16,3,2
careful_withhold,2026101415,DRAW_HORIZON,766,79.92619,370,26,12,29,0.5,3,13,0,7
careful_withhold,2026101416,DRAW_HORIZON,1514,71.895238,371,26,2,10,0.5,2,21,0,3
careful_withhold,2026101417,DRAW_HORIZON,1750,80.256667,368,26,10,24,0.5,2,18,0,9
careful_withhold,2026101418,DRAW_HORIZON,4084,77.949524,374,24,11,22,0.5,2,15,0,3
careful_withhold,2026101419,DRAW_HORIZON,2658,76.005238,379,17,8,20,0.5,3,9,0,4
careful_withhold,2026101420,DRAW_HORIZON,1160,81.088571,360,39,9,32,0.5,3,17,0,2
careful_withhold,2026101421,DRAW_HORIZON,1909,72.933333,375,22,9,18,1.0,1,16,0,6
careful_withhold,2026101422,DRAW_HORIZON,2293,73.122296,371,26,6,21,0.5,3,14,2,4
careful_withhold,2026101423,DRAW_HORIZON,1879,77.280476,368,27,8,27,0.5,4,13,0,5
careful_withhold,2026101424,DRAW_HORIZON,2560,86.053333,361,34,5,24,0.5,2,20,0,2
careful_withhold,2026101425,DRAW_HORIZON,1952,78.41,375,20,9,19,1.0,1,15,0,6
careful_withhold,2026101426,DRAW_HORIZON,2846,80.094762,369,27,9,25,1.0,3,15,0,8
careful_withhold,2026101427,DRAW_HORIZON,2940,73.488095,364,30,6,22,0.5,2,20,0,4
careful_withhold,2026101428,DRAW_HORIZON,3196,72.413333,370,28,3,14,0.5,2,19,0,3
careful_withhold,2026101429,DRAW_HORIZON,1900,81.620476,370,24,5,18,0.5,1,17,0,4
careful_withhold,2026101430,DRAW_HORIZON,1829,72.161429,373,24,7,21,0.5,3,13,0,3
careful_withhold,2026101431,DRAW_HORIZON,2049,77.252857,371,25,10,28,0.5,3,11,0,6
careful_withhold,2026101432,DRAW_HORIZON,2368,82.542381,370,26,13,28,1.0,2,15,0,6
careful_withhold,2026101433,DRAW_HORIZON,2079,84.84619,347,44,9,46,0.5,3,16,0,9
careful_withhold,2026101434,DRAW_HORIZON,1302,79.649048,371,28,7,18,0.5,3,18,0,2
careful_withhold,2026101435,DRAW_HORIZON,1071,71.490476,370,26,6,21,0.5,2,15,0,6
careful_withhold,2026101436,DRAW_HORIZON,3735,82.690476,370,26,7,21,0.5,2,16,0,7
careful_withhold,2026101437,DRAW_HORIZON,2070,79.238095,370,27,14,27,0.5,3,17,0,5
careful_withhold,2026101438,DRAW_HORIZON,1980,79.011429,366,26,4,26,0.5,3,12,0,5
careful_withhold,2026101439,DRAW_HORIZON,1958,84.318095,366,32,10,28,0.5,2,16,0,7
careful_withhold,2026101440,DRAW_HORIZON,1579,74.968571,370,28,6,19,0.5,3,17,0,6
careful_withhold,2026101441,DRAW_HORIZON,597,77.126667,365,29,10,28,0.5,1,17,0,12
careful_withhold,2026101442,DRAW_HORIZON,2098,77.717143,374,20,10,24,0.5,3,12,0,6
careful_withhold,2026101443,DRAW_HORIZON,2729,78.062381,377,21,7,19,0.5,3,11,0,3
careful_withhold,2026101444,DRAW_HORIZON,3012,75.899048,369,27,8,23,0.5,2,16,0,4
careful_withhold,2026101445,DRAW_HORIZON,926,76.229048,367,29,6,21,0.5,2,18,0,5
careful_withhold,2026101446,DRAW_HORIZON,3203,76.158571,376,21,2,11,0.5,1,15,0,0
careful_withhold,2026101447,DRAW_HORIZON,1450,81.590952,362,32,3,25,0.5,3,16,0,7
careful_withhold,2026101448,DRAW_HORIZON,898,78.989524,366,29,5,27,0.5,4,12,0,4
careful_withhold,2026101449,DRAW_HORIZON,2156,80.192381,366,28,14,35,1.0,4,13,0,8
careful_withhold,2026101450,DRAW_HORIZON,2590,75.415714,369,29,8,20,0.5,2,19,0,4
careful_withhold,2026101451,DRAW_HORIZON,214,73.990476,377,19,7,20,0.5,4,10,0,5
careful_withhold,2026101452,DRAW_HORIZON,1476,74.945238,369,25,9,22,0.5,2,18,0,5
careful_withhold,2026101453,DRAW_HORIZON,3260,74.000476,374,23,4,16,0.5,2,14,0,1
careful_withhold,2026101454,DRAW_HORIZON,1738,73.777619,370,28,7,20,0.5,2,17,0,4
careful_withhold,2026101455,DRAW_HORIZON,3074,76.82381,369,29,7,21,1.0,2,17,0,3
careful_withhold,2026101456,DRAW_HORIZON,493,80.817143,363,33,11,26,1.0,3,22,0,7
careful_withhold,2026101457,DRAW_HORIZON,2356,76.081429,367,27,9,26,0.5,3,16,0,5
careful_withhold,2026101458,DRAW_HORIZON,3964,73.396667,370,27,7,16,0.5,2,21,0,5
careful_withhold,2026101459,DRAW_HORIZON,1993,78.777619,368,26,10,28,1.0,2,14,0,7
careful_withhold,2026101460,DRAW_HORIZON,2119,72.514762,373,26,9,19,0.5,2,17,0,3
careful_withhold,2026101461,DRAW_HORIZON,1616,81.68619,370,27,12,21,1.0,2,21,0,7
careful_withhold,2026101462,DRAW_HORIZON,1826,80.978095,376,17,5,16,0.5,3,13,0,8
careful_withhold,2026101463,DRAW_HORIZON,1789,78.379048,366,30,7,28,0.5,1,13,0,3
careful_withhold,2026101464,DRAW_HORIZON,1789,78.649048,380,18,8,16,1.0,3,12,0,4
careful_withhold,2026101465,DRAW_HORIZON,4784,70.706667,378,20,3,10,0.5,2,15,0,1
careful_withhold,2026101466,DRAW_HORIZON,2800,77.596667,378,18,9,20,1.0,3,11,0,5
careful_withhold,2026101467,DRAW_HORIZON,2421,73.760476,371,22,8,22,0.5,1,15,0,6
careful_withhold,2026101468,DRAW_HORIZON,2251,83.891429,372,27,4,19,0.5,3,13,0,3
careful_withhold,2026101469,DRAW_HORIZON,3707,83.371905,375,22,14,25,2.0,1,14,0,8
careful_withhold,2026101470,DRAW_HORIZON,2866,69.692381,370,28,2,12,0.5,1,20,0,1
careful_withhold,2026101471,DRAW_HORIZON,1009,77.611905,376,20,4,16,0.5,3,12,0,3
careful_withhold,2026101472,DRAW_HORIZON,1031,75.395714,370,26,10,22,0.5,2,18,0,7
careful_withhold,2026101473,DRAW_HORIZON,2570,77.260476,360,37,8,34,0.5,2,14,0,7
careful_withhold,2026101474,DRAW_HORIZON,882,79.908571,363,31,11,37,0.5,4,11,0,10
careful_withhold,2026101475,DRAW_HORIZON,186,80.362857,357,39,9,34,1.0,3,18,0,4
careful_withhold,2026101476,DRAW_HORIZON,2699,82.645714,369,27,14,26,0.5,2,19,0,9
careful_withhold,2026101477,DRAW_HORIZON,1358,78.395238,372,24,9,25,0.5,3,12,0,5
careful_withhold,2026101478,DRAW_HORIZON,2732,76.659048,368,28,6,22,0.5,3,16,0,5
careful_withhold,2026101479,DRAW_HORIZON,3329,86.727765,357,40,11,31,0.5,1,23,4,8
careful_withhold,2026101480,DRAW_HORIZON,3344,76.747619,372,26,6,18,0.5,2,16,0,3
careful_withhold,2026101481,DRAW_HORIZON,1388,74.722857,368,28,7,22,0.5,2,17,0,6
careful_withhold,2026101482,DRAW_HORIZON,520,82.8,363,34,8,28,0.5,3,17,0,6
careful_withhold,2026101483,DRAW_HORIZON,3193,73.37381,371,27,4,19,0.5,2,14,0,3
careful_withhold,2026101484,DRAW_HORIZON,2478,72.275238,370,29,6,18,0.5,1,18,0,3
careful_withhold,2026101485,DRAW_HORIZON,1344,77.282381,370,26,11,28,0.5,3,13,0,3
careful_withhold,2026101486,DRAW_HORIZON,1036,81.094286,368,28,6,26,0.5,3,12,0,2
careful_withhold,2026101487,DRAW_HORIZON,2966,71.411429,371,28,3,14,0.5,2,18,0,3
careful_withhold,2026101488,DRAW_HORIZON,304,83.596667,361,32,11,34,0.5,3,16,0,6
careful_withhold,2026101489,DRAW_HORIZON,4196,78.076667,374,23,5,17,0.5,2,14,0,3
careful_withhold,2026101490,DRAW_HORIZON,1859,72.426667,375,21,5,17,0.5,2,13,0,5
careful_withhold,2026101491,DRAW_HORIZON,4291,81.680476,378,19,9,19,0.5,2,12,0,5
careful_withhold,2026101492,DRAW_HORIZON,4772,78.871429,373,26,4,17,0.5,2,14,0,1
careful_withhold,2026101493,DRAW_HORIZON,1676,78.10619,374,21,6,21,1.0,2,11,0,5
careful_withhold,2026101494,DRAW_HORIZON,1801,77.003333,373,20,11,22,0.5,2,16,0,11
careful_withhold,2026101495,DRAW_HORIZON,106,78.535714,367,29,6,28,0.5,3,11,0,3
careful_withhold,2026101496,DRAW_HORIZON,1067,80.020476,375,23,3,13,0.5,3,15,0,4
careful_withhold,2026101497,DRAW_HORIZON,724,80.417619,369,27,9,28,0.5,4,12,0,7
careful_withhold,2026101498,DRAW_HORIZON,2284,80.434286,369,27,7,22,0.5,3,16,0,5
careful_withhold,2026101499,DRAW_HORIZON,3021,79.101429,365,30,5,21,0.5,2,19,0,4
careful_withhold,2026101500,DRAW_HORIZON,2828,78.442381,370,25,5,20,0.5,2,15,0,2
careful_withhold,2026101501,DRAW_HORIZON,481,79.041905,361,36,7,26,1.0,3,20,0,3
careful_withhold,2026101502,DRAW_HORIZON,1394,82.310476,363,32,7,30,0.5,3,14,0,5
careful_withhold,2026101503,DRAW_HORIZON,1884,81.683333,370,25,10,25,0.5,2,15,0,8
careful_withhold,2026101504,DRAW_HORIZON,1744,81.102857,362,33,11,37,1.0,3,12,0,5
careful_withhold,2026101505,DRAW_HORIZON,3106,73.327619,370,27,6,18,0.5,1,18,0,4
careful_withhold,2026101506,DRAW_HORIZON,372,83.710952,358,37,12,36,0.5,3,18,0,7
careful_withhold,2026101507,DRAW_HORIZON,3055,85.127619,362,33,9,28,0.5,1,19,0,5
careful_withhold,2026101508,DRAW_HORIZON,1605,79.489524,364,28,5,23,0.5,2,18,0,8
careful_withhold,2026101509,DRAW_HORIZON,231,75.648095,363,32,8,23,0.5,2,22,0,6
careful_withhold,2026101510,DRAW_HORIZON,168,79.949524,367,30,6,24,0.5,3,15,0,4
careful_withhold,2026101511,DRAW_HORIZON,1040,73.73381,367,28,6,20,0.5,1,19,0,7
careful_withhold,2026101512,DRAW_HORIZON,1284,79.025238,371,25,10,25,0.5,4,14,0,4
careful_withhold,2026101513,DRAW_HORIZON,269,83.396667,375,21,9,23,0.5,3,11,0,6
careful_withhold,2026101514,DRAW_HORIZON,1127,79.317619,361,32,15,36,1.0,1,18,0,15
careful_withhold,2026101515,DRAW_HORIZON,1546,82.698095,366,29,14,31,1.0,1,17,0,7
careful_withhold,2026101516,DRAW_HORIZON,2796,83.669524,372,26,8,22,0.5,2,14,0,2
careful_withhold,2026101517,DRAW_HORIZON,2245,76.499048,370,28,5,20,0.5,2,15,0,4
careful_withhold,2026101518,DRAW_HORIZON,3137,76.194286,367,31,4,15,0.5,1,22,0,3
careful_withhold,2026101519,DRAW_HORIZON,1989,76.702857,374,26,12,23,0.5,3,15,0,4
careful_withhold,2026101520,DRAW_HORIZON,791,84.41,362,34,9,29,0.5,3,18,0,8
careful_withhold,2026101521,DRAW_HORIZON,3138,77.972381,376,20,8,16,0.5,2,16,0,3
careful_withhold,2026101522,DRAW_HORIZON,2923,78.472857,375,22,6,15,0.5,2,16,0,5
careful_withhold,2026101523,DRAW_HORIZON,1742,77.309048,370,25,9,25,0.5,3,14,0,4
careful_withhold,2026101524,DRAW_HORIZON,1849,73.27,365,30,2,21,0.5,3,16,0,4
careful_withhold,2026101525,DRAW_HORIZON,4421,75.007143,374,23,6,17,0.5,2,15,0,3
careful_withhold,2026101526,DRAW_HORIZON,485,77.58,365,32,7,28,0.5,4,14,0,5
careful_withhold,2026101527,DRAW_HORIZON,2977,76.876667,366,30,7,25,1.0,2,16,0,4
careful_withhold,2026101528,DRAW_HORIZON,2019,77.614762,368,26,7,22,0.5,2,17,0,6
careful_withhold,2026101529,DRAW_HORIZON,1132,74.20381,370,26,4,22,0.5,3,12,0,5
careful_withhold,2026101530,DRAW_HORIZON,1796,80.518095,376,21,9,21,0.5,2,12,0,2
careful_withhold,2026101531,DRAW_HORIZON,4234,78.929048,370,26,9,24,0.5,2,15,0,9
careful_withhold,2026101532,DRAW_HORIZON,1554,81.002381,372,25,10,22,0.5,2,16,0,8
careful_withhold,2026101533,DRAW_HORIZON,2029,77.15619,372,25,10,26,0.5,3,12,0,3
careful_withhold,2026101534,DRAW_HORIZON,4252,73.227619,367,31,3,18,0.5,2,18,0,3
careful_withhold,2026101535,DRAW_HORIZON,2852,76.909524,361,33,8,30,0.5,2,17,0,6
careful_withhold,2026101536,DRAW_HORIZON,657,82.82619,367,26,9,29,0.5,1,13,0,6
careful_withhold,2026101537,DRAW_HORIZON,2577,77.544286,371,24,8,21,0.5,2,16,0,5
careful_withhold,2026101538,DRAW_HORIZON,2183,76.388571,375,21,8,15,0.5,3,18,0,7
careful_withhold,2026101539,DRAW_HORIZON,1696,78.379524,376,23,7,16,0.5,1,15,0,1
careful_withhold,2026101540,DRAW_HORIZON,4769,73.651905,379,19,7,16,0.5,1,12,0,3
careful_withhold,2026101541,DRAW_HORIZON,3614,76.519524,365,30,5,22,0.5,1,18,0,4
careful_withhold,2026101542,DRAW_HORIZON,2022,76.245238,370,26,6,21,1.0,2,15,0,2
careful_withhold,2026101543,DRAW_HORIZON,1462,79.264762,372,25,13,27,0.5,3,14,0,7
careful_withhold,2026101544,DRAW_HORIZON,2141,68.663333,377,19,3,15,0.5,4,11,0,6
careful_withhold,2026101545,DRAW_HORIZON,1306,86.060952,366,30,14,35,1.0,4,13,0,8
careful_withhold,2026101546,DRAW_HORIZON,3200,78.614286,368,32,9,23,1.0,2,18,0,0
careful_withhold,2026101547,DRAW_HORIZON,436,87.360952,365,29,16,41,0.5,4,10,0,13
careful_withhold,2026101548,DRAW_HORIZON,2156,77.047619,360,36,7,26,0.5,2,21,0,5
careful_withhold,2026101549,DRAW_HORIZON,375,77.476638,362,30,8,25,0.5,2,21,1,9
careful_withhold,2026101550,DRAW_HORIZON,4134,73.452381,372,24,5,17,0.5,2,16,0,5
careful_withhold,2026101551,DRAW_HORIZON,2553,72.408571,375,24,8,17,0.5,2,16,0,2
careful_withhold,2026101552,DRAW_HORIZON,4195,72.231429,376,21,9,19,0.5,1,14,0,5
careful_withhold,2026101553,DRAW_HORIZON,3090,73.499048,368,30,8,21,1.0,1,19,0,6
careful_withhold,2026101554,DRAW_HORIZON,4476,80.120476,372,24,9,22,0.5,2,15,0,7
careful_withhold,2026101555,DRAW_HORIZON,2611,78.041429,374,21,10,23,0.5,1,13,0,9
careful_withhold,2026101556,DRAW_HORIZON,3384,74.471429,372,25,2,16,0.5,2,14,0,3
careful_withhold,2026101557,DRAW_HORIZON,1769,79.695714,372,21,10,23,0.5,3,15,0,9
careful_withhold,2026101558,DRAW_HORIZON,2388,76.427143,376,21,10,24,0.5,2,10,0,3
careful_withhold,2026101559,DRAW_HORIZON,1544,75.97381,365,30,8,24,0.5,1,19,0,5
careful_withhold,2026101560,DRAW_HORIZON,1540,76.826667,371,27,7,24,0.5,3,12,0,3
careful_withhold,2026101561,DRAW_HORIZON,1274,76.18619,370,27,10,26,0.5,3,14,0,4
careful_withhold,2026101562,DRAW_HORIZON,737,76.04,365,31,6,27,0.5,3,14,0,7
careful_withhold,2026101563,DRAW_HORIZON,1319,77.540476,367,27,11,28,0.5,3,16,0,11
careful_withhold,2026101564,DRAW_HORIZON,1132,76.804286,366,32,4,20,0.5,3,18,0,4
careful_withhold,2026101565,DRAW_HORIZON,1736,75.040952,370,26,8,22,0.5,1,16,0,7
careful_withhold,2026101566,DRAW_HORIZON,1401,81.04381,371,26,10,23,1.0,3,16,0,6
careful_withhold,2026101567,DRAW_HORIZON,1385,80.244762,369,26,9,22,1.0,2,18,0,8
careful_withhold,2026101568,DRAW_HORIZON,1167,88.282381,369,26,6,22,0.5,3,15,0,6
careful_withhold,2026101569,DRAW_HORIZON,1656,70.517143,371,22,6,20,0.5,3,15,0,9
careful_withhold,2026101570,DRAW_HORIZON,3880,81.37619,372,25,6,16,0.5,1,18,0,6
careful_withhold,2026101571,DRAW_HORIZON,2193,76.147619,380,19,8,17,0.5,4,11,0,2
careful_withhold,2026101572,DRAW_HORIZON,1684,76.797143,375,23,8,19,0.5,3,14,0,2
careful_withhold,2026101573,DRAW_HORIZON,1232,83.098571,372,24,11,26,0.5,2,13,0,5
careful_withhold,2026101574,DRAW_HORIZON,1470,79.099524,375,21,8,21,1.0,3,12,0,8
careful_withhold,2026101575,DRAW_HORIZON,3476,75.652381,369,25,8,23,0.5,2,16,0,7
careful_withhold,2026101576,DRAW_HORIZON,3684,76.359524,365,33,5,20,0.5,2,20,0,3
careful_withhold,2026101577,DRAW_HORIZON,1885,79.732857,366,28,9,31,0.5,4,12,0,7
careful_withhold,2026101578,DRAW_HORIZON,1110,81.62381,357,36,4,31,1.0,1,16,0,5
careful_withhold,2026101579,DRAW_HORIZON,1637,83.780952,371,24,5,19,0.5,3,15,0,5
careful_withhold,2026101580,DRAW_HORIZON,2037,81.535238,366,31,14,33,1.0,1,15,0,4
careful_withhold,2026101581,DRAW_HORIZON,1910,73.920952,374,18,8,22,1.0,2,12,0,7
careful_withhold,2026101582,DRAW_HORIZON,2226,79.133333,367,29,10,24,0.5,2,19,0,4
careful_withhold,2026101583,DRAW_HORIZON,785,83.479048,363,33,12,32,1.0,4,17,0,10
careful_withhold,2026101584,DRAW_HORIZON,2431,72.916667,371,27,9,21,0.5,3,17,0,3
careful_withhold,2026101585,DRAW_HORIZON,3131,75.971429,365,32,10,23,0.5,1,22,0,6
careful_withhold,2026101586,DRAW_HORIZON,2084,74.279048,369,26,10,25,1.0,3,16,0,9
careful_withhold,2026101587,DRAW_HORIZON,2274,79.574762,368,27,8,26,0.5,3,14,0,6
careful_withhold,2026101588,DRAW_HORIZON,1312,77.750952,367,26,6,21,1.0,2,18,0,9
careful_withhold,2026101589,DRAW_HORIZON,2170,75.174762,376,22,9,18,1.0,2,15,0,4
careful_withhold,2026101590,DRAW_HORIZON,2442,76.812381,377,21,8,21,0.5,3,10,0,4
careful_withhold,2026101591,DRAW_HORIZON,868,84.512381,364,30,11,33,0.5,3,14,0,6
careful_withhold,2026101592,DRAW_HORIZON,2604,71.551429,376,20,7,15,1.0,1,16,0,5
careful_withhold,2026101593,DRAW_HORIZON,832,77.998571,368,30,4,18,0.5,3,18,0,3
careful_withhold,2026101594,DRAW_HORIZON,969,82.044286,366,30,9,27,0.5,3,16,0,5
careful_withhold,2026101595,DRAW_HORIZON,1668,75.701905,369,26,5,24,0.5,4,12,0,4
careful_withhold,2026101596,DRAW_HORIZON,1954,76.088095,371,26,4,18,0.5,3,15,0,1
careful_withhold,2026101597,DRAW_HORIZON,3361,77.777143,373,25,10,22,0.5,2,15,0,5
careful_withhold,2026101598,DRAW_HORIZON,3419,74.112381,371,26,7,19,0.5,1,17,0,3
careful_withhold,2026101599,DRAW_HORIZON,2453,76.843333,375,24,6,18,1.0,3,13,0,3
careful_withhold,2026101600,DRAW_HORIZON,1653,77.244762,374,21,8,22,0.5,3,12,0,3
careful_withhold,2026101601,DRAW_HORIZON,1371,78.678571,367,31,7,25,0.5,3,15,0,1
careful_withhold,2026101602,DRAW_HORIZON,3825,79.691429,368,26,6,23,0.5,2,15,0,6
careful_withhold,2026101603,DRAW_HORIZON,3781,74.634286,378,21,8,17,0.5,2,13,0,0
careful_withhold,2026101604,DRAW_HORIZON,751,81.085238,374,23,6,23,0.5,4,9,0,6
careful_withhold,2026101605,DRAW_HORIZON,2850,78.079048,364,34,9,21,0.5,2,24,0,6
careful_withhold,2026101606,DRAW_HORIZON,1588,83.017143,374,24,11,26,0.5,4,11,0,3
careful_withhold,2026101607,DRAW_HORIZON,1926,76.798095,375,22,6,18,0.5,3,13,0,3
careful_withhold,2026101608,DRAW_HORIZON,2934,82.09,359,37,9,38,0.5,3,12,0,6
careful_withhold,2026101609,DRAW_HORIZON,475,79.589951,361,32,7,31,0.5,3,15,1,6
careful_withhold,2026101610,DRAW_HORIZON,1594,80.158095,373,25,12,27,0.5,4,12,0,6
careful_withhold,2026101611,DRAW_HORIZON,1822,76.710476,371,25,10,21,0.5,3,18,0,4
careful_withhold,2026101612,DRAW_HORIZON,3171,76.58381,368,30,5,22,0.5,2,15,0,4
careful_withhold,2026101613,DRAW_HORIZON,4743,73.131905,374,23,5,15,0.5,2,16,0,3
careful_withhold,2026101614,DRAW_HORIZON,2647,81.744286,363,34,9,27,0.5,3,19,0,5
careful_withhold,2026101615,DRAW_HORIZON,1616,74.945238,365,30,9,28,0.5,3,16,0,7
careful_withhold,2026101616,DRAW_HORIZON,897,73.98,364,30,6,25,0.5,3,17,0,8
careful_withhold,2026101617,DRAW_HORIZON,2645,77.231905,373,19,8,23,0.5,2,12,0,11
careful_withhold,2026101618,DRAW_HORIZON,1396,77.54381,370,30,4,22,0.5,4,12,0,1
careful_withhold,2026101619,DRAW_HORIZON,2375,83.317143,360,38,10,27,1.0,1,23,0,3
careful_withhold,2026101620,DRAW_HORIZON,2381,79.18619,370,28,6,20,0.5,2,16,0,3
careful_withhold,2026101621,DRAW_HORIZON,1331,77.855238,364,34,7,25,0.5,3,18,0,5
careful_withhold,2026101622,DRAW_HORIZON,1096,80.351429,365,30,14,34,0.5,2,15,0,10
careful_withhold,2026101623,DRAW_HORIZON,4047,75.234286,377,20,6,15,0.5,1,14,0,3
careful_withhold,2026101624,DRAW_HORIZON,1215,82.2,360,31,12,37,0.5,2,15,0,12
careful_withhold,2026101625,DRAW_HORIZON,4287,78.624762,371,26,5,19,0.5,2,15,0,4
careful_withhold,2026101626,DRAW_HORIZON,2426,78.373333,374,24,11,28,0.5,3,9,0,7
careful_withhold,2026101627,DRAW_HORIZON,1685,78.353333,371,27,8,24,0.5,3,13,0,2
careful_withhold,2026101628,DRAW_HORIZON,3211,81.469524,372,25,11,23,0.5,2,16,0,4
careful_withhold,2026101629,DRAW_HORIZON,1660,81.00381,364,30,6,22,0.5,1,20,0,5
careful_withhold,2026101630,DRAW_HORIZON,2099,71.364762,367,29,4,17,0.5,1,20,0,6
careful_withhold,2026101631,DRAW_HORIZON,1212,74.081905,368,31,5,20,0.5,2,17,0,3
careful_withhold,2026101632,DRAW_HORIZON,2520,73.727619,376,19,8,17,0.5,1,15,0,5
careful_withhold,2026101633,DRAW_HORIZON,477,81.270952,367,27,8,27,0.5,2,14,0,8
careful_withhold,2026101634,DRAW_HORIZON,1331,77.987619,374,22,12,25,0.5,2,13,0,7
careful_withhold,2026101635,DRAW_HORIZON,1229,76.425238,367,27,10,27,0.5,2,16,0,11
careful_withhold,2026101636,DRAW_HORIZON,2411,83.529524,371,27,14,27,1.0,2,16,0,7
careful_withhold,2026101637,DRAW_HORIZON,1619,69.065714,370,27,6,19,0.5,2,17,0,3
careful_withhold,2026101638,DRAW_HORIZON,3532,78.472381,379,18,13,22,1.0,2,12,0,7
careful_withhold,2026101639,DRAW_HORIZON,293,80.436667,363,29,9,36,0.5,5,10,0,4
careful_withhold,2026101640,DRAW_HORIZON,2254,71.040476,374,24,6,16,0.5,2,16,0,5
careful_withhold,2026101641,DRAW_HORIZON,826,80.135238,376,22,11,22,1.0,3,13,0,8
careful_withhold,2026101642,DRAW_HORIZON,2990,71.115714,363,33,4,17,0.5,2,24,0,3
careful_withhold,2026101643,DRAW_HORIZON,1560,79.540952,371,23,10,26,0.5,3,13,0,6
careful_withhold,2026101644,DRAW_HORIZON,3853,82.459048,374,24,7,19,0.5,2,14,0,3
careful_withhold,2026101645,DRAW_HORIZON,1424,73.03,365,32,8,24,0.5,1,19,0,3
careful_withhold,2026101646,DRAW_HORIZON,2659,74.59619,370,26,9,26,1.0,3,13,0,12
careful_withhold,2026101647,DRAW_HORIZON,1701,72.509524,368,29,4,17,0.5,3,19,0,1
careful_withhold,2026101648,DRAW_HORIZON,904,75.541905,366,30,8,23,1.0,1,19,0,6
careful_withhold,2026101649,DRAW_HORIZON,1603,82.204286,367,26,4,23,0.5,3,14,0,7
careful_withhold,2026101650,DRAW_HORIZON,969,81.205714,367,30,5,23,0.5,3,15,0,3
careful_withhold,2026101651,DRAW_HORIZON,441,79.650952,366,28,9,27,0.5,3,16,0,7
careful_withhold,2026101652,DRAW_HORIZON,1587,76.208571,372,25,11,25,0.5,3,14,0,5
careful_withhold,2026101653,DRAW_HORIZON,1365,86.394286,368,31,11,26,1.0,2,17,0,3
careful_withhold,2026101654,DRAW_HORIZON,2931,71.630952,377,21,8,13,0.5,2,18,0,1
careful_withhold,2026101655,DRAW_HORIZON,1327,77.937619,370,30,12,25,0.5,2,17,0,2
careful_withhold,2026101656,DRAW_HORIZON,1533,82.92381,368,28,11,27,0.5,3,16,0,5
careful_withhold,2026101657,DRAW_HORIZON,1614,78.739048,370,23,8,26,0.5,2,12,0,6
careful_withhold,2026101658,DRAW_HORIZON,3812,74.77381,368,29,8,21,0.5,2,19,0,5
careful_withhold,2026101659,DRAW_HORIZON,1463,78.44381,367,30,5,20,0.5,3,18,0,5
careful_withhold,2026101660,DRAW_HORIZON,1358,83.851905,368,28,8,28,0.5,4,12,0,6
careful_withhold,2026101661,DRAW_HORIZON,2054,78.883333,372,20,3,16,0.5,3,15,0,7
careful_withhold,2026101662,DRAW_HORIZON,3529,73.341429,371,25,4,19,0.5,1,14,0,2
careful_withhold,2026101663,DRAW_HORIZON,3188,75.202381,372,23,11,24,0.5,1,15,0,4
careful_withhold,2026101664,DRAW_HORIZON,1536,75.113333,373,22,10,22,0.5,1,15,0,3
careful_withhold,2026101665,DRAW_HORIZON,1898,77.979048,370,27,7,26,0.5,4,11,0,4
careful_withhold,2026101666,DRAW_HORIZON,948,73.657143,367,28,4,24,0.5,3,13,0,6
careful_withhold,2026101667,DRAW_HORIZON,1709,76.797143,368,29,10,25,0.5,1,17,0,4
careful_withhold,2026101668,DRAW_HORIZON,361,78.594286,360,34,6,31,0.5,3,15,0,2
careful_withhold,2026101669,DRAW_HORIZON,2052,73.650476,368,28,8,22,0.5,2,18,0,5
careful_withhold,2026101670,DRAW_HORIZON,2324,71.767619,378,21,5,12,0.5,3,15,0,2
careful_withhold,2026101671,DRAW_HORIZON,2168,73.617143,377,22,7,13,0.5,2,17,0,1
careful_withhold,2026101672,DRAW_HORIZON,1704,76.409524,370,27,7,21,1.0,3,16,0,3
careful_withhold,2026101673,DRAW_HORIZON,1702,79.861905,364,34,9,28,0.5,2,17,0,4
careful_withhold,2026101674,DRAW_HORIZON,4777,72.964286,376,21,2,13,0.5,2,13,0,1
careful_withhold,2026101675,DRAW_HORIZON,1537,75.407143,368,31,8,25,0.5,3,15,0,2
careful_withhold,2026101676,DRAW_HORIZON,918,71.089524,373,23,3,16,0.5,3,14,0,4
careful_withhold,2026101677,DRAW_HORIZON,3161,75.87619,367,29,4,19,0.5,2,18,0,6
careful_withhold,2026101678,DRAW_HORIZON,3622,73.870952,370,27,5,22,0.5,2,13,0,2
careful_withhold,2026101679,DRAW_HORIZON,2418,75.810476,377,22,8,18,0.5,3,13,0,0
careful_withhold,2026101680,DRAW_HORIZON,3942,82.842381,370,29,10,24,0.5,2,16,0,3
careful_withhold,2026101681,DRAW_HORIZON,1387,76.781905,368,26,7,22,0.5,2,17,0,6
careful_withhold,2026101682,DRAW_HORIZON,1497,79.40381,370,23,7,25,0.5,2,12,0,7
careful_withhold,2026101683,DRAW_HORIZON,676,84.99,359,32,11,33,0.5,1,19,0,6
careful_withhold,2026101684,DRAW_HORIZON,898,79.81619,369,25,9,24,0.5,2,16,0,9
careful_withhold,2026101685,DRAW_HORIZON,1804,81.900476,364,34,3,26,0.5,4,13,0,2
careful_withhold,2026101686,DRAW_HORIZON,2477,83.28,365,32,10,29,0.5,3,16,0,6
careful_withhold,2026101687,DRAW_HORIZON,1989,84.037619,375,23,6,21,0.5,4,10,0,2
careful_withhold,2026101688,DRAW_HORIZON,4463,80.454286,376,21,7,19,0.5,2,12,0,5
careful_withhold,2026101689,DRAW_HORIZON,2676,72.08381,369,29,4,14,0.5,2,21,0,2
careful_withhold,2026101690,DRAW_HORIZON,3544,76.792381,378,21,8,13,1.0,2,17,0,3
careful_withhold,2026101691,DRAW_HORIZON,3144,76.301429,366,31,12,26,1.0,2,20,0,7
careful_withhold,2026101692,DRAW_HORIZON,2471,78.495714,381,17,11,20,0.5,3,10,0,1
careful_withhold,2026101693,DRAW_HORIZON,3918,77.797619,367,29,6,24,0.5,2,15,0,7
careful_withhold,2026101694,DRAW_HORIZON,1461,77.449524,364,30,4,27,0.5,3,13,0,7
careful_withhold,2026101695,DRAW_HORIZON,2002,71.499524,373,24,8,18,0.5,3,17,0,5
careful_withhold,2026101696,DRAW_HORIZON,3163,82.718571,371,26,10,23,0.5,2,16,0,2
careful_withhold,2026101697,DRAW_HORIZON,3664,82.770476,368,25,5,20,0.5,2,17,0,4
careful_withhold,2026101698,DRAW_HORIZON,144,75.832857,359,33,6,26,0.5,1,21,0,7
careful_withhold,2026101699,DRAW_HORIZON,1777,77.680476,370,29,5,29,0.5,4,6,0,1
careful_withhold,2026101700,DRAW_HORIZON,1696,77.251429,373,26,6,21,0.5,4,12,0,3
careful_withhold,2026101701,DRAW_HORIZON,1686,78.992381,371,26,7,22,0.5,3,14,0,5
careful_withhold,2026101702,DRAW_HORIZON,2144,78.035714,368,28,5,26,0.5,4,11,0,3
careful_withhold,2026101703,DRAW_HORIZON,2299,81.088095,366,28,6,25,0.5,2,15,0,4
careful_withhold,2026101704,DRAW_HORIZON,2460,72.696667,366,30,5,22,0.5,2,17,0,2
careful_withhold,2026101705,DRAW_HORIZON,1908,75.078571,372,22,6,22,0.5,2,12,0,7
careful_withhold,2026101706,DRAW_HORIZON,1199,82.101429,368,27,11,28,0.5,4,15,0,5
careful_withhold,2026101707,DRAW_HORIZON,478,78.159524,374,22,7,22,0.5,3,11,0,7
careful_withhold,2026101708,DRAW_HORIZON,1668,79.059048,373,22,8,25,1.0,4,10,0,5
careful_withhold,2026101709,DRAW_HORIZON,1718,79.344286,367,23,7,28,0.5,3,12,0,10
careful_withhold,2026101710,DRAW_HORIZON,1226,80.232857,363,36,12,34,0.5,2,15,0,2
careful_withhold,2026101711,DRAW_HORIZON,2784,76.18619,371,25,7,18,0.5,1,18,0,4
careful_withhold,2026101712,DRAW_HORIZON,2710,77.312381,373,24,10,22,0.5,2,15,0,6
careful_withhold,2026101713,DRAW_HORIZON,1993,78.059048,378,20,4,11,0.5,2,15,0,4
careful_withhold,2026101714,DRAW_HORIZON,1056,82.066667,365,30,7,28,0.5,3,14,0,7
careful_withhold,2026101715,DRAW_HORIZON,2690,78.272857,366,28,7,26,1.0,2,15,0,9
careful_withhold,2026101716,DRAW_HORIZON,2478,81.428095,362,33,10,30,0.5,1,18,0,6
careful_withhold,2026101717,DRAW_HORIZON,1245,79.170476,373,25,14,31,0.5,4,10,0,8
careful_withhold,2026101718,DRAW_HORIZON,1156,74.921905,369,25,7,22,0.5,2,16,0,10
careful_withhold,2026101719,DRAW_HORIZON,1584,71.886667,378,20,11,22,0.5,3,11,0,2
careful_withhold,2026101720,DRAW_HORIZON,3234,75.251429,363,32,5,26,0.5,1,16,0,6
careful_withhold,2026101721,DRAW_HORIZON,2355,76.029048,365,29,5,29,0.5,4,11,0,5
careful_withhold,2026101722,DRAW_HORIZON,2933,84.775714,360,32,11,31,0.5,1,20,0,14
careful_withhold,2026101723,DRAW_HORIZON,1617,79.65,366,32,14,35,1.0,3,13,0,7
careful_withhold,2026101724,DRAW_HORIZON,1280,81.990952,365,31,6,26,0.5,3,15,0,3
careful_withhold,2026101725,DRAW_HORIZON,2440,77.829524,370,25,8,24,0.5,2,14,0,6
careful_withhold,2026101726,DRAW_HORIZON,1628,78.580476,371,22,7,24,0.5,3,12,0,3
careful_withhold,2026101727,DRAW_HORIZON,2977,77.667143,375,22,10,22,1.0,2,13,0,6
careful_withhold,2026101728,DRAW_HORIZON,1177,86.982857,371,25,15,34,2.0,3,10,0,4
careful_withhold,2026101729,DRAW_HORIZON,3547,75.637619,373,26,4,15,0.5,2,16,0,1
careful_withhold,2026101730,DRAW_HORIZON,1888,76.203333,369,30,8,22,1.0,3,17,0,4
careful_withhold,2026101731,DRAW_HORIZON,2842,78.428571,364,31,6,23,1.0,2,19,0,6
careful_withhold,2026101732,DRAW_HORIZON,630,80.403333,365,28,11,35,0.5,3,11,0,7
careful_withhold,2026101733,DRAW_HORIZON,203,78.694286,377,18,7,23,0.5,5,7,0,7
careful_withhold,2026101734,DRAW_HORIZON,1102,71.524286,363,35,11,22,1.0,1,26,0,2
careful_withhold,2026101735,DRAW_HORIZON,1192,84.771429,364,32,9,27,1.0,1,18,0,5
careful_withhold,2026101736,DRAW_HORIZON,1214,78.327143,371,25,10,20,0.5,2,19,0,5
careful_withhold,2026101737,DRAW_HORIZON,864,77.28381,370,26,9,23,0.5,1,16,0,6
careful_withhold,2026101738,DRAW_HORIZON,2429,74.740952,360,35,4,25,0.5,2,19,0,6
careful_withhold,2026101739,DRAW_HORIZON,1383,81.60619,372,20,9,25,0.5,2,12,0,8
careful_withhold,2026101740,DRAW_HORIZON,959,75.766667,361,37,3,17,0.5,1,25,0,5
careful_withhold,2026101741,DRAW_HORIZON,2085,71.577143,373,25,6,19,0.5,4,14,0,6
careful_withhold,2026101742,DRAW_HORIZON,3673,76.704762,364,33,7,25,0.5,2,18,0,4
careful_withhold,2026101743,DRAW_HORIZON,400,78.2,361,33,12,35,1.0,3,16,0,8
careful_withhold,2026101744,DRAW_HORIZON,1844,77.63,364,32,7,22,0.5,1,21,0,7
careful_withhold,2026101745,DRAW_HORIZON,2472,77.184286,378,21,7,16,0.5,3,13,0,4
careful_withhold,2026101746,DRAW_HORIZON,2042,75.483333,378,17,8,22,0.5,2,8,0,8
careful_withhold,2026101747,DRAW_HORIZON,995,78.712857,368,30,11,23,0.5,2,20,0,6
careful_withhold,2026101748,DRAW_HORIZON,2651,84.575238,375,21,11,26,1.0,3,10,0,9
careful_withhold,2026101749,DRAW_HORIZON,1253,76.554762,370,26,7,21,0.5,3,16,0,4
careful_withhold,2026101750,DRAW_HORIZON,817,79.926667,365,30,13,34,0.5,3,14,0,11
careful_withhold,2026101751,DRAW_HORIZON,1529,75.370476,370,26,9,23,0.5,2,16,0,7
careful_withhold,2026101752,DRAW_HORIZON,1126,82.22619,356,35,6,34,0.5,3,16,0,10
careful_withhold,2026101753,DRAW_HORIZON,1842,75.89,376,19,5,22,0.5,4,7,0,5
careful_withhold,2026101754,DRAW_HORIZON,1967,75.615714,373,24,6,20,0.5,2,13,0,4
careful_withhold,2026101755,DRAW_HORIZON,377,67.128571,377,22,3,13,0.5,3,13,0,1
careful_withhold,2026101756,DRAW_HORIZON,2463,77.537143,368,31,7,19,0.5,1,20,0,1
careful_withhold,2026101757,DRAW_HORIZON,1668,88.772381,372,22,10,26,0.5,4,12,0,7
careful_withhold,2026101758,DRAW_HORIZON,726,76.388095,362,35,9,30,0.5,3,17,0,4
careful_withhold,2026101759,DRAW_HORIZON,2941,80.978095,366,30,5,23,0.5,2,16,0,4
careful_withhold,2026101760,DRAW_HORIZON,1379,81.838095,365,28,13,33,0.5,2,15,0,9
careful_withhold,2026101761,DRAW_HORIZON,588,78.000476,361,34,12,33,0.5,2,18,0,9
careful_withhold,2026101762,DRAW_HORIZON,1583,75.41381,373,27,4,17,0.5,3,14,0,2
careful_withhold,2026101763,DRAW_HORIZON,3584,73.894762,381,16,6,12,0.5,2,13,0,4
careful_withhold,2026101764,DRAW_HORIZON,588,76.467619,369,28,4,21,0.5,3,14,0,4
careful_withhold,2026101765,DRAW_HORIZON,1014,79.875238,362,35,6,30,0.5,4,14,0,3
careful_withhold,2026101766,DRAW_HORIZON,2016,75.320476,378,18,6,20,0.5,4,8,0,6
careful_withhold,2026101767,DRAW_HORIZON,1231,81.197143,370,24,7,21,0.5,3,16,0,4
careful_withhold,2026101768,DRAW_HORIZON,1433,78.612381,370,27,8,25,0.5,3,13,0,5
careful_withhold,2026101769,DRAW_HORIZON,1394,80.898571,366,29,12,32,1.0,3,14,0,7
careful_withhold,2026101770,DRAW_HORIZON,1136,73.159048,366,29,8,20,0.5,1,22,0,6
careful_withhold,2026101771,DRAW_HORIZON,546,84.504286,367,25,8,21,1.0,2,20,0,9
careful_withhold,2026101772,DRAW_HORIZON,2138,80.622857,371,25,11,24,0.5,1,16,0,4
careful_withhold,2026101773,DRAW_HORIZON,1502,74.262857,362,35,7,26,0.5,2,19,0,4
careful_withhold,2026101774,DRAW_HORIZON,3269,78.31381,365,32,12,26,1.0,2,21,0,7
careful_withhold,2026101775,DRAW_HORIZON,2119,75.808095,377,22,10,19,0.5,3,14,0,2
careful_withhold,2026101776,DRAW_HORIZON,3458,70.249524,376,23,9,18,0.5,2,15,0,3
careful_withhold,2026101777,DRAW_HORIZON,1621,76.03,375,20,9,20,0.5,3,14,0,8
careful_withhold,2026101778,DRAW_HORIZON,442,73.057619,372,22,4,20,0.5,3,12,0,6
careful_withhold,2026101779,DRAW_HORIZON,2706,80.518095,365,34,12,27,0.5,2,20,0,5
careful_withhold,2026101780,DRAW_HORIZON,509,72.957619,373,21,4,19,0.5,3,12,0,2
careful_withhold,2026101781,DRAW_HORIZON,3110,78.640476,370,28,8,21,1.0,2,17,0,2
careful_withhold,2026101782,DRAW_HORIZON,3232,74.462857,368,30,7,22,0.5,2,17,0,4
careful_withhold,2026101783,DRAW_HORIZON,3637,72.795714,375,24,5,13,0.5,1,17,0,4
careful_withhold,2026101784,DRAW_HORIZON,2223,74.739048,379,19,4,13,0.5,4,12,0,3
careful_withhold,2026101785,DRAW_HORIZON,1300,82.18381,371,20,11,29,0.5,3,11,0,10
careful_withhold,2026101786,DRAW_HORIZON,2168,71.858095,377,19,7,18,0.5,2,12,0,5
careful_withhold,2026101787,DRAW_HORIZON,1049,79.230952,364,32,6,20,1.0,1,22,0,4
careful_withhold,2026101788,DRAW_HORIZON,2994,78.925714,364,33,8,26,0.5,2,18,0,3
careful_withhold,2026101789,DRAW_HORIZON,3691,78.580476,377,21,8,17,0.5,2,14,0,4
careful_withhold,2026101790,DRAW_HORIZON,2754,73.198571,368,26,3,16,0.5,1,19,0,5
careful_withhold,2026101791,DRAW_HORIZON,2346,74.962381,374,24,9,20,0.5,2,15,0,5
careful_withhold,2026101792,DRAW_HORIZON,47,77.478571,373,25,8,21,0.5,3,14,0,6
careful_withhold,2026101793,DRAW_HORIZON,3830,77.385238,369,27,6,20,0.5,2,17,0,4
careful_withhold,2026101794,DRAW_HORIZON,2655,79.404762,366,29,5,24,0.5,2,15,0,4
careful_withhold,2026101795,DRAW_HORIZON,1489,78.274762,364,30,12,32,1.0,1,16,0,9
careful_withhold,2026101796,DRAW_HORIZON,2399,77.528095,367,27,5,25,0.5,3,13,0,5
careful_withhold,2026101797,DRAW_HORIZON,4533,79.381905,374,24,6,15,0.5,2,17,0,3
careful_withhold,2026101798,DRAW_HORIZON,1067,77.093333,369,27,6,25,0.5,4,12,0,8
careful_withhold,2026101799,DRAW_HORIZON,377,82.986667,359,36,6,33,0.5,3,14,0,4
careful_withhold,2026101800,DRAW_HORIZON,1806,71.704286,369,26,3,18,0.5,4,16,0,5
careful_withhold,2026101801,DRAW_HORIZON,2032,72.344762,378,20,4,14,0.5,3,12,0,4
careful_withhold,2026101802,DRAW_HORIZON,2179,81.000952,370,25,12,27,0.5,2,15,0,10
careful_withhold,2026101803,DRAW_HORIZON,2848,79.06619,362,33,6,24,0.5,1,20,0,6
careful_withhold,2026101804,DRAW_HORIZON,3969,84.462476,368,27,8,22,1.0,1,18,1,8
careful_withhold,2026101805,DRAW_HORIZON,2173,78.181429,370,28,7,24,0.5,3,13,0,5
careful_withhold,2026101806,DRAW_HORIZON,2989,79.455714,368,27,8,25,0.5,1,15,0,8
careful_withhold,2026101807,DRAW_HORIZON,3441,78.76,372,24,4,16,1.0,1,16,0,3
careful_withhold,2026101808,DRAW_HORIZON,2466,75.378095,373,25,6,16,0.5,1,17,0,4
careful_withhold,2026101809,DRAW_HORIZON,2745,80.71619,372,24,6,19,0.5,3,15,0,4
careful_withhold,2026101810,DRAW_HORIZON,1971,77.715714,377,19,10,21,0.5,3,12,0,3
careful_withhold,2026101811,DRAW_HORIZON,1897,80.76619,365,29,10,28,1.0,2,17,0,6
careful_withhold,2026101812,DRAW_HORIZON,3413,73.191905,374,24,4,11,0.5,2,19,0,2
careful_withhold,2026101813,DRAW_HORIZON,1598,75.749048,364,32,10,29,0.5,1,17,0,5
careful_withhold,2026101814,DRAW_HORIZON,3181,78.36381,370,28,7,20,0.5,2,17,0,3
careful_withhold,2026101815,DRAW_HORIZON,2010,83.319524,368,27,12,24,1.0,1,20,0,6
careful_withhold,2026101816,DRAW_HORIZON,2024,76.459524,370,26,7,22,0.5,3,15,0,6
careful_withhold,2026101817,DRAW_HORIZON,2642,74.68381,379,20,6,16,0.5,3,11,0,4
careful_withhold,2026101818,DRAW_HORIZON,1564,80.028095,365,27,9,32,0.5,5,12,0,7
careful_withhold,2026101819,DRAW_HORIZON,1484,78.024286,370,28,8,20,0.5,3,18,0,6
careful_withhold,2026101820,DRAW_HORIZON,1129,76.816667,377,21,10,19,0.5,3,14,0,6
careful_withhold,2026101821,DRAW_HORIZON,2759,84.265714,374,25,15,28,1.0,3,13,0,6
careful_withhold,2026101822,DRAW_HORIZON,3038,82.434762,367,31,10,25,1.0,2,18,0,6
careful_withhold,2026101823,DRAW_HORIZON,2301,73.700476,361,35,4,24,1.0,2,19,0,3
careful_withhold,2026101824,DRAW_HORIZON,3655,76.17,369,26,9,23,0.5,2,17,0,6
careful_withhold,2026101825,DRAW_HORIZON,3811,71.443333,373,26,4,11,0.5,2,20,0,1
careful_withhold,2026101826,DRAW_HORIZON,2064,80.652857,365,30,11,33,0.5,3,13,0,5
careful_withhold,2026101827,DRAW_HORIZON,1656,77.591429,366,28,9,26,0.5,3,17,0,6
careful_withhold,2026101828,DRAW_HORIZON,1128,79.809524,360,35,6,28,0.5,3,18,0,6
careful_withhold,2026101829,DRAW_HORIZON,91,79.890952,367,27,7,25,0.5,3,15,0,6
careful_withhold,2026101830,DRAW_HORIZON,453,78.738095,381,19,7,15,0.5,3,11,0,1
careful_withhold,2026101831,DRAW_HORIZON,3138,77.379048,374,23,7,22,0.5,4,11,0,5
careful_withhold,2026101832,DRAW_HORIZON,941,79.16381,366,28,10,34,0.5,3,10,0,9
careful_withhold,2026101833,DRAW_HORIZON,1614,75.25381,375,19,4,16,0.5,4,13,0,5
careful_withhold,2026101834,DRAW_HORIZON,1286,76.984286,366,28,5,20,0.5,2,19,0,8
careful_withhold,2026101835,DRAW_HORIZON,1032,84.255714,366,30,8,30,0.5,3,12,0,4
careful_withhold,2026101836,DRAW_HORIZON,1753,88.80619,365,29,7,27,0.5,2,15,0,7
careful_withhold,2026101837,DRAW_HORIZON,3072,70.16381,379,20,6,12,0.5,3,15,0,3
careful_withhold,2026101838,DRAW_HORIZON,2193,79.02619,365,29,3,19,0.5,1,19,0,5
careful_withhold,2026101839,DRAW_HORIZON,1956,73.698095,371,28,7,20,0.5,2,16,0,4
careful_withhold,2026101840,DRAW_HORIZON,3757,75.248095,373,24,6,17,0.5,1,16,0,1
careful_withhold,2026101841,DRAW_HORIZON,2202,84.682857,372,25,8,26,0.5,4,10,0,2
careful_withhold,2026101842,DRAW_HORIZON,676,74.535238,376,22,8,18,0.5,3,14,0,2
careful_withhold,2026101843,DRAW_HORIZON,2988,79.592381,357,40,5,28,0.5,2,20,0,5
careful_withhold,2026101844,DRAW_HORIZON,1644,83.553333,364,29,10,32,0.5,2,14,0,9
careful_withhold,2026101845,DRAW_HORIZON,3602,77.68619,376,21,7,18,0.5,2,13,0,2
careful_withhold,2026101846,DRAW_HORIZON,2397,75.91,368,31,10,22,1.0,2,20,0,5
careful_withhold,2026101847,DRAW_HORIZON,4193,77.105714,374,24,6,19,0.5,1,13,0,2
careful_withhold,2026101848,DRAW_HORIZON,2425,81.529048,377,21,9,20,0.5,3,12,0,4
careful_withhold,2026101849,DRAW_HORIZON,1734,73.195714,369,26,3,19,0.5,3,15,0,5
careful_withhold,2026101850,DRAW_HORIZON,580,83.10619,365,31,5,22,0.5,3,18,0,2
careful_withhold,2026101851,DRAW_HORIZON,5090,80.070476,375,24,7,19,1.0,2,13,0,1
careful_withhold,2026101852,DRAW_HORIZON,2396,77.368571,366,33,4,20,0.5,1,18,0,2
careful_withhold,2026101853,DRAW_HORIZON,3186,78.272857,370,28,8,21,0.5,2,17,0,2
careful_withhold,2026101854,DRAW_HORIZON,3991,83.11619,371,27,9,26,1.0,2,12,0,8
careful_withhold,2026101855,DRAW_HORIZON,1969,72.218571,372,27,8,17,0.5,2,19,0,3
careful_withhold,2026101856,DRAW_HORIZON,698,82.754762,366,29,11,31,1.0,3,14,0,6
careful_withhold,2026101857,DRAW_HORIZON,544,75.61,374,25,7,20,0.5,3,13,0,2
careful_withhold,2026101858,DRAW_HORIZON,1679,74.299524,367,32,8,23,0.5,1,18,0,4
careful_withhold,2026101859,DRAW_HORIZON,2899,79.291905,364,35,12,29,0.5,2,19,0,5
careful_withhold,2026101860,DRAW_HORIZON,3841,74.057619,372,25,7,17,0.5,1,18,0,6
careful_withhold,2026101861,DRAW_HORIZON,1554,81.077143,365,27,11,33,0.5,3,13,0,9
careful_withhold,2026101862,DRAW_HORIZON,2824,75.341905,371,25,4,18,0.5,1,15,0,2
careful_withhold,2026101863,DRAW_HORIZON,1269,71.925714,373,20,5,17,0.5,2,15,0,7
careful_withhold,2026101864,DRAW_HORIZON,1756,73.380952,366,30,9,26,0.5,1,17,0,5
careful_withhold,2026101865,DRAW_HORIZON,1470,73.456667,369,29,9,25,0.5,2,15,0,4
careful_withhold,2026101866,DRAW_HORIZON,1179,77.564762,364,29,7,27,0.5,2,16,0,8
careful_withhold,2026101867,DRAW_HORIZON,1639,72.890952,373,22,4,17,0.5,3,14,0,2
careful_withhold,2026101868,DRAW_HORIZON,748,72.990476,365,32,8,24,0.5,2,19,0,5
careful_withhold,2026101869,DRAW_HORIZON,2221,78.80619,378,17,10,25,0.5,4,7,0,10
careful_withhold,2026101870,DRAW_HORIZON,2896,78.148095,375,23,6,18,0.5,2,13,0,3
careful_withhold,2026101871,DRAW_HORIZON,1871,71.144286,378,21,6,19,0.5,4,9,0,1
careful_withhold,2026101872,DRAW_HORIZON,858,80.313333,367,29,7,25,0.5,2,15,0,4
careful_withhold,2026101873,DRAW_HORIZON,1244,81.166667,369,27,9,25,0.5,3,15,0,7
careful_withhold,2026101874,DRAW_HORIZON,824,81.33619,365,29,9,30,0.5,1,14,0,6
careful_withhold,2026101875,DRAW_HORIZON,1109,77.199048,366,29,11,29,0.5,2,16,0,9
careful_withhold,2026101876,DRAW_HORIZON,2919,79.611905,356,39,6,30,1.0,1,20,0,2
careful_withhold,2026101877,DRAW_HORIZON,1947,82.011905,371,25,11,26,0.5,3,14,0,8
careful_withhold,2026101878,DRAW_HORIZON,1362,79.587143,367,25,6,28,0.5,3,11,0,9
careful_withhold,2026101879,DRAW_HORIZON,2129,74.430476,361,36,10,33,0.5,3,16,0,4
careful_withhold,2026101880,DRAW_HORIZON,2219,77.165714,373,25,9,23,0.5,3,13,0,5
careful_withhold,2026101881,DRAW_HORIZON,4296,78.537619,375,24,8,13,1.0,2,20,0,2
careful_withhold,2026101882,DRAW_HORIZON,1965,81.038571,378,20,11,19,0.5,2,14,0,3
careful_withhold,2026101883,DRAW_HORIZON,1995,77.077143,368,27,8,27,0.5,3,13,0,5
careful_withhold,2026101884,DRAW_HORIZON,1684,70.674286,371,28,7,20,0.5,3,16,0,1
careful_withhold,2026101885,DRAW_HORIZON,4028,74.496667,372,26,1,10,0.5,1,19,0,3
careful_withhold,2026101886,DRAW_HORIZON,3814,73.473333,374,19,4,15,0.5,2,15,0,8
careful_withhold,2026101887,DRAW_HORIZON,1253,77.82,368,26,15,28,0.5,1,19,0,11
careful_withhold,2026101888,DRAW_HORIZON,2269,80.52381,369,27,12,31,0.5,3,12,0,4
careful_withhold,2026101889,DRAW_HORIZON,1620,66.005238,371,26,10,22,0.5,1,17,0,5
careful_withhold,2026101890,DRAW_HORIZON,3620,73.457619,372,26,6,18,0.5,1,16,0,2
careful_withhold,2026101891,DRAW_HORIZON,833,87.029048,368,27,14,35,0.5,3,11,0,11
careful_withhold,2026101892,DRAW_HORIZON,2542,73.516667,374,26,7,20,0.5,4,13,0,3
careful_withhold,2026101893,DRAW_HORIZON,1667,89.087143,369,26,6,23,0.5,3,14,0,4
careful_withhold,2026101894,DRAW_HORIZON,3549,75.486667,373,24,7,21,0.5,2,13,0,1
careful_withhold,2026101895,DRAW_HORIZON,2204,82.534762,369,26,9,24,0.5,2,16,0,4
careful_withhold,2026101896,DRAW_HORIZON,2617,70.879524,370,28,4,19,0.5,2,15,0,3
careful_withhold,2026101897,DRAW_HORIZON,3044,78.410952,358,39,7,30,0.5,1,19,0,2
careful_withhold,2026101898,DRAW_HORIZON,837,78.336667,368,24,5,23,0.5,2,14,0,7
careful_withhold,2026101899,DRAW_HORIZON,2614,79.260952,379,20,14,23,0.5,3,12,0,5
careful_withhold,2026101900,DRAW_HORIZON,2979,74.558095,367,29,7,26,0.5,2,14,0,5
careful_withhold,2026101901,DRAW_HORIZON,4501,81.813333,374,24,11,22,0.5,2,15,0,4
careful_withhold,2026101902,DRAW_HORIZON,1558,84.158095,367,28,8,23,0.5,3,18,0,4
careful_withhold,2026101903,DRAW_HORIZON,705,79.154762,362,31,2,23,0.5,3,17,0,7
careful_withhold,2026101904,DRAW_HORIZON,4454,76.86619,375,24,4,18,0.5,2,11,0,2
careful_withhold,2026101905,DRAW_HORIZON,1763,73.824286,378,19,5,15,0.5,4,12,0,1
careful_withhold,2026101906,DRAW_HORIZON,2529,73.23619,374,22,8,19,0.5,3,15,0,4
careful_withhold,2026101907,DRAW_HORIZON,3552,79.677619,371,25,5,18,0.5,2,16,0,5
careful_withhold,2026101908,DRAW_HORIZON,2660,85.835714,377,20,11,21,1.0,3,13,0,5
careful_withhold,2026101909,DRAW_HORIZON,1676,82.045238,367,30,7,28,0.5,4,12,0,6
careful_withhold,2026101910,DRAW_HORIZON,2850,78.719524,376,19,15,26,0.5,2,13,0,7
careful_withhold,2026101911,DRAW_HORIZON,4528,75.077143,377,22,5,12,0.5,1,16,0,1
careful_withhold,2026101912,DRAW_HORIZON,3760,79.833333,370,29,8,21,1.0,2,17,0,6
careful_withhold,2026101913,DRAW_HORIZON,4148,76.737619,365,30,7,20,0.5,1,22,0,6
careful_withhold,2026101914,DRAW_HORIZON,1688,78.156667,369,27,8,22,0.5,2,17,0,4
careful_withhold,2026101915,DRAW_HORIZON,3120,79.954286,371,24,4,16,0.5,1,17,0,4
careful_withhold,2026101916,DRAW_HORIZON,777,81.854286,375,22,11,23,1.0,3,13,0,5
careful_withhold,2026101917,DRAW_HORIZON,982,86.71619,367,30,9,30,0.5,4,12,0,7
careful_withhold,2026101918,DRAW_HORIZON,2921,74.298571,374,24,7,19,0.5,2,14,0,3
careful_withhold,2026101919,DRAW_HORIZON,1407,76.489048,360,34,10,34,0.5,3,16,0,8
careful_withhold,2026101920,DRAW_HORIZON,1219,72.354286,366,31,6,19,0.5,3,21,0,4
careful_withhold,2026101921,DRAW_HORIZON,1533,77.327143,363,30,8,29,0.5,3,16,0,9
careful_withhold,2026101922,DRAW_HORIZON,1791,76.828095,378,20,6,18,0.5,3,10,0,2
careful_withhold,2026101923,DRAW_HORIZON,1577,74.252381,378,19,6,17,0.5,3,11,0,3
careful_withhold,2026101924,DRAW_HORIZON,2372,82.262381,371,27,10,27,1.0,4,12,0,4
careful_withhold,2026101925,DRAW_HORIZON,1166,79.535238,369,26,12,26,0.5,2,17,0,9
careful_withhold,2026101926,DRAW_HORIZON,2034,75.50381,370,26,4,20,0.5,1,14,0,5
careful_withhold,2026101927,DRAW_HORIZON,787,75.88381,363,29,6,28,0.5,1,15,0,6
careful_withhold,2026101928,DRAW_HORIZON,4668,79.866667,377,21,9,18,0.5,2,14,0,6
careful_withhold,2026101929,DRAW_HORIZON,4087,84.062381,374,23,12,25,0.5,1,13,0,5
careful_withhold,2026101930,DRAW_HORIZON,5198,73.67381,378,20,0,8,0.5,2,14,0,1
careful_withhold,2026101931,DRAW_HORIZON,3407,81.937619,373,23,6,18,0.5,2,15,0,4
careful_withhold,2026101932,DRAW_HORIZON,2133,75.772381,372,24,4,19,0.5,3,13,0,4
careful_withhold,2026101933,DRAW_HORIZON,403,78.561905,369,24,9,25,0.5,3,15,0,5
careful_withhold,2026101934,DRAW_HORIZON,2913,69.459524,379,21,6,11,0.5,2,16,0,3
careful_withhold,2026101935,DRAW_HORIZON,1231,75.464762,369,23,9,29,0.5,2,11,0,12
careful_withhold,2026101936,DRAW_HORIZON,878,80.995714,365,34,9,26,1.0,3,18,0,4
careful_withhold,2026101937,DRAW_HORIZON,1932,73.232857,373,24,8,24,0.5,3,11,0,7
careful_withhold,2026101938,DRAW_HORIZON,473,74.367143,363,34,5,22,0.5,3,20,0,3
careful_withhold,2026101939,DRAW_HORIZON,4767,69.217619,376,22,6,17,0.5,2,13,0,4
careful_withhold,2026101940,DRAW_HORIZON,2391,77.965238,372,23,4,19,0.5,4,13,0,4
careful_withhold,2026101941,DRAW_HORIZON,3398,76.459524,375,21,6,17,0.5,2,14,0,7
careful_withhold,2026101942,DRAW_HORIZON,82,78.125714,360,35,8,30,0.5,2,18,0,5
careful_withhold,2026101943,DRAW_HORIZON,689,79.938095,367,26,9,29,0.5,2,13,0,10
careful_withhold,2026101944,DRAW_HORIZON,2179,74.596667,366,29,6,23,0.5,2,17,0,4
careful_withhold,2026101945,DRAW_HORIZON,4005,77.161905,372,24,8,23,0.5,2,13,0,7
careful_withhold,2026101946,DRAW_HORIZON,2731,76.589048,373,25,8,22,0.5,3,13,0,5
careful_withhold,2026101947,DRAW_HORIZON,3808,74.210476,372,23,5,17,0.5,2,16,0,7
careful_withhold,2026101948,DRAW_HORIZON,1262,86.381429,369,26,9,26,0.5,2,14,0,9
careful_withhold,2026101949,DRAW_HORIZON,989,74.640476,369,28,6,23,0.5,3,14,0,2
careful_withhold,2026101950,DRAW_HORIZON,1794,78.784762,366,30,5,24,0.5,2,15,0,4
careful_withhold,2026101951,DRAW_HORIZON,2076,74.498571,367,30,2,16,0.5,3,19,0,3
careful_withhold,2026101952,DRAW_HORIZON,1466,77.379524,366,29,8,26,0.5,3,16,0,4
careful_withhold,2026101953,DRAW_HORIZON,588,80.342381,362,30,7,27,1.0,3,18,0,4
careful_withhold,2026101954,DRAW_HORIZON,3180,76.770476,371,24,7,22,1.0,1,14,0,6
careful_withhold,2026101955,DRAW_HORIZON,1884,81.546667,373,22,15,28,0.5,2,14,0,8
careful_withhold,2026101956,DRAW_HORIZON,1239,78.150476,365,26,5,23,0.5,2,17,0,8
careful_withhold,2026101957,DRAW_HORIZON,1691,79.751905,370,28,6,21,0.5,3,15,0,3
careful_withhold,2026101958,DRAW_HORIZON,1941,74.130952,372,26,7,23,0.5,4,12,0,5
careful_withhold,2026101959,DRAW_HORIZON,1473,79.038095,372,24,11,24,1.0,1,15,0,6
careful_withhold,2026101960,DRAW_HORIZON,2156,80.98,369,28,3,21,0.5,4,13,0,3
careful_withhold,2026101961,DRAW_HORIZON,1602,80.370476,365,30,4,26,0.5,1,13,0,5
careful_withhold,2026101962,DRAW_HORIZON,549,82.447619,365,34,9,29,0.5,3,15,0,5
careful_withhold,2026101963,DRAW_HORIZON,201,80.657143,356,40,11,36,0.5,1,19,0,9
careful_withhold,2026101964,DRAW_HORIZON,2179,79.511429,367,30,5,19,0.5,1,19,0,2
careful_withhold,2026101965,DRAW_HORIZON,3120,76.726667,373,25,9,18,0.5,2,18,0,8
careful_withhold,2026101966,DRAW_HORIZON,1567,76.228571,365,33,9,25,0.5,3,19,0,3
careful_withhold,2026101967,DRAW_HORIZON,1842,80.521429,372,25,12,23,1.0,2,17,0,6
careful_withhold,2026101968,DRAW_HORIZON,2313,83.695714,374,21,10,22,0.5,3,14,0,8
careful_withhold,2026101969,DRAW_HORIZON,1116,73.86619,370,28,6,23,0.5,4,13,0,3
careful_withhold,2026101970,DRAW_HORIZON,4546,77.135238,374,22,4,16,0.5,2,14,0,7
careful_withhold,2026101971,DRAW_HORIZON,2403,81.84619,369,27,11,30,1.0,3,12,0,5
careful_withhold,2026101972,DRAW_HORIZON,4327,73.354286,369,27,6,22,0.5,2,15,0,4
careful_withhold,2026101973,DRAW_HORIZON,2035,72.160476,373,24,7,24,0.5,3,10,0,2
careful_withhold,2026101974,DRAW_HORIZON,1253,78.272857,368,29,11,27,0.5,3,16,0,5
careful_withhold,2026101975,DRAW_HORIZON,2247,75.066667,374,25,6,15,0.5,3,17,0,3
careful_withhold,2026101976,DRAW_HORIZON,3827,80.135238,368,27,7,24,1.0,2,15,0,5
careful_withhold,2026101977,DRAW_HORIZON,1944,81.268571,368,28,12,32,1.0,4,12,0,7
careful_withhold,2026101978,DRAW_HORIZON,1088,79.475238,366,27,4,16,0.5,2,22,0,8
careful_withhold,2026101979,DRAW_HORIZON,2215,81.869524,373,24,9,23,0.5,3,13,0,7
careful_withhold,2026101980,DRAW_HORIZON,404,82.53381,360,36,9,35,0.5,3,14,0,5
careful_withhold,2026101981,DRAW_HORIZON,2456,79.940952,369,26,9,24,0.5,1,16,0,6
careful_withhold,2026101982,DRAW_HORIZON,3621,81.92619,378,20,12,21,0.5,2,13,0,6
careful_withhold,2026101983,DRAW_HORIZON,4379,77.608571,376,23,8,15,0.5,2,17,0,2
careful_withhold,2026101984,DRAW_HORIZON,2931,70.134762,368,31,4,15,0.5,1,21,0,0
careful_withhold,2026101985,DRAW_HORIZON,1599,76.754762,370,28,5,18,1.0,2,17,0,5
careful_withhold,2026101986,DRAW_HORIZON,3432,75.09381,372,26,6,18,0.5,2,16,0,3
careful_withhold,2026101987,DRAW_HORIZON,2045,75.551905,373,24,5,17,0.5,4,15,0,3
careful_withhold,2026101988,DRAW_HORIZON,749,74.09619,369,28,6,21,0.5,2,16,0,4
careful_withhold,2026101989,DRAW_HORIZON,2866,78.455714,374,25,5,14,0.5,2,17,0,3
careful_withhold,2026101990,DRAW_HORIZON,1118,73.565714,362,33,4,22,0.5,2,20,0,2
careful_withhold,2026101991,DRAW_HORIZON,2322,76.38,376,19,8,18,0.5,2,14,0,7
careful_withhold,2026101992,DRAW_HORIZON,2514,79.220476,373,27,12,20,0.5,1,19,0,2
careful_withhold,2026101993,DRAW_HORIZON,2298,79.265714,369,21,7,28,0.5,4,10,0,9
careful_withhold,2026101994,DRAW_HORIZON,3979,73.369048,373,25,7,17,0.5,2,17,0,1
careful_withhold,2026101995,DRAW_HORIZON,2054,78.833333,372,25,8,23,1.0,2,13,0,7
careful_withhold,2026101996,DRAW_HORIZON,566,77.281429,365,33,11,24,0.5,1,22,0,3
careful_withhold,2026101997,DRAW_HORIZON,2066,71.323333,370,26,7,20,0.5,2,17,0,8
careful_withhold,2026101998,DRAW_HORIZON,2231,74.1,372,25,5,19,0.5,3,14,0,6
careful_withhold,2026101999,DRAW_HORIZON,2584,77.32381,364,30,8,27,0.5,2,17,0,4
careful_withhold,2026102000,DRAW_HORIZON,3624,74.137619,370,27,3,20,0.5,1,13,0,1
risk_retain,2026101001,DRAW_HORIZON,45,134.667143,344,31,74,117,1.0,2,13,0,67
risk_retain,2026101002,DRAW_HORIZON,11,149.036667,352,31,99,129,1.0,2,18,0,69
risk_retain,2026101003,DRAW_HORIZON,40,151.612381,338,38,89,132,2.0,3,19,0,83
risk_retain,2026101004,DRAW_HORIZON,181,137.138095,352,26,74,107,1.0,2,15,0,59
risk_retain,2026101005,DRAW_HORIZON,272,132.762857,344,30,70,107,2.0,2,19,0,61
risk_retain,2026101006,DRAW_HORIZON,235,137.98619,334,35,74,121,2.0,2,19,0,66
risk_retain,2026101007,DRAW_HORIZON,294,146.559048,338,37,97,140,1.0,1,19,0,88
risk_retain,2026101008,DRAW_HORIZON,197,130.10381,336,41,60,102,1.0,2,22,0,54
risk_retain,2026101009,DRAW_HORIZON,24,141.634762,347,32,83,121,2.0,3,15,0,67
risk_retain,2026101010,DRAW_HORIZON,224,146.367619,332,38,85,137,4.0,2,16,0,73
risk_retain,2026101011,DRAW_HORIZON,343,142.572857,336,42,76,118,2.0,2,22,0,65
risk_retain,2026101012,DRAW_HORIZON,-165,133.904286,348,29,67,102,4.0,3,17,0,55
risk_retain,2026101013,DRAW_HORIZON,898,126.25619,342,41,65,102,2.0,2,21,0,41
risk_retain,2026101014,DRAW_HORIZON,0,130.197143,342,41,70,112,1.0,3,16,0,43
risk_retain,2026101015,DRAW_HORIZON,817,144.969048,354,33,92,125,2.0,2,13,0,63
risk_retain,2026101016,DRAW_HORIZON,102,133.985714,336,33,74,122,1.0,2,16,0,75
risk_retain,2026101017,DRAW_HORIZON,701,136.671905,341,33,62,104,1.0,1,17,0,58
risk_retain,2026101018,DRAW_HORIZON,724,138.154762,354,33,85,116,1.0,3,15,0,45
risk_retain,2026101019,DRAW_HORIZON,181,143.555238,341,34,81,124,2.0,2,16,0,69
risk_retain,2026101020,DRAW_HORIZON,32,144.642857,354,29,87,120,4.0,2,13,0,61
risk_retain,2026101021,DRAW_HORIZON,660,149.232381,351,32,83,120,2.0,4,12,0,58
risk_retain,2026101022,DRAW_HORIZON,-59,135.22,340,35,81,121,2.0,1,20,0,78
risk_retain,2026101023,DRAW_HORIZON,255,142.297143,344,33,76,111,2.0,2,21,0,58
risk_retain,2026101024,DRAW_HORIZON,219,141.275238,338,37,78,120,2.0,1,20,0,69
risk_retain,2026101025,DRAW_HORIZON,241,152.958095,344,36,85,127,4.0,3,14,0,58
risk_retain,2026101026,DRAW_HORIZON,738,136.588095,343,34,73,107,1.0,2,23,0,63
risk_retain,2026101027,DRAW_HORIZON,790,147.260952,349,36,90,122,1.0,1,19,0,55
risk_retain,2026101028,DRAW_HORIZON,381,140.989048,345,31,76,116,2.0,2,15,0,61
risk_retain,2026101029,DRAW_HORIZON,112,135.552381,348,31,79,116,2.0,2,15,0,59
risk_retain,2026101030,DRAW_HORIZON,114,127.033333,336,41,68,111,2.0,2,21,0,64
risk_retain,2026101031,DRAW_HORIZON,323,136.247143,345,26,68,106,2.0,2,17,0,69
risk_retain,2026101032,DRAW_HORIZON,-98,144.748095,340,37,79,119,2.0,1,20,0,70
risk_retain,2026101033,DRAW_HORIZON,7,158.131429,344,30,88,130,2.0,2,14,0,82
risk_retain,2026101034,DRAW_HORIZON,491,150.835238,345,37,85,125,4.0,4,15,0,52
risk_retain,2026101035,DRAW_HORIZON,704,147.578571,352,34,80,110,4.0,1,18,0,56
risk_retain,2026101036,DRAW_HORIZON,179,139.166667,343,32,73,110,1.0,1,20,0,79
risk_retain,2026101037,DRAW_HORIZON,2207,133.467619,355,30,71,99,2.0,2,17,0,50
risk_retain,2026101038,DRAW_HORIZON,-522,135.675714,336,39,70,118,1.0,2,16,0,63
risk_retain,2026101039,DRAW_HORIZON,417,124.328095,358,25,71,101,1.0,3,12,0,49
risk_retain,2026101040,DRAW_HORIZON,47,139.206667,342,35,74,116,1.0,2,16,0,66
risk_retain,2026101041,DRAW_HORIZON,76,133.064762,344,28,67,110,1.0,3,13,0,68
risk_retain,2026101042,DRAW_HORIZON,202,154.212381,349,24,99,135,2.0,2,15,0,87
risk_retain,2026101043,DRAW_HORIZON,804,137.308571,347,35,71,110,2.0,2,14,0,52
risk_retain,2026101044,DRAW_HORIZON,301,128.862857,329,45,61,109,2.0,2,23,0,58
risk_retain,2026101045,DRAW_HORIZON,332,136.347143,349,31,78,114,1.0,4,15,0,55
risk_retain,2026101046,DRAW_HORIZON,-21,136.381429,338,36,79,122,1.0,1,19,0,71
risk_retain,2026101047,DRAW_HORIZON,60,136.887143,341,37,69,106,1.0,1,22,0,55
risk_retain,2026101048,DRAW_HORIZON,30,139.647619,354,25,84,116,1.0,2,14,0,59
risk_retain,2026101049,DRAW_HORIZON,220,143.179524,347,27,87,124,1.0,1,16,0,84
risk_retain,2026101050,DRAW_HORIZON,27,145.714762,345,27,86,128,2.0,3,13,0,78
risk_retain,2026101051,DRAW_HORIZON,97,139.719048,328,48,74,122,2.0,1,24,0,68
risk_retain,2026101052,DRAW_HORIZON,104,149.851905,329,41,79,136,2.0,1,14,0,78
risk_retain,2026101053,DRAW_HORIZON,208,144.14201,332,42,84,127,1.0,1,25,1,71
risk_retain,2026101054,DRAW_HORIZON,134,142.839048,351,27,80,116,2.0,1,13,0,66
risk_retain,2026101055,DRAW_HORIZON,273,158.420952,341,39,88,124,8.0,1,23,0,59
risk_retain,2026101056,DRAW_HORIZON,1541,142.733333,348,33,78,113,2.0,2,17,0,56
risk_retain,2026101057,DRAW_HORIZON,91,137.038672,338,37,76,115,1.0,1,23,2,66
risk_retain,2026101058,DRAW_HORIZON,579,146.02,345,35,86,122,1.0,2,19,0,69
risk_retain,2026101059,DRAW_HORIZON,442,132.326667,348,36,79,112,2.0,2,19,0,54
risk_retain,2026101060,DRAW_HORIZON,244,132.244762,348,32,67,106,1.0,2,13,0,39
risk_retain,2026101061,DRAW_HORIZON,425,127.768571,350,30,65,95,1.0,1,20,0,52
risk_retain,2026101062,DRAW_HORIZON,11,127.111429,341,42,63,95,1.0,2,27,0,48
risk_retain,2026101063,DRAW_HORIZON,1516,145.47381,356,23,77,104,4.0,1,17,0,53
risk_retain,2026101064,DRAW_HORIZON,289,137.124286,347,38,85,121,1.0,2,17,0,64
risk_retain,2026101065,DRAW_HORIZON,13,148.194762,343,33,88,127,1.0,1,18,0,66
risk_retain,2026101066,DRAW_HORIZON,163,134.256029,336,38,65,106,1.0,1,23,3,64
risk_retain,2026101067,DRAW_HORIZON,205,130.492381,349,31,68,103,2.0,2,16,0,58
risk_retain,2026101068,DRAW_HORIZON,458,139.510476,340,36,76,121,1.0,3,15,0,62
risk_retain,2026101069,DRAW_HORIZON,796,145.133333,345,37,71,110,1.0,2,16,0,41
risk_retain,2026101070,DRAW_HORIZON,314,136.652857,339,38,74,114,2.0,1,21,0,63
risk_retain,2026101071,DRAW_HORIZON,43,146.905714,325,48,78,129,2.0,3,24,0,78
risk_retain,2026101072,DRAW_HORIZON,-43,145.411429,336,41,79,122,2.0,1,21,0,67
risk_retain,2026101073,DRAW_HORIZON,186,144.942381,347,29,88,129,2.0,3,12,0,74
risk_retain,2026101074,DRAW_HORIZON,190,151.050952,348,34,96,133,2.0,2,15,0,84
risk_retain,2026101075,DRAW_HORIZON,664,146.269524,344,30,82,127,2.0,3,11,0,58
risk_retain,2026101076,DRAW_HORIZON,444,134.418095,348,32,77,110,1.0,1,19,0,60
risk_retain,2026101077,DRAW_HORIZON,252,136.730952,344,35,76,116,1.0,1,16,0,54
risk_retain,2026101078,DRAW_HORIZON,29,143.522857,344,37,84,125,1.0,2,15,0,60
risk_retain,2026101079,DRAW_HORIZON,186,132.878095,345,34,72,110,1.0,2,17,0,62
risk_retain,2026101080,DRAW_HORIZON,315,139.632381,336,40,71,110,2.0,1,25,0,75
risk_retain,2026101081,DRAW_HORIZON,142,139.748095,348,29,86,126,2.0,2,12,0,71
risk_retain,2026101082,DRAW_HORIZON,-100,129.974762,338,32,57,100,2.0,1,19,0,58
risk_retain,2026101083,DRAW_HORIZON,87,135.396667,345,28,70,108,1.0,2,17,0,64
risk_retain,2026101084,DRAW_HORIZON,79,127.419048,345,33,59,97,1.0,2,17,0,59
risk_retain,2026101085,DRAW_HORIZON,719,148.739524,337,38,77,124,2.0,2,16,0,64
risk_retain,2026101086,DRAW_HORIZON,427,136.841905,349,27,78,114,1.0,2,15,0,57
risk_retain,2026101087,DRAW_HORIZON,247,139.809524,342,31,72,115,1.0,3,15,0,67
risk_retain,2026101088,DRAW_HORIZON,1079,138.230476,353,32,72,107,2.0,4,12,0,44
risk_retain,2026101089,DRAW_HORIZON,234,142.830952,351,35,84,116,1.0,2,17,0,60
risk_retain,2026101090,DRAW_HORIZON,1138,143.428571,355,29,81,112,1.0,2,14,0,58
risk_retain,2026101091,DRAW_HORIZON,905,138.178571,344,35,70,105,2.0,1,21,0,43
risk_retain,2026101092,DRAW_HORIZON,121,129.090476,342,36,63,103,2.0,1,18,0,52
risk_retain,2026101093,DRAW_HORIZON,250,140.498095,352,32,72,104,4.0,2,16,0,45
risk_retain,2026101094,DRAW_HORIZON,92,136.69381,343,39,81,118,1.0,1,20,0,58
risk_retain,2026101095,DRAW_HORIZON,98,132.566667,343,28,70,108,1.0,1,19,0,70
risk_retain,2026101096,DRAW_HORIZON,-154,137.527619,330,37,70,122,2.0,2,18,0,74
risk_retain,2026101097,DRAW_HORIZON,-3,131.115238,331,45,63,107,1.0,1,25,0,49
risk_retain,2026101098,DRAW_HORIZON,198,151.572857,347,31,93,132,2.0,2,14,0,71
risk_retain,2026101099,DRAW_HORIZON,-78,130.648095,336,34,76,124,1.0,2,16,0,76
risk_retain,2026101100,DRAW_HORIZON,837,129.817619,343,33,55,95,1.0,1,17,0,51
risk_retain,2026101101,DRAW_HORIZON,6,146.29,351,27,93,130,2.0,1,12,0,74
risk_retain,2026101102,DRAW_HORIZON,361,137.558571,355,28,83,113,2.0,1,15,0,52
risk_retain,2026101103,DRAW_HORIZON,322,135.961429,340,32,79,126,1.0,2,13,0,76
risk_retain,2026101104,DRAW_HORIZON,1971,135.780476,350,37,68,99,1.0,3,19,0,42
risk_retain,2026101105,DRAW_HORIZON,308,142.79,348,25,83,120,1.0,2,15,0,75
risk_retain,2026101106,DRAW_HORIZON,1007,137.48,361,24,77,105,1.0,2,11,0,40
risk_retain,2026101107,DRAW_HORIZON,879,135.670952,352,29,71,103,1.0,2,16,0,47
risk_retain,2026101108,DRAW_HORIZON,172,137.914762,326,38,82,138,1.0,2,18,0,93
risk_retain,2026101109,DRAW_HORIZON,326,137.349524,344,41,78,110,4.0,2,24,0,43
risk_retain,2026101110,DRAW_HORIZON,108,139.964762,326,43,61,117,2.0,1,18,0,72
risk_retain,2026101111,DRAW_HORIZON,973,134.519048,350,32,76,107,1.0,3,19,0,52
risk_retain,2026101112,DRAW_HORIZON,499,133.288095,346,35,75,111,1.0,2,18,0,51
risk_retain,2026101113,DRAW_HORIZON,264,134.37619,342,30,83,127,2.0,3,14,0,81
risk_retain,2026101114,DRAW_HORIZON,438,133.470952,350,28,75,105,2.0,3,20,0,68
risk_retain,2026101115,DRAW_HORIZON,105,142.89381,334,38,72,119,4.0,2,19,0,71
risk_retain,2026101116,DRAW_HORIZON,1326,138.642381,336,48,67,112,2.0,3,19,0,49
risk_retain,2026101117,DRAW_HORIZON,111,142.364286,339,38,84,127,2.0,2,18,0,79
risk_retain,2026101118,DRAW_HORIZON,86,131.846667,332,37,61,107,1.0,2,22,0,74
risk_retain,2026101119,DRAW_HORIZON,425,131.938095,352,25,73,106,2.0,1,15,0,68
risk_retain,2026101120,DRAW_HORIZON,661,112.584286,344,31,50,90,1.0,2,16,0,55
risk_retain,2026101121,DRAW_HORIZON,287,135.83,327,44,79,130,1.0,2,22,0,75
risk_retain,2026101122,DRAW_HORIZON,-153,131.650952,338,32,70,111,2.0,2,21,0,66
risk_retain,2026101123,DRAW_HORIZON,1466,128.90381,357,26,65,98,1.0,4,10,0,50
risk_retain,2026101124,DRAW_HORIZON,-369,134.921905,345,30,81,119,2.0,1,17,0,63
risk_retain,2026101125,DRAW_HORIZON,78,134.154286,344,31,71,108,1.0,1,19,0,53
risk_retain,2026101126,DRAW_HORIZON,67,156.120952,339,35,82,119,1.0,1,24,0,67
risk_retain,2026101127,DRAW_HORIZON,146,131.101429,342,38,68,108,1.0,1,18,0,60
risk_retain,2026101128,DRAW_HORIZON,183,157.659048,353,30,88,119,8.0,2,16,0,56
risk_retain,2026101129,DRAW_HORIZON,510,150.874762,351,29,85,120,2.0,2,14,0,59
risk_retain,2026101130,DRAW_HORIZON,-79,141.560476,335,31,73,123,2.0,3,15,0,77
risk_retain,2026101131,DRAW_HORIZON,446,146.635714,349,32,86,122,2.0,2,15,0,65
risk_retain,2026101132,DRAW_HORIZON,-104,143.667143,350,26,80,118,1.0,3,12,0,64
risk_retain,2026101133,DRAW_HORIZON,70,133.888095,345,29,71,107,2.0,2,19,0,61
risk_retain,2026101134,DRAW_HORIZON,201,135.622857,341,34,69,110,2.0,1,18,0,74
risk_retain,2026101135,DRAW_HORIZON,244,135.055238,339,36,73,115,1.0,1,19,0,55
risk_retain,2026101136,DRAW_HORIZON,683,150.497619,349,35,88,125,2.0,4,14,0,60
risk_retain,2026101137,DRAW_HORIZON,-91,139.220952,342,36,78,115,2.0,1,21,0,65
risk_retain,2026101138,DRAW_HORIZON,179,131.815238,344,32,74,114,1.0,3,16,0,59
risk_retain,2026101139,DRAW_HORIZON,955,141.530476,354,25,77,107,2.0,2,16,0,63
risk_retain,2026101140,DRAW_HORIZON,188,146.178095,346,29,83,124,2.0,2,13,0,61
risk_retain,2026101141,DRAW_HORIZON,149,140.561905,349,32,71,101,4.0,1,21,0,53
risk_retain,2026101142,DRAW_HORIZON,1672,137.585714,351,34,76,108,1.0,1,17,0,45
risk_retain,2026101143,DRAW_HORIZON,-136,137.02,343,31,78,118,1.0,2,17,0,60
risk_retain,2026101144,DRAW_HORIZON,7,132.221905,348,35,79,115,1.0,1,16,0,55
risk_retain,2026101145,DRAW_HORIZON,438,138.558571,348,32,66,96,4.0,2,22,0,49
risk_retain,2026101146,DRAW_HORIZON,723,133.771429,343,38,68,103,1.0,2,22,0,47
risk_retain,2026101147,DRAW_HORIZON,123,126.07381,349,27,52,89,1.0,3,14,0,47
risk_retain,2026101148,DRAW_HORIZON,251,152.434762,345,30,74,115,2.0,3,14,0,70
risk_retain,2026101149,DRAW_HORIZON,95,137.168095,356,26,75,105,2.0,2,14,0,57
risk_retain,2026101150,DRAW_HORIZON,426,148.685238,347,33,86,124,2.0,2,15,0,63
risk_retain,2026101151,DRAW_HORIZON,146,138.109048,340,30,72,122,2.0,4,10,0,71
risk_retain,2026101152,DRAW_HORIZON,-214,133.84619,351,27,65,104,2.0,3,10,0,41
risk_retain,2026101153,DRAW_HORIZON,34,136.067143,347,28,74,112,1.0,1,15,0,66
risk_retain,2026101154,DRAW_HORIZON,189,139.272857,342,31,71,114,1.0,3,15,0,64
risk_retain,2026101155,DRAW_HORIZON,27,138.732857,347,32,83,119,2.0,2,17,0,58
risk_retain,2026101156,DRAW_HORIZON,489,134.105238,349,30,76,110,2.0,2,17,0,54
risk_retain,2026101157,DRAW_HORIZON,197,132.571905,339,34,72,115,1.0,3,18,0,73
risk_retain,2026101158,DRAW_HORIZON,1732,141.685238,343,37,68,110,2.0,3,15,0,49
risk_retain,2026101159,DRAW_HORIZON,249,133.574286,338,43,72,117,2.0,2,17,0,64
risk_retain,2026101160,DRAW_HORIZON,312,132.76,347,26,78,113,1.0,3,18,0,74
risk_retain,2026101161,DRAW_HORIZON,359,126.702857,344,30,62,102,1.0,2,16,0,61
risk_retain,2026101162,DRAW_HORIZON,796,142.376667,351,29,81,118,2.0,2,12,0,56
risk_retain,2026101163,DRAW_HORIZON,153,144.472857,352,25,83,117,1.0,1,14,0,65
risk_retain,2026101164,DRAW_HORIZON,561,137.759048,347,27,78,116,2.0,3,15,0,73
risk_retain,2026101165,DRAW_HORIZON,103,126.382857,345,29,60,97,1.0,1,18,0,48
risk_retain,2026101166,DRAW_HORIZON,340,146.783333,344,35,86,124,1.0,2,18,0,64
risk_retain,2026101167,DRAW_HORIZON,162,140.488095,326,47,77,135,2.0,1,16,0,59
risk_retain,2026101168,DRAW_HORIZON,50,136.760952,345,31,69,108,2.0,2,16,0,55
risk_retain,2026101169,DRAW_HORIZON,65,138.318571,343,33,68,106,2.0,2,19,0,58
risk_retain,2026101170,DRAW_HORIZON,981,150.700476,350,32,87,123,2.0,2,14,0,69
risk_retain,2026101171,DRAW_HORIZON,1571,141.809048,354,30,80,105,2.0,2,21,0,45
risk_retain,2026101172,DRAW_HORIZON,-61,135.022381,337,38,76,118,2.0,1,21,0,64
risk_retain,2026101173,DRAW_HORIZON,165,160.557619,349,26,96,130,4.0,2,17,0,74
risk_retain,2026101174,DRAW_HORIZON,49,135.493333,341,37,80,118,1.0,2,21,0,67
risk_retain,2026101175,DRAW_HORIZON,306,133.313333,343,34,76,113,2.0,1,20,0,58
risk_retain,2026101176,DRAW_HORIZON,109,137.52619,351,27,76,111,2.0,2,14,0,58
risk_retain,2026101177,DRAW_HORIZON,306,139.025238,344,32,88,121,1.0,1,23,0,86
risk_retain,2026101178,DRAW_HORIZON,121,140.799048,346,39,73,109,2.0,2,18,0,51
risk_retain,2026101179,DRAW_HORIZON,162,144.92381,344,34,88,129,2.0,1,15,0,73
risk_retain,2026101180,DRAW_HORIZON,111,129.449048,348,35,77,107,1.0,3,22,0,53
risk_retain,2026101181,DRAW_HORIZON,708,135.799524,341,35,75,115,1.0,2,19,0,59
risk_retain,2026101182,DRAW_HORIZON,239,146.91041,335,42,81,123,2.0,1,23,4,62
risk_retain,2026101183,DRAW_HORIZON,51,151.290476,341,38,84,125,2.0,1,18,0,55
risk_retain,2026101184,DRAW_HORIZON,310,154.653333,349,32,95,130,1.0,2,16,0,68
risk_retain,2026101185,DRAW_HORIZON,89,134.694286,337,34,68,112,2.0,2,19,0,75
risk_retain,2026101186,DRAW_HORIZON,350,134.301905,342,33,71,110,2.0,2,19,0,47
risk_retain,2026101187,DRAW_HORIZON,51,139.786667,337,43,83,126,2.0,1,20,0,67
risk_retain,2026101188,DRAW_HORIZON,319,140.680952,353,25,85,117,2.0,2,15,0,72
risk_retain,2026101189,DRAW_HORIZON,0,146.58,351,31,91,122,4.0,2,18,0,60
risk_retain,2026101190,DRAW_HORIZON,-257,134.299524,343,34,68,107,1.0,1,18,0,66
risk_retain,2026101191,DRAW_HORIZON,599,138.29381,351,30,74,107,1.0,2,16,0,60
risk_retain,2026101192,DRAW_HORIZON,136,148.457143,353,24,86,120,2.0,4,13,0,70
risk_retain,2026101193,DRAW_HORIZON,217,136.946667,339,37,83,128,2.0,3,16,0,70
risk_retain,2026101194,DRAW_HORIZON,215,132.061429,335,43,77,118,2.0,2,24,0,65
risk_retain,2026101195,DRAW_HORIZON,56,137.150952,355,25,70,102,2.0,2,13,0,56
risk_retain,2026101196,DRAW_HORIZON,185,136.699524,345,38,72,105,2.0,1,22,0,42
risk_retain,2026101197,DRAW_HORIZON,908,136.020952,349,34,78,112,2.0,1,17,0,49
risk_retain,2026101198,DRAW_HORIZON,222,149.572,326,46,92,141,2.0,2,25,1,86
risk_retain,2026101199,DRAW_HORIZON,77,145.922381,352,27,81,113,1.0,1,16,0,65
risk_retain,2026101200,DRAW_HORIZON,870,137.703333,353,26,75,106,2.0,1,16,0,61
risk_retain,2026101201,DRAW_HORIZON,-434,127.823333,333,37,63,105,1.0,1,25,0,57
risk_retain,2026101202,DRAW_HORIZON,81,140.086667,349,37,83,111,1.0,2,23,0,51
risk_retain,2026101203,DRAW_HORIZON,573,119.191905,347,31,58,91,1.0,2,20,0,54
risk_retain,2026101204,DRAW_HORIZON,416,135.814286,341,37,78,119,2.0,1,18,0,66
risk_retain,2026101205,DRAW_HORIZON,87,143.870476,350,29,89,123,1.0,2,16,0,60
risk_retain,2026101206,DRAW_HORIZON,-73,150.650476,345,31,85,125,1.0,3,15,0,69
risk_retain,2026101207,DRAW_HORIZON,266,149.517143,344,37,95,129,2.0,1,22,0,78
risk_retain,2026101208,DRAW_HORIZON,792,132.321905,356,26,68,98,1.0,2,14,0,39
risk_retain,2026101209,DRAW_HORIZON,8,153.05381,342,37,84,120,8.0,2,22,0,57
risk_retain,2026101210,DRAW_HORIZON,221,137.539048,351,30,75,109,2.0,2,15,0,49
risk_retain,2026101211,DRAW_HORIZON,29,141.509524,341,33,78,119,2.0,2,18,0,72
risk_retain,2026101212,DRAW_HORIZON,65,146.935238,354,25,79,109,2.0,2,16,0,57
risk_retain,2026101213,DRAW_HORIZON,1086,125.315714,350,31,54,86,1.0,2,18,0,35
risk_retain,2026101214,DRAW_HORIZON,1691,138.457619,356,31,75,99,2.0,2,20,0,38
risk_retain,2026101215,DRAW_HORIZON,39,132.135238,342,33,59,103,1.0,4,14,0,46
risk_retain,2026101216,DRAW_HORIZON,211,138.174762,343,31,79,124,1.0,3,12,0,72
risk_retain,2026101217,DRAW_HORIZON,743,140.854286,347,28,76,112,2.0,1,17,0,68
risk_retain,2026101218,DRAW_HORIZON,282,135.398095,350,28,83,119,1.0,2,14,0,61
risk_retain,2026101219,DRAW_HORIZON,204,133.922857,350,29,68,100,4.0,2,18,0,66
risk_retain,2026101220,DRAW_HORIZON,9,132.534762,335,42,72,112,1.0,1,25,0,67
risk_retain,2026101221,DRAW_HORIZON,69,128.469048,354,27,70,97,1.0,2,19,0,54
risk_retain,2026101222,DRAW_HORIZON,70,138.281429,340,33,79,126,1.0,4,13,0,73
risk_retain,2026101223,DRAW_HORIZON,2238,131.461429,352,32,61,88,2.0,2,21,0,46
risk_retain,2026101224,DRAW_HORIZON,32,135.586667,328,50,78,123,1.0,1,27,0,68
risk_retain,2026101225,DRAW_HORIZON,937,132.871429,351,30,67,101,2.0,2,15,0,47
risk_retain,2026101226,DRAW_HORIZON,-4,125.224762,335,40,56,96,1.0,1,25,0,54
risk_retain,2026101227,DRAW_HORIZON,480,143.68,347,36,78,116,1.0,1,15,0,47
risk_retain,2026101228,DRAW_HORIZON,109,142.514762,340,32,91,132,2.0,1,19,0,77
risk_retain,2026101229,DRAW_HORIZON,-141,136.58619,330,42,79,121,2.0,2,28,0,76
risk_retain,2026101230,DRAW_HORIZON,-101,128.971905,346,31,61,103,1.0,3,12,0,45
risk_retain,2026101231,DRAW_HORIZON,124,136.228095,352,25,78,112,4.0,2,14,0,71
risk_retain,2026101232,DRAW_HORIZON,76,126.171701,351,31,65,98,2.0,1,16,1,45
risk_retain,2026101233,DRAW_HORIZON,588,137.522381,355,26,69,100,4.0,1,14,0,53
risk_retain,2026101234,DRAW_HORIZON,319,158.812381,340,34,99,143,2.0,2,16,0,80
risk_retain,2026101235,DRAW_HORIZON,11,137.5,345,36,79,111,2.0,1,23,0,64
risk_retain,2026101236,DRAW_HORIZON,54,138.314286,346,36,80,116,1.0,2,18,0,62
risk_retain,2026101237,DRAW_HORIZON,798,133.361905,351,30,62,94,2.0,3,17,0,49
risk_retain,2026101238,DRAW_HORIZON,246,143.757143,349,30,90,126,1.0,2,15,0,75
risk_retain,2026101239,DRAW_HORIZON,210,130.703333,343,34,69,111,2.0,2,15,0,63
risk_retain,2026101240,DRAW_HORIZON,349,149.814286,353,27,88,127,4.0,3,8,0,68
risk_retain,2026101241,DRAW_HORIZON,19,138.86381,340,33,72,112,2.0,1,20,0,76
risk_retain,2026101242,DRAW_HORIZON,-150,146.770476,342,36,71,108,8.0,2,21,0,53
risk_retain,2026101243,DRAW_HORIZON,143,126.33381,332,41,50,95,1.0,2,23,0,52
risk_retain,2026101244,DRAW_HORIZON,574,139.25619,349,29,76,108,2.0,1,19,0,50
risk_retain,2026101245,DRAW_HORIZON,51,145.465714,353,26,98,126,2.0,1,19,0,69
risk_retain,2026101246,DRAW_HORIZON,379,137.551429,344,33,81,115,1.0,1,22,0,63
risk_retain,2026101247,DRAW_HORIZON,128,148.12619,334,40,88,131,2.0,1,23,0,80
risk_retain,2026101248,DRAW_HORIZON,84,141.395714,329,44,86,137,2.0,1,20,0,86
risk_retain,2026101249,DRAW_HORIZON,-103,139.739048,338,35,84,128,2.0,2,18,0,74
risk_retain,2026101250,DRAW_HORIZON,1696,129.947619,356,25,64,92,1.0,3,16,0,44
risk_retain,2026101251,DRAW_HORIZON,825,147.106667,353,32,83,117,2.0,4,13,0,57
risk_retain,2026101252,DRAW_HORIZON,692,141.792381,354,25,84,116,1.0,3,14,0,63
risk_retain,2026101253,DRAW_HORIZON,394,137.851429,350,32,89,121,1.0,1,18,0,68
risk_retain,2026101254,DRAW_HORIZON,204,150.385714,344,31,85,122,4.0,1,19,0,85
risk_retain,2026101255,DRAW_HORIZON,54,132.118095,342,34,71,111,1.0,2,18,0,64
risk_retain,2026101256,DRAW_HORIZON,209,136.47,352,33,89,114,2.0,1,23,0,52
risk_retain,2026101257,DRAW_HORIZON,316,127.283333,346,33,65,96,1.0,2,23,0,53
risk_retain,2026101258,DRAW_HORIZON,0,140.119524,349,32,84,116,1.0,2,19,0,68
risk_retain,2026101259,DRAW_HORIZON,244,142.813333,352,26,80,110,2.0,1,18,0,68
risk_retain,2026101260,DRAW_HORIZON,-37,129.477143,351,30,77,109,1.0,3,17,0,52
risk_retain,2026101261,DRAW_HORIZON,294,147.749048,348,38,80,116,4.0,1,16,0,56
risk_retain,2026101262,DRAW_HORIZON,774,147.582381,350,36,78,112,2.0,2,16,0,64
risk_retain,2026101263,DRAW_HORIZON,555,132.941905,345,35,81,118,2.0,2,18,0,61
risk_retain,2026101264,DRAW_HORIZON,91,145.838571,344,34,81,120,2.0,1,17,0,71
risk_retain,2026101265,DRAW_HORIZON,170,152.808571,323,49,83,139,4.0,1,21,0,80
risk_retain,2026101266,DRAW_HORIZON,308,132.231429,348,33,68,104,1.0,2,16,0,58
risk_retain,2026101267,DRAW_HORIZON,51,138.828571,343,39,79,117,1.0,4,19,0,65
risk_retain,2026101268,DRAW_HORIZON,294,148.929048,331,37,83,129,1.0,2,23,0,81
risk_retain,2026101269,DRAW_HORIZON,813,129.315238,347,30,65,101,2.0,2,17,0,60
risk_retain,2026101270,DRAW_HORIZON,26,131.447619,348,29,74,110,1.0,2,16,0,62
risk_retain,2026101271,DRAW_HORIZON,431,136.902381,344,30,68,110,2.0,3,14,0,53
risk_retain,2026101272,DRAW_HORIZON,141,135.550952,344,33,77,117,1.0,2,16,0,65
risk_retain,2026101273,DRAW_HORIZON,262,137.409048,339,32,75,119,2.0,3,17,0,77
risk_retain,2026101274,DRAW_HORIZON,631,139.941429,352,31,81,115,1.0,3,14,0,56
risk_retain,2026101275,DRAW_HORIZON,51,134.038095,342,33,65,104,2.0,2,19,0,64
risk_retain,2026101276,DRAW_HORIZON,498,147.231429,342,37,88,127,2.0,2,19,0,63
risk_retain,2026101277,DRAW_HORIZON,74,145.688571,339,37,81,129,4.0,3,13,0,68
risk_retain,2026101278,DRAW_HORIZON,54,134.189524,345,30,71,113,1.0,3,13,0,57
risk_retain,2026101279,DRAW_HORIZON,179,151.379048,349,32,94,127,2.0,1,18,0,71
risk_retain,2026101280,DRAW_HORIZON,169,145.184762,348,31,83,117,2.0,2,18,0,67
risk_retain,2026101281,DRAW_HORIZON,921,126.135714,344,36,66,99,2.0,1,23,0,46
risk_retain,2026101282,DRAW_HORIZON,27,136.352381,343,35,65,103,2.0,2,19,0,59
risk_retain,2026101283,DRAW_HORIZON,317,134.950476,357,26,75,101,2.0,1,17,0,43
risk_retain,2026101284,DRAW_HORIZON,-198,136.856667,338,41,78,121,1.0,1,19,0,58
risk_retain,2026101285,DRAW_HORIZON,891,142.07619,345,39,69,105,4.0,1,19,0,48
risk_retain,2026101286,DRAW_HORIZON,927,128.468095,352,32,68,101,1.0,1,15,0,44
risk_retain,2026101287,DRAW_HORIZON,97,141.091429,346,30,79,121,2.0,2,12,0,78
risk_retain,2026101288,DRAW_HORIZON,10,137.33,341,30,81,122,2.0,2,18,0,72
risk_retain,2026101289,DRAW_HORIZON,674,132.116667,354,30,77,104,1.0,2,19,0,58
risk_retain,2026101290,DRAW_HORIZON,168,133.549524,346,31,76,114,2.0,3,16,0,69
risk_retain,2026101291,DRAW_HORIZON,-103,118.494286,342,39,57,89,1.0,1,26,0,49
risk_retain,2026101292,DRAW_HORIZON,45,143.173333,341,33,75,120,2.0,3,14,0,65
risk_retain,2026101293,DRAW_HORIZON,241,134.533333,336,39,67,113,1.0,2,18,0,53
risk_retain,2026101294,DRAW_HORIZON,-156,136.242857,340,31,81,127,2.0,2,14,0,74
risk_retain,2026101295,DRAW_HORIZON,635,148.833333,354,32,83,117,2.0,2,12,0,51
risk_retain,2026101296,DRAW_HORIZON,-14,142.110476,339,37,85,126,2.0,1,20,0,66
risk_retain,2026101297,DRAW_HORIZON,478,141.614762,348,30,81,120,2.0,1,13,0,59
risk_retain,2026101298,DRAW_HORIZON,187,134.794286,339,41,80,122,1.0,1,19,0,73
risk_retain,2026101299,DRAW_HORIZON,689,127.828571,339,37,55,95,1.0,3,21,0,55
risk_retain,2026101300,DRAW_HORIZON,254,140.420476,354,27,83,114,2.0,3,15,0,55
risk_retain,2026101301,DRAW_HORIZON,550,138.604286,344,36,68,105,2.0,1,19,0,53
risk_retain,2026101302,DRAW_HORIZON,189,128.447143,338,42,60,103,1.0,3,19,0,45
risk_retain,2026101303,DRAW_HORIZON,258,134.337143,341,32,70,110,1.0,2,19,0,70
risk_retain,2026101304,DRAW_HORIZON,-183,140.287619,342,37,79,117,2.0,2,20,0,59
risk_retain,2026101305,DRAW_HORIZON,137,135.075238,349,35,79,111,2.0,1,19,0,56
risk_retain,2026101306,DRAW_HORIZON,91,131.109116,344,34,63,95,4.0,1,24,1,51
risk_retain,2026101307,DRAW_HORIZON,246,143.091429,334,34,73,123,2.0,1,16,0,81
risk_retain,2026101308,DRAW_HORIZON,770,126.768571,350,29,64,98,2.0,1,16,0,46
risk_retain,2026101309,DRAW_HORIZON,406,129.469048,348,35,69,106,1.0,2,15,0,44
risk_retain,2026101310,DRAW_HORIZON,220,149.290952,334,41,89,140,2.0,3,15,0,71
risk_retain,2026101311,DRAW_HORIZON,132,149.297619,345,26,84,128,2.0,3,11,0,87
risk_retain,2026101312,DRAW_HORIZON,156,144.6,354,28,94,126,1.0,2,14,0,81
risk_retain,2026101313,DRAW_HORIZON,120,137.120476,343,30,77,119,2.0,3,15,0,72
risk_retain,2026101314,DRAW_HORIZON,319,138.280952,342,35,71,111,2.0,2,18,0,56
risk_retain,2026101315,DRAW_HORIZON,322,141.7,345,34,84,121,1.0,1,18,0,67
risk_retain,2026101316,DRAW_HORIZON,22,156.782438,332,43,92,132,2.0,2,28,9,72
risk_retain,2026101317,DRAW_HORIZON,-36,147.54381,334,45,83,132,2.0,3,17,0,77
risk_retain,2026101318,DRAW_HORIZON,296,135.779048,342,38,68,106,2.0,2,20,0,47
risk_retain,2026101319,DRAW_HORIZON,304,138.730952,340,30,76,115,1.0,2,21,0,74
risk_retain,2026101320,DRAW_HORIZON,406,146.963333,346,35,90,131,1.0,2,13,0,58
risk_retain,2026101321,DRAW_HORIZON,1276,128.000476,352,30,61,90,1.0,1,19,0,44
risk_retain,2026101322,DRAW_HORIZON,716,131.174406,337,42,66,105,1.0,2,24,4,63
risk_retain,2026101323,DRAW_HORIZON,86,137.462857,328,43,64,118,2.0,3,18,0,57
risk_retain,2026101324,DRAW_HORIZON,-162,147.601905,344,28,94,138,2.0,4,12,0,77
risk_retain,2026101325,DRAW_HORIZON,28,135.73619,339,35,75,118,1.0,3,18,0,75
risk_retain,2026101326,DRAW_HORIZON,234,123.033333,339,35,60,102,2.0,1,19,0,66
risk_retain,2026101327,DRAW_HORIZON,-77,148.349048,344,30,88,129,1.0,2,15,0,82
risk_retain,2026101328,DRAW_HORIZON,92,139.892857,329,48,77,120,2.0,2,28,0,58
risk_retain,2026101329,DRAW_HORIZON,195,151.512381,339,31,92,135,4.0,1,18,0,89
risk_retain,2026101330,DRAW_HORIZON,1228,127.544286,348,32,58,94,1.0,2,16,0,46
risk_retain,2026101331,DRAW_HORIZON,734,146.419524,343,33,79,121,2.0,3,15,0,70
risk_retain,2026101332,DRAW_HORIZON,616,139.192857,353,28,78,108,2.0,3,17,0,47
risk_retain,2026101333,DRAW_HORIZON,255,123.418095,347,34,77,111,1.0,2,19,0,53
risk_retain,2026101334,DRAW_HORIZON,608,131.434762,349,30,72,104,2.0,2,19,0,56
risk_retain,2026101335,DRAW_HORIZON,177,134.32,334,39,63,109,1.0,1,20,0,59
risk_retain,2026101336,DRAW_HORIZON,176,131.330952,352,31,77,104,2.0,2,21,0,56
risk_retain,2026101337,DRAW_HORIZON,704,124.07,345,33,67,103,1.0,1,19,0,57
risk_retain,2026101338,DRAW_HORIZON,1785,130.22381,355,29,60,91,1.0,3,14,0,40
risk_retain,2026101339,DRAW_HORIZON,42,151.32786,336,37,89,131,2.0,1,22,1,73
risk_retain,2026101340,DRAW_HORIZON,61,139.606667,346,31,71,111,4.0,3,14,0,58
risk_retain,2026101341,DRAW_HORIZON,2285,140.502381,353,34,72,105,4.0,4,14,0,42
risk_retain,2026101342,DRAW_HORIZON,664,126.908571,343,39,65,103,1.0,2,19,0,48
risk_retain,2026101343,DRAW_HORIZON,802,132.872381,342,38,64,104,2.0,4,18,0,53
risk_retain,2026101344,DRAW_HORIZON,265,138.045714,345,29,69,110,2.0,1,14,0,57
risk_retain,2026101345,DRAW_HORIZON,2,141.626667,353,29,81,107,4.0,1,21,0,58
risk_retain,2026101346,DRAW_HORIZON,180,133.853333,348,29,64,100,1.0,2,16,0,59
risk_retain,2026101347,DRAW_HORIZON,62,147.32,343,39,86,124,4.0,1,19,0,68
risk_retain,2026101348,DRAW_HORIZON,44,147.442857,350,23,84,121,2.0,2,13,0,71
risk_retain,2026101349,DRAW_HORIZON,1349,132.49381,356,28,72,99,1.0,1,17,0,40
risk_retain,2026101350,DRAW_HORIZON,155,139.269524,339,36,80,122,2.0,2,19,0,60
risk_retain,2026101351,DRAW_HORIZON,179,135.319048,339,37,74,115,2.0,2,20,0,65
risk_retain,2026101352,DRAW_HORIZON,57,131.387619,336,39,75,110,1.0,1,29,0,61
risk_retain,2026101353,DRAW_HORIZON,541,140.259048,351,33,82,115,2.0,2,16,0,46
risk_retain,2026101354,DRAW_HORIZON,79,137.332857,350,30,80,115,2.0,1,15,0,68
risk_retain,2026101355,DRAW_HORIZON,406,137.226667,355,30,87,114,2.0,3,18,0,51
risk_retain,2026101356,DRAW_HORIZON,35,126.033333,345,25,59,102,1.0,2,12,0,56
risk_retain,2026101357,DRAW_HORIZON,137,158.743333,332,44,101,147,4.0,2,22,0,83
risk_retain,2026101358,DRAW_HORIZON,1446,136.378095,353,32,70,98,2.0,1,19,0,39
risk_retain,2026101359,DRAW_HORIZON,204,133.833333,338,35,70,111,2.0,1,21,0,65
risk_retain,2026101360,DRAW_HORIZON,-589,130.509524,345,32,68,107,1.0,2,16,0,47
risk_retain,2026101361,DRAW_HORIZON,32,154.388571,345,36,93,132,4.0,2,16,0,85
risk_retain,2026101362,DRAW_HORIZON,990,130.284286,353,30,63,94,2.0,1,16,0,52
risk_retain,2026101363,DRAW_HORIZON,426,146.600476,349,32,83,122,4.0,3,12,0,67
risk_retain,2026101364,DRAW_HORIZON,284,142.520476,343,35,87,127,2.0,3,17,0,73
risk_retain,2026101365,DRAW_HORIZON,20,141.804286,334,40,76,131,1.0,3,11,0,60
risk_retain,2026101366,DRAW_HORIZON,59,137.315238,337,34,69,112,4.0,2,20,0,71
risk_retain,2026101367,DRAW_HORIZON,-62,137.23619,337,29,67,116,1.0,2,14,0,76
risk_retain,2026101368,DRAW_HORIZON,1066,124.321905,355,26,60,92,1.0,2,13,0,44
risk_retain,2026101369,DRAW_HORIZON,194,118.550476,351,25,60,93,1.0,2,16,0,53
risk_retain,2026101370,DRAW_HORIZON,85,143.67,346,30,91,124,2.0,2,21,0,84
risk_retain,2026101371,DRAW_HORIZON,364,132.566667,347,31,67,102,1.0,3,18,0,63
risk_retain,2026101372,DRAW_HORIZON,289,136.17381,348,32,75,111,4.0,1,16,0,56
risk_retain,2026101373,DRAW_HORIZON,611,135.677619,341,40,71,115,1.0,3,15,0,59
risk_retain,2026101374,DRAW_HORIZON,224,145.957619,343,35,83,126,2.0,2,14,0,53
risk_retain,2026101375,DRAW_HORIZON,172,118.291905,344,39,56,88,1.0,2,24,0,45
risk_retain,2026101376,DRAW_HORIZON,180,138.179524,353,29,80,110,2.0,3,17,0,52
risk_retain,2026101377,DRAW_HORIZON,1121,129.872381,351,32,69,97,1.0,1,21,0,44
risk_retain,2026101378,DRAW_HORIZON,41,164.862857,335,36,95,138,8.0,1,22,0,92
risk_retain,2026101379,DRAW_HORIZON,369,136.286667,350,29,71,105,1.0,2,16,0,51
risk_retain,2026101380,DRAW_HORIZON,95,146.450476,342,32,87,131,2.0,2,14,0,72
risk_retain,2026101381,DRAW_HORIZON,460,145.451429,337,38,77,117,2.0,2,23,0,67
risk_retain,2026101382,DRAW_HORIZON,79,145.145714,342,32,84,125,2.0,1,17,0,78
risk_retain,2026101383,DRAW_HORIZON,-111,139.852857,331,35,73,122,2.0,1,20,0,83
risk_retain,2026101384,DRAW_HORIZON,588,149.600476,353,30,100,133,2.0,2,14,0,59
risk_retain,2026101385,DRAW_HORIZON,132,140.525714,325,46,76,132,2.0,3,19,0,70
risk_retain,2026101386,DRAW_HORIZON,8,139.01619,346,36,76,114,2.0,4,16,0,53
risk_retain,2026101387,DRAW_HORIZON,221,137.207143,343,36,77,116,4.0,2,18,0,70
risk_retain,2026101388,DRAW_HORIZON,41,140.169048,345,33,76,111,2.0,2,20,0,62
risk_retain,2026101389,DRAW_HORIZON,284,139.734286,344,37,85,117,2.0,2,24,0,63
risk_retain,2026101390,DRAW_HORIZON,179,134.961429,339,36,73,111,4.0,1,23,0,66
risk_retain,2026101391,DRAW_HORIZON,1862,140.947143,357,27,72,96,2.0,2,19,0,48
risk_retain,2026101392,DRAW_HORIZON,89,138.098571,345,33,75,111,2.0,2,19,0,67
risk_retain,2026101393,DRAW_HORIZON,-10,135.29619,348,31,81,115,1.0,1,18,0,68
risk_retain,2026101394,DRAW_HORIZON,169,133.900952,338,33,64,108,1.0,2,18,0,60
risk_retain,2026101395,DRAW_HORIZON,-13,138.579524,338,39,78,120,2.0,1,20,0,64
risk_retain,2026101396,DRAW_HORIZON,391,139.187143,337,36,62,112,2.0,4,13,0,60
risk_retain,2026101397,DRAW_HORIZON,-130,144.214762,335,39,73,122,2.0,1,16,0,61
risk_retain,2026101398,DRAW_HORIZON,2530,138.422857,359,23,67,92,4.0,2,16,0,33
risk_retain,2026101399,DRAW_HORIZON,107,137.572857,344,38,78,117,2.0,2,17,0,54
risk_retain,2026101400,DRAW_HORIZON,554,132.799524,345,35,80,117,2.0,2,18,0,61
risk_retain,2026101401,DRAW_HORIZON,50,124.845714,336,40,68,106,1.0,1,26,0,62
risk_retain,2026101402,DRAW_HORIZON,82,130.096496,327,51,68,110,1.0,2,31,1,61
risk_retain,2026101403,DRAW_HORIZON,75,141.300476,340,37,83,126,2.0,1,17,0,81
risk_retain,2026101404,DRAW_HORIZON,2525,137.57619,351,32,69,97,1.0,2,21,0,40
risk_retain,2026101405,DRAW_HORIZON,1709,132.118095,352,34,68,103,2.0,2,13,0,38
risk_retain,2026101406,DRAW_HORIZON,101,132.634286,335,37,59,105,1.0,1,19,0,57
risk_retain,2026101407,DRAW_HORIZON,144,145.336667,349,27,91,124,2.0,2,18,0,68
risk_retain,2026101408,DRAW_HORIZON,39,143.728571,344,36,90,126,2.0,2,20,0,69
risk_retain,2026101409,DRAW_HORIZON,189,137.678095,350,29,81,110,1.0,1,21,0,62
risk_retain,2026101410,DRAW_HORIZON,12,125.031429,334,44,69,111,1.0,2,24,0,64
risk_retain,2026101411,DRAW_HORIZON,251,145.718095,342,35,85,123,4.0,2,20,0,69
risk_retain,2026101412,DRAW_HORIZON,569,140.952381,351,30,84,121,2.0,2,12,0,54
risk_retain,2026101413,DRAW_HORIZON,379,143.632381,342,42,82,125,2.0,3,15,0,45
risk_retain,2026101414,DRAW_HORIZON,75,135.990952,340,44,74,113,1.0,2,21,0,56
risk_retain,2026101415,DRAW_HORIZON,92,131.421429,330,37,56,108,2.0,2,18,0,69
risk_retain,2026101416,DRAW_HORIZON,-117,147.35381,334,33,81,127,2.0,2,20,0,87
risk_retain,2026101417,DRAW_HORIZON,184,140.840476,347,29,87,122,1.0,1,18,0,63
risk_retain,2026101418,DRAW_HORIZON,481,138.179048,355,26,86,117,2.0,4,14,0,69
risk_retain,2026101419,DRAW_HORIZON,249,146.97619,333,38,84,135,2.0,3,16,0,73
risk_retain,2026101420,DRAW_HORIZON,301,139.30619,336,36,74,122,2.0,1,16,0,75
risk_retain,2026101421,DRAW_HORIZON,232,143.357619,329,45,79,133,1.0,2,17,0,71
risk_retain,2026101422,DRAW_HORIZON,-112,131.224286,354,21,69,100,2.0,2,15,0,66
risk_retain,2026101423,DRAW_HORIZON,74,147.042381,346,31,86,120,4.0,2,20,0,62
risk_retain,2026101424,DRAW_HORIZON,142,130.648571,343,38,69,110,1.0,1,16,0,56
risk_retain,2026101425,DRAW_HORIZON,145,150.667143,346,36,85,119,2.0,1,20,0,58
risk_retain,2026101426,DRAW_HORIZON,536,138.898571,345,33,81,119,2.0,2,17,0,70
risk_retain,2026101427,DRAW_HORIZON,184,127.844762,343,39,65,102,1.0,1,20,0,49
risk_retain,2026101428,DRAW_HORIZON,446,145.578095,350,33,87,118,4.0,2,19,0,61
risk_retain,2026101429,DRAW_HORIZON,769,136.395238,343,35,70,111,2.0,2,16,0,51
risk_retain,2026101430,DRAW_HORIZON,49,143.121429,341,44,78,117,4.0,2,20,0,47
risk_retain,2026101431,DRAW_HORIZON,287,146.938095,346,31,85,122,2.0,1,17,0,61
risk_retain,2026101432,DRAW_HORIZON,226,136.101905,337,33,77,124,2.0,2,16,0,73
risk_retain,2026101433,DRAW_HORIZON,186,139.207143,339,35,78,118,1.0,1,21,0,62
risk_retain,2026101434,DRAW_HORIZON,407,140.595714,344,39,80,123,2.0,3,13,0,66
risk_retain,2026101435,DRAW_HORIZON,828,150.790476,340,39,74,120,4.0,4,14,0,57
risk_retain,2026101436,DRAW_HORIZON,134,138.800952,335,39,73,120,2.0,2,18,0,63
risk_retain,2026101437,DRAW_HORIZON,623,150.35619,354,35,86,111,4.0,1,21,0,50
risk_retain,2026101438,DRAW_HORIZON,145,154.201905,349,33,90,123,4.0,2,18,0,66
risk_retain,2026101439,DRAW_HORIZON,84,147.58381,331,37,86,132,2.0,1,23,0,90
risk_retain,2026101440,DRAW_HORIZON,301,133.85619,350,25,72,109,1.0,2,13,0,62
risk_retain,2026101441,DRAW_HORIZON,488,136.349048,345,35,73,111,2.0,1,17,0,56
risk_retain,2026101442,DRAW_HORIZON,599,142.534286,350,34,87,117,2.0,2,20,0,61
risk_retain,2026101443,DRAW_HORIZON,310,133.71,350,35,74,102,1.0,1,22,0,44
risk_retain,2026101444,DRAW_HORIZON,293,133.723333,348,35,71,101,2.0,1,22,0,51
risk_retain,2026101445,DRAW_HORIZON,69,137.740952,343,40,79,124,1.0,4,12,0,63
risk_retain,2026101446,DRAW_HORIZON,279,137.665714,352,27,72,103,4.0,2,17,0,65
risk_retain,2026101447,DRAW_HORIZON,59,132.926667,341,35,77,116,1.0,1,20,0,54
risk_retain,2026101448,DRAW_HORIZON,723,159.170952,345,36,98,136,2.0,2,17,0,80
risk_retain,2026101449,DRAW_HORIZON,429,144.314762,350,29,82,118,2.0,3,14,0,68
risk_retain,2026101450,DRAW_HORIZON,365,123.940952,343,39,59,99,1.0,4,17,0,55
risk_retain,2026101451,DRAW_HORIZON,205,135.849048,347,32,75,109,2.0,2,19,0,64
risk_retain,2026101452,DRAW_HORIZON,324,134.552857,347,26,72,112,2.0,2,13,0,59
risk_retain,2026101453,DRAW_HORIZON,48,146.571429,338,36,85,134,2.0,4,13,0,70
risk_retain,2026101454,DRAW_HORIZON,526,140.30619,349,31,74,108,2.0,2,17,0,58
risk_retain,2026101455,DRAW_HORIZON,-124,175.650002,325,45,86,141,8.0,2,20,2,96
risk_retain,2026101456,DRAW_HORIZON,61,142.914762,339,37,83,126,2.0,2,18,0,74
risk_retain,2026101457,DRAW_HORIZON,27,146.29,334,36,85,133,4.0,2,18,0,82
risk_retain,2026101458,DRAW_HORIZON,709,131.091429,339,42,73,114,1.0,2,20,0,60
risk_retain,2026101459,DRAW_HORIZON,606,137.542857,350,33,73,106,4.0,2,17,0,50
risk_retain,2026101460,DRAW_HORIZON,670,126.839524,347,33,61,96,1.0,1,18,0,50
risk_retain,2026101461,DRAW_HORIZON,361,141.509524,348,33,81,118,2.0,2,15,0,57
risk_retain,2026101462,DRAW_HORIZON,228,135.685714,345,29,77,119,1.0,2,13,0,68
risk_retain,2026101463,DRAW_HORIZON,236,142.970952,330,42,73,126,2.0,2,17,0,80
risk_retain,2026101464,DRAW_HORIZON,2214,131.875714,351,31,66,100,2.0,2,15,0,42
risk_retain,2026101465,DRAW_HORIZON,294,142.841905,345,37,72,104,2.0,2,23,0,50
risk_retain,2026101466,DRAW_HORIZON,254,134.308095,344,34,68,108,2.0,3,16,0,64
risk_retain,2026101467,DRAW_HORIZON,-71,124.441429,346,31,65,105,1.0,2,14,0,55
risk_retain,2026101468,DRAW_HORIZON,1816,128.843333,358,29,69,96,1.0,2,15,0,46
risk_retain,2026101469,DRAW_HORIZON,1991,137.665238,346,35,70,107,2.0,2,17,0,39
risk_retain,2026101470,DRAW_HORIZON,22,137.659048,344,31,77,114,2.0,1,19,0,65
risk_retain,2026101471,DRAW_HORIZON,153,145.607143,344,31,81,117,1.0,1,20,0,69
risk_retain,2026101472,DRAW_HORIZON,572,140.227143,351,34,81,112,2.0,2,18,0,56
risk_retain,2026101473,DRAW_HORIZON,836,137.328571,354,30,72,102,1.0,2,16,0,55
risk_retain,2026101474,DRAW_HORIZON,86,141.348095,344,32,83,124,2.0,2,15,0,75
risk_retain,2026101475,DRAW_HORIZON,52,138.11619,338,40,72,118,2.0,3,16,0,59
risk_retain,2026101476,DRAW_HORIZON,175,131.902381,348,35,64,99,2.0,2,17,0,43
risk_retain,2026101477,DRAW_HORIZON,767,125.429048,351,29,66,101,2.0,2,14,0,52
risk_retain,2026101478,DRAW_HORIZON,195,146.958571,338,40,82,122,1.0,1,22,0,72
risk_retain,2026101479,DRAW_HORIZON,104,124.820952,334,34,49,95,1.0,1,20,0,63
risk_retain,2026101480,DRAW_HORIZON,263,137.750952,335,38,73,125,2.0,3,13,0,73
risk_retain,2026101481,DRAW_HORIZON,79,137.840952,348,27,69,107,2.0,3,14,0,58
risk_retain,2026101482,DRAW_HORIZON,1815,134.740952,358,24,69,101,2.0,5,10,0,53
risk_retain,2026101483,DRAW_HORIZON,1407,131.584286,359,25,70,97,1.0,3,14,0,45
risk_retain,2026101484,DRAW_HORIZON,88,141.412381,352,26,83,118,2.0,2,13,0,62
risk_retain,2026101485,DRAW_HORIZON,706,141.171905,350,36,78,112,1.0,3,16,0,46
risk_retain,2026101486,DRAW_HORIZON,169,135.799048,347,38,74,105,2.0,1,22,0,57
risk_retain,2026101487,DRAW_HORIZON,195,131.749048,347,25,62,102,1.0,2,13,0,64
risk_retain,2026101488,DRAW_HORIZON,25,133.14381,351,29,63,95,1.0,2,17,0,53
risk_retain,2026101489,DRAW_HORIZON,498,135.804286,354,27,77,110,1.0,2,13,0,60
risk_retain,2026101490,DRAW_HORIZON,0,146.327143,344,37,89,129,2.0,4,16,0,61
risk_retain,2026101491,DRAW_HORIZON,955,135.039524,350,32,71,101,1.0,1,20,0,56
risk_retain,2026101492,DRAW_HORIZON,60,136.490952,347,36,72,100,2.0,1,25,0,50
risk_retain,2026101493,DRAW_HORIZON,1264,136.885238,346,39,67,104,4.0,3,17,0,52
risk_retain,2026101494,DRAW_HORIZON,743,133.646667,350,31,76,103,2.0,2,23,0,59
risk_retain,2026101495,DRAW_HORIZON,191,141.833333,343,35,72,109,2.0,2,20,0,55
risk_retain,2026101496,DRAW_HORIZON,106,140.115714,346,31,81,118,2.0,3,17,0,55
risk_retain,2026101497,DRAW_HORIZON,44,145.772381,341,32,83,125,2.0,1,17,0,69
risk_retain,2026101498,DRAW_HORIZON,190,132.393333,348,33,71,106,2.0,2,17,0,64
risk_retain,2026101499,DRAW_HORIZON,44,134.621429,334,34,69,118,2.0,1,17,0,74
risk_retain,2026101500,DRAW_HORIZON,114,147.000476,341,34,89,128,2.0,2,20,0,75
risk_retain,2026101501,DRAW_HORIZON,121,144.931429,339,37,79,117,4.0,1,23,0,71
risk_retain,2026101502,DRAW_HORIZON,6,135.147619,349,29,83,121,1.0,2,13,0,77
risk_retain,2026101503,DRAW_HORIZON,82,133.682857,344,33,72,107,1.0,1,21,0,69
risk_retain,2026101504,DRAW_HORIZON,489,132.508095,348,31,72,109,2.0,3,15,0,57
risk_retain,2026101505,DRAW_HORIZON,154,135.299048,338,34,71,119,1.0,3,14,0,71
risk_retain,2026101506,DRAW_HORIZON,301,144.36,340,34,87,130,2.0,3,17,0,73
risk_retain,2026101507,DRAW_HORIZON,5,141.997619,338,40,73,115,2.0,1,20,0,65
risk_retain,2026101508,DRAW_HORIZON,553,142.848095,346,38,86,119,2.0,2,21,0,64
risk_retain,2026101509,DRAW_HORIZON,109,141.933333,340,33,82,124,2.0,2,18,0,76
risk_retain,2026101510,DRAW_HORIZON,574,138.172857,351,28,78,114,1.0,3,13,0,57
risk_retain,2026101511,DRAW_HORIZON,519,137.58,349,28,65,95,2.0,1,21,0,41
risk_retain,2026101512,DRAW_HORIZON,-47,142.310952,346,40,85,123,1.0,4,16,0,47
risk_retain,2026101513,DRAW_HORIZON,306,137.340952,343,34,77,119,1.0,2,15,0,60
risk_retain,2026101514,DRAW_HORIZON,49,135.57619,343,34,80,116,1.0,1,21,0,62
risk_retain,2026101515,DRAW_HORIZON,163,145.231429,344,38,86,117,2.0,1,25,0,70
risk_retain,2026101516,DRAW_HORIZON,1639,130.63,357,30,69,99,2.0,3,13,0,37
risk_retain,2026101517,DRAW_HORIZON,-84,138.709524,348,28,80,114,1.0,2,18,0,67
risk_retain,2026101518,DRAW_HORIZON,630,135.385238,343,35,69,112,1.0,2,14,0,61
risk_retain,2026101519,DRAW_HORIZON,422,135.912381,351,31,79,112,2.0,2,16,0,43
risk_retain,2026101520,DRAW_HORIZON,127,146.487619,347,25,89,126,1.0,3,16,0,83
risk_retain,2026101521,DRAW_HORIZON,513,131.628095,353,28,71,101,2.0,1,17,0,40
risk_retain,2026101522,DRAW_HORIZON,202,150.884474,351,34,91,118,1.0,2,22,4,63
risk_retain,2026101523,DRAW_HORIZON,48,140.756042,343,36,84,115,1.0,1,26,1,61
risk_retain,2026101524,DRAW_HORIZON,1266,130.272857,359,25,67,92,1.0,2,16,0,39
risk_retain,2026101525,DRAW_HORIZON,211,141.187619,332,38,73,123,2.0,2,18,0,72
risk_retain,2026101526,DRAW_HORIZON,319,135.60619,339,32,76,122,2.0,3,15,0,80
risk_retain,2026101527,DRAW_HORIZON,566,129.763333,351,30,72,106,1.0,2,15,0,55
risk_retain,2026101528,DRAW_HORIZON,211,136.951429,339,37,71,119,2.0,3,13,0,64
risk_retain,2026101529,DRAW_HORIZON,-71,142.81619,337,32,77,124,2.0,2,16,0,79
risk_retain,2026101530,DRAW_HORIZON,109,125.420476,346,30,66,99,1.0,1,21,0,51
risk_retain,2026101531,DRAW_HORIZON,183,142.530476,342,35,80,119,2.0,1,19,0,66
risk_retain,2026101532,DRAW_HORIZON,197,140.863333,345,35,82,119,2.0,2,18,0,67
risk_retain,2026101533,DRAW_HORIZON,134,136.003165,341,38,74,114,2.0,1,19,1,66
risk_retain,2026101534,DRAW_HORIZON,741,138.249048,337,46,73,114,2.0,2,22,0,57
risk_retain,2026101535,DRAW_HORIZON,62,132.673333,345,32,70,109,1.0,2,16,0,54
risk_retain,2026101536,DRAW_HORIZON,139,134.72619,343,34,76,115,2.0,1,18,0,64
risk_retain,2026101537,DRAW_HORIZON,492,136.012381,346,35,69,108,2.0,2,15,0,51
risk_retain,2026101538,DRAW_HORIZON,276,132.621905,349,31,74,106,1.0,1,19,0,62
risk_retain,2026101539,DRAW_HORIZON,12,132.970952,350,32,73,106,2.0,3,17,0,55
risk_retain,2026101540,DRAW_HORIZON,130,133.090476,337,36,66,112,2.0,2,17,0,60
risk_retain,2026101541,DRAW_HORIZON,251,127.940952,329,45,67,111,1.0,1,27,0,62
risk_retain,2026101542,DRAW_HORIZON,147,146.90381,335,35,90,140,1.0,3,15,0,90
risk_retain,2026101543,DRAW_HORIZON,322,138.242381,343,33,79,121,2.0,3,15,0,77
risk_retain,2026101544,DRAW_HORIZON,426,135.233333,349,38,76,102,2.0,1,25,0,45
risk_retain,2026101545,DRAW_HORIZON,18,137.211429,335,35,63,111,2.0,1,17,0,65
risk_retain,2026101546,DRAW_HORIZON,44,134.855714,340,37,68,112,1.0,2,16,0,60
risk_retain,2026101547,DRAW_HORIZON,997,176.378571,352,34,90,123,16.0,2,15,0,55
risk_retain,2026101548,DRAW_HORIZON,166,137.618571,350,33,83,122,1.0,2,11,0,60
risk_retain,2026101549,DRAW_HORIZON,521,132.73,336,44,67,115,1.0,3,16,0,48
risk_retain,2026101550,DRAW_HORIZON,314,139.45,360,22,87,117,2.0,2,10,0,56
risk_retain,2026101551,DRAW_HORIZON,902,130.645238,351,36,65,98,1.0,1,16,0,31
risk_retain,2026101552,DRAW_HORIZON,42,148.219048,326,43,80,135,2.0,3,19,0,85
risk_retain,2026101553,DRAW_HORIZON,437,146.879524,347,28,76,113,2.0,2,16,0,55
risk_retain,2026101554,DRAW_HORIZON,246,149.002381,333,44,71,117,8.0,1,21,0,71
risk_retain,2026101555,DRAW_HORIZON,902,143.734762,346,37,75,110,2.0,1,19,0,46
risk_retain,2026101556,DRAW_HORIZON,4,138.82,335,40,71,112,1.0,1,24,0,62
risk_retain,2026101557,DRAW_HORIZON,-71,136.922381,349,32,80,117,2.0,2,14,0,53
risk_retain,2026101558,DRAW_HORIZON,135,155.881429,353,25,80,118,8.0,4,9,0,69
risk_retain,2026101559,DRAW_HORIZON,310,154.908095,341,35,71,113,8.0,1,17,0,64
risk_retain,2026101560,DRAW_HORIZON,168,136.90381,352,26,73,106,2.0,2,15,0,55
risk_retain,2026101561,DRAW_HORIZON,107,143.400476,339,39,88,128,2.0,1,21,0,70
risk_retain,2026101562,DRAW_HORIZON,301,139.127143,348,36,81,115,1.0,2,18,0,60
risk_retain,2026101563,DRAW_HORIZON,149,129.735714,333,36,58,104,2.0,2,21,0,64
risk_retain,2026101564,DRAW_HORIZON,221,137.002857,347,28,73,113,1.0,2,13,0,55
risk_retain,2026101565,DRAW_HORIZON,266,131.605714,340,34,71,113,2.0,2,18,0,61
risk_retain,2026101566,DRAW_HORIZON,607,144.036667,340,40,77,118,2.0,2,19,0,59
risk_retain,2026101567,DRAW_HORIZON,677,136.243333,347,34,70,105,2.0,2,18,0,54
risk_retain,2026101568,DRAW_HORIZON,302,144.92619,347,35,99,137,2.0,3,15,0,64
risk_retain,2026101569,DRAW_HORIZON,133,147.286667,336,41,82,131,4.0,4,15,0,69
risk_retain,2026101570,DRAW_HORIZON,1544,141.030476,350,35,76,108,1.0,3,18,0,44
risk_retain,2026101571,DRAW_HORIZON,272,141.409048,340,39,88,126,1.0,1,22,0,63
risk_retain,2026101572,DRAW_HORIZON,174,144.988571,342,37,84,125,2.0,2,17,0,64
risk_retain,2026101573,DRAW_HORIZON,71,139.565714,338,42,82,122,2.0,2,22,0,58
risk_retain,2026101574,DRAW_HORIZON,466,139.066667,343,35,77,120,2.0,4,14,0,60
risk_retain,2026101575,DRAW_HORIZON,959,123.642381,357,26,69,91,2.0,2,21,0,47
risk_retain,2026101576,DRAW_HORIZON,363,132.967143,351,37,75,109,2.0,3,15,0,41
risk_retain,2026101577,DRAW_HORIZON,890,134.641905,344,36,65,104,1.0,2,17,0,50
risk_retain,2026101578,DRAW_HORIZON,285,126.102857,335,35,72,112,2.0,1,25,0,77
risk_retain,2026101579,DRAW_HORIZON,1860,136.28381,345,43,70,106,1.0,2,19,0,37
risk_retain,2026101580,DRAW_HORIZON,117,131.187619,342,39,59,101,1.0,2,16,0,36
risk_retain,2026101581,DRAW_HORIZON,377,142.319524,356,26,83,115,2.0,2,12,0,54
risk_retain,2026101582,DRAW_HORIZON,69,127.048095,351,34,71,105,1.0,2,15,0,49
risk_retain,2026101583,DRAW_HORIZON,191,144.059524,360,25,86,115,2.0,1,11,0,56
risk_retain,2026101584,DRAW_HORIZON,28,135.859048,351,29,73,102,1.0,1,20,0,51
risk_retain,2026101585,DRAW_HORIZON,-258,137.777619,349,32,80,118,1.0,2,13,0,68
risk_retain,2026101586,DRAW_HORIZON,46,137.798095,342,33,74,114,1.0,2,18,0,73
risk_retain,2026101587,DRAW_HORIZON,471,133.857619,346,30,65,105,1.0,2,14,0,61
risk_retain,2026101588,DRAW_HORIZON,427,156.080952,337,42,84,132,4.0,3,15,0,69
risk_retain,2026101589,DRAW_HORIZON,89,141.38381,331,49,81,119,2.0,1,31,0,53
risk_retain,2026101590,DRAW_HORIZON,113,148.282381,338,38,80,124,4.0,1,18,0,70
risk_retain,2026101591,DRAW_HORIZON,-107,128.989524,330,45,56,104,2.0,2,22,0,63
risk_retain,2026101592,DRAW_HORIZON,63,157.947619,329,45,93,142,2.0,2,22,0,67
risk_retain,2026101593,DRAW_HORIZON,269,138.735395,340,36,79,117,2.0,1,22,3,76
risk_retain,2026101594,DRAW_HORIZON,28,141.640476,336,36,81,127,2.0,1,18,0,71
risk_retain,2026101595,DRAW_HORIZON,396,140.412381,352,33,88,116,2.0,3,20,0,55
risk_retain,2026101596,DRAW_HORIZON,519,132.438571,344,32,70,106,1.0,2,20,0,55
risk_retain,2026101597,DRAW_HORIZON,924,135.818571,350,29,66,104,1.0,1,12,0,50
risk_retain,2026101598,DRAW_HORIZON,230,137.699048,326,42,79,135,1.0,1,18,0,78
risk_retain,2026101599,DRAW_HORIZON,571,138.248095,354,23,80,111,2.0,2,15,0,68
risk_retain,2026101600,DRAW_HORIZON,104,140.230952,341,39,72,116,4.0,2,15,0,59
risk_retain,2026101601,DRAW_HORIZON,1207,132.990476,344,36,59,97,1.0,2,18,0,36
risk_retain,2026101602,DRAW_HORIZON,230,129.89619,335,38,53,98,4.0,2,20,0,58
risk_retain,2026101603,DRAW_HORIZON,569,137.38619,344,36,82,124,1.0,2,14,0,54
risk_retain,2026101604,DRAW_HORIZON,427,142.829524,344,37,79,119,2.0,2,16,0,65
risk_retain,2026101605,DRAW_HORIZON,1006,128.913333,352,35,69,94,2.0,1,23,0,43
risk_retain,2026101606,DRAW_HORIZON,-183,144.337619,341,34,81,124,2.0,2,16,0,76
risk_retain,2026101607,DRAW_HORIZON,180,143.175238,347,31,85,122,2.0,2,16,0,64
risk_retain,2026101608,DRAW_HORIZON,419,139.875238,337,42,66,115,2.0,3,14,0,49
risk_retain,2026101609,DRAW_HORIZON,16,129.11381,342,29,66,106,1.0,2,18,0,58
risk_retain,2026101610,DRAW_HORIZON,177,131.475714,331,42,72,120,1.0,2,21,0,70
risk_retain,2026101611,DRAW_HORIZON,267,142.600476,351,27,80,114,2.0,2,15,0,59
risk_retain,2026101612,DRAW_HORIZON,210,136.018095,340,39,70,114,2.0,2,16,0,60
risk_retain,2026101613,DRAW_HORIZON,91,156.398062,346,34,90,129,2.0,3,15,1,66
risk_retain,2026101614,DRAW_HORIZON,228,148.302381,344,32,83,123,2.0,2,16,0,60
risk_retain,2026101615,DRAW_HORIZON,414,158.07619,344,33,81,127,8.0,3,10,0,73
risk_retain,2026101616,DRAW_HORIZON,222,135.10381,332,32,69,119,1.0,2,18,0,80
risk_retain,2026101617,DRAW_HORIZON,724,130.359524,348,28,65,103,2.0,2,14,0,57
risk_retain,2026101618,DRAW_HORIZON,-23,144.459524,323,41,87,140,2.0,2,24,0,93
risk_retain,2026101619,DRAW_HORIZON,129,131.50381,348,27,61,101,2.0,3,12,0,57
risk_retain,2026101620,DRAW_HORIZON,52,140.250476,341,34,76,121,1.0,2,14,0,65
risk_retain,2026101621,DRAW_HORIZON,294,137.161905,339,42,68,102,1.0,1,27,0,42
risk_retain,2026101622,DRAW_HORIZON,504,128.481905,338,39,70,113,1.0,1,19,0,55
risk_retain,2026101623,DRAW_HORIZON,2333,142.401905,353,32,68,101,1.0,2,14,0,47
risk_retain,2026101624,DRAW_HORIZON,556,122.182857,341,37,57,95,1.0,2,21,0,40
risk_retain,2026101625,DRAW_HORIZON,470,146.31381,352,25,82,114,2.0,2,16,0,63
risk_retain,2026101626,DRAW_HORIZON,5,158.940952,346,32,91,126,4.0,2,19,0,81
risk_retain,2026101627,DRAW_HORIZON,311,135.375238,338,39,69,111,2.0,2,20,0,66
risk_retain,2026101628,DRAW_HORIZON,276,130.738571,351,32,72,100,1.0,2,21,0,51
risk_retain,2026101629,DRAW_HORIZON,116,121.302381,339,39,51,94,1.0,3,18,0,41
risk_retain,2026101630,DRAW_HORIZON,97,139.649524,352,28,81,115,1.0,1,14,0,58
risk_retain,2026101631,DRAW_HORIZON,-155,144.68619,363,26,102,125,1.0,1,14,0,63
risk_retain,2026101632,DRAW_HORIZON,144,141.897143,338,33,88,133,1.0,2,17,0,76
risk_retain,2026101633,DRAW_HORIZON,65,138.04,344,30,71,113,2.0,2,14,0,64
risk_retain,2026101634,DRAW_HORIZON,246,130.875714,336,39,65,110,1.0,1,19,0,57
risk_retain,2026101635,DRAW_HORIZON,1056,138.859048,354,30,70,98,1.0,2,18,0,59
risk_retain,2026101636,DRAW_HORIZON,-14,142.416667,334,45,80,126,2.0,3,20,0,63
risk_retain,2026101637,DRAW_HORIZON,-98,129.344762,336,37,68,109,2.0,1,23,0,67
risk_retain,2026101638,DRAW_HORIZON,156,147.755714,345,30,81,121,1.0,2,15,0,57
risk_retain,2026101639,DRAW_HORIZON,194,129.931429,333,37,65,112,2.0,1,20,0,73
risk_retain,2026101640,DRAW_HORIZON,-572,136.912381,341,36,74,112,2.0,2,21,0,66
risk_retain,2026101641,DRAW_HORIZON,131,135.115714,341,39,73,115,1.0,3,17,0,61
risk_retain,2026101642,DRAW_HORIZON,182,130.09381,344,33,71,110,1.0,2,17,0,53
risk_retain,2026101643,DRAW_HORIZON,229,141.767619,339,37,84,124,2.0,2,21,0,72
risk_retain,2026101644,DRAW_HORIZON,496,129.311429,345,33,68,102,1.0,1,21,0,58
risk_retain,2026101645,DRAW_HORIZON,112,134.103333,357,30,76,100,2.0,2,19,0,53
risk_retain,2026101646,DRAW_HORIZON,515,134.637143,359,24,84,112,1.0,1,13,0,52
risk_retain,2026101647,DRAW_HORIZON,615,133.491429,335,41,70,114,2.0,1,21,0,53
risk_retain,2026101648,DRAW_HORIZON,136,151.399048,343,36,80,118,2.0,1,19,0,67
risk_retain,2026101649,DRAW_HORIZON,759,144.711429,354,29,86,119,2.0,3,13,0,61
risk_retain,2026101650,DRAW_HORIZON,791,139.908095,347,34,74,115,2.0,4,12,0,51
risk_retain,2026101651,DRAW_HORIZON,207,128.828095,335,39,74,112,1.0,2,27,0,66
risk_retain,2026101652,DRAW_HORIZON,194,144.423333,338,42,84,127,2.0,3,19,0,60
risk_retain,2026101653,DRAW_HORIZON,22,134.45,333,37,74,120,1.0,2,21,0,74
risk_retain,2026101654,DRAW_HORIZON,-197,141.293333,338,44,69,105,2.0,1,26,0,55
risk_retain,2026101655,DRAW_HORIZON,609,125.404762,347,29,63,100,1.0,2,16,0,64
risk_retain,2026101656,DRAW_HORIZON,124,143.726667,337,43,78,116,4.0,1,25,0,67
risk_retain,2026101657,DRAW_HORIZON,451,143.250476,347,33,74,109,2.0,1,18,0,62
risk_retain,2026101658,DRAW_HORIZON,1118,164.041429,354,31,79,110,8.0,1,15,0,47
risk_retain,2026101659,DRAW_HORIZON,104,139.370476,350,27,85,115,2.0,2,20,0,73
risk_retain,2026101660,DRAW_HORIZON,-180,135.090952,341,40,70,104,1.0,2,25,0,52
risk_retain,2026101661,DRAW_HORIZON,-474,132.267143,326,42,63,117,1.0,2,20,0,67
risk_retain,2026101662,DRAW_HORIZON,462,129.918571,348,27,71,106,1.0,2,17,0,65
risk_retain,2026101663,DRAW_HORIZON,140,138.198571,358,33,77,96,2.0,2,23,0,45
risk_retain,2026101664,DRAW_HORIZON,1054,134.491905,355,31,79,108,2.0,3,16,0,44
risk_retain,2026101665,DRAW_HORIZON,66,148.421429,345,39,85,116,2.0,1,24,0,68
risk_retain,2026101666,DRAW_HORIZON,237,128.221905,336,40,73,117,2.0,2,20,0,65
risk_retain,2026101667,DRAW_HORIZON,571,132.651429,355,25,70,101,2.0,2,14,0,55
risk_retain,2026101668,DRAW_HORIZON,0,147.885714,348,28,89,129,2.0,2,12,0,71
risk_retain,2026101669,DRAW_HORIZON,132,135.147143,347,31,78,116,2.0,3,15,0,71
risk_retain,2026101670,DRAW_HORIZON,8,142.628095,349,32,82,116,2.0,1,17,0,67
risk_retain,2026101671,DRAW_HORIZON,295,133.912857,341,36,73,114,1.0,2,18,0,53
risk_retain,2026101672,DRAW_HORIZON,-3,146.107619,343,32,85,125,2.0,1,17,0,73
risk_retain,2026101673,DRAW_HORIZON,91,137.185238,342,37,81,120,1.0,2,19,0,63
risk_retain,2026101674,DRAW_HORIZON,324,134.290476,350,24,70,106,2.0,2,14,0,63
risk_retain,2026101675,DRAW_HORIZON,270,143.053333,342,32,83,124,2.0,1,17,0,76
risk_retain,2026101676,DRAW_HORIZON,610,137.847619,337,39,71,113,1.0,2,21,0,57
risk_retain,2026101677,DRAW_HORIZON,274,139.029048,348,34,86,120,1.0,1,18,0,68
risk_retain,2026101678,DRAW_HORIZON,11,136.392857,347,28,68,107,4.0,1,14,0,62
risk_retain,2026101679,DRAW_HORIZON,7,142.095714,340,34,79,116,1.0,1,23,0,61
risk_retain,2026101680,DRAW_HORIZON,-8,140.262857,341,36,88,135,1.0,3,12,0,66
risk_retain,2026101681,DRAW_HORIZON,32,137.183333,352,25,74,108,2.0,2,14,0,66
risk_retain,2026101682,DRAW_HORIZON,88,151.080952,339,39,81,119,4.0,2,23,0,61
risk_retain,2026101683,DRAW_HORIZON,299,143.07381,344,26,85,124,2.0,2,17,0,76
risk_retain,2026101684,DRAW_HORIZON,12,148.045238,337,36,80,130,1.0,3,13,0,77
risk_retain,2026101685,DRAW_HORIZON,328,149.176667,344,36,85,122,2.0,2,19,0,59
risk_retain,2026101686,DRAW_HORIZON,116,135.80381,348,32,75,110,2.0,2,17,0,56
risk_retain,2026101687,DRAW_HORIZON,1,150.882381,340,40,84,121,2.0,1,23,0,69
risk_retain,2026101688,DRAW_HORIZON,48,143.127619,345,29,77,116,2.0,1,16,0,79
risk_retain,2026101689,DRAW_HORIZON,127,134.417143,350,32,80,109,2.0,1,21,0,63
risk_retain,2026101690,DRAW_HORIZON,1400,142.071905,351,36,80,116,2.0,3,13,0,49
risk_retain,2026101691,DRAW_HORIZON,348,148.580476,340,36,81,127,2.0,2,14,0,63
risk_retain,2026101692,DRAW_HORIZON,364,138.074762,345,36,81,120,1.0,2,16,0,59
risk_retain,2026101693,DRAW_HORIZON,159,138.737143,341,40,56,99,8.0,3,16,0,55
risk_retain,2026101694,DRAW_HORIZON,400,149.447619,352,27,81,120,2.0,4,9,0,55
risk_retain,2026101695,DRAW_HORIZON,329,133.494286,345,33,71,108,2.0,3,18,0,68
risk_retain,2026101696,DRAW_HORIZON,107,125.269524,338,36,69,112,1.0,2,19,0,50
risk_retain,2026101697,DRAW_HORIZON,33,132.42,343,30,75,115,1.0,1,17,0,62
risk_retain,2026101698,DRAW_HORIZON,62,152.18619,343,33,88,128,4.0,3,17,0,78
risk_retain,2026101699,DRAW_HORIZON,593,142.247619,346,34,83,123,1.0,2,14,0,63
risk_retain,2026101700,DRAW_HORIZON,77,132.876667,341,37,67,108,2.0,3,18,0,61
risk_retain,2026101701,DRAW_HORIZON,623,136.831905,342,35,77,112,1.0,2,23,0,76
risk_retain,2026101702,DRAW_HORIZON,516,137.551429,341,43,69,102,2.0,2,26,0,45
risk_retain,2026101703,DRAW_HORIZON,95,134.998571,336,39,78,128,2.0,2,14,0,67
risk_retain,2026101704,DRAW_HORIZON,10,140.398095,336,34,93,137,2.0,3,20,0,90
risk_retain,2026101705,DRAW_HORIZON,278,148.334762,342,39,85,124,2.0,3,19,0,56
risk_retain,2026101706,DRAW_HORIZON,1531,144.137143,362,22,80,107,2.0,2,11,0,47
risk_retain,2026101707,DRAW_HORIZON,704,147.516667,345,35,89,127,2.0,3,17,0,67
risk_retain,2026101708,DRAW_HORIZON,-28,139.849048,338,37,86,127,1.0,1,21,0,75
risk_retain,2026101709,DRAW_HORIZON,304,135.192381,341,30,77,118,1.0,2,18,0,75
risk_retain,2026101710,DRAW_HORIZON,171,145.305238,341,38,84,124,1.0,1,19,0,65
risk_retain,2026101711,DRAW_HORIZON,281,140.428095,345,31,80,120,2.0,2,15,0,67
risk_retain,2026101712,DRAW_HORIZON,306,131.280476,339,40,73,116,2.0,2,18,0,58
risk_retain,2026101713,DRAW_HORIZON,523,157.314286,350,31,79,111,8.0,2,18,0,62
risk_retain,2026101714,DRAW_HORIZON,246,147.801429,343,33,88,129,2.0,3,16,0,59
risk_retain,2026101715,DRAW_HORIZON,244,134.135238,338,38,72,116,2.0,1,18,0,62
risk_retain,2026101716,DRAW_HORIZON,900,132.922021,348,29,61,92,1.0,1,21,2,46
risk_retain,2026101717,DRAW_HORIZON,439,135.460952,345,33,74,110,2.0,2,19,0,61
risk_retain,2026101718,DRAW_HORIZON,296,132.48619,337,41,61,102,2.0,1,22,0,43
risk_retain,2026101719,DRAW_HORIZON,221,139.427143,344,35,91,127,1.0,2,20,0,67
risk_retain,2026101720,DRAW_HORIZON,286,122.732381,337,34,58,104,1.0,3,17,0,62
risk_retain,2026101721,DRAW_HORIZON,-79,140.55619,341,34,81,125,1.0,2,15,0,73
risk_retain,2026101722,DRAW_HORIZON,220,133.9,344,31,82,121,1.0,2,17,0,73
risk_retain,2026101723,DRAW_HORIZON,175,127.345714,341,35,56,92,1.0,1,23,0,53
risk_retain,2026101724,DRAW_HORIZON,10,141.538095,336,38,83,127,2.0,1,20,0,82
risk_retain,2026101725,DRAW_HORIZON,756,141.430952,347,38,75,112,2.0,2,16,0,46
risk_retain,2026101726,DRAW_HORIZON,3,141.208095,339,40,80,122,2.0,1,19,0,67
risk_retain,2026101727,DRAW_HORIZON,541,139.620476,349,37,82,115,1.0,1,18,0,41
risk_retain,2026101728,DRAW_HORIZON,192,134.461905,338,38,76,120,2.0,3,18,0,63
risk_retain,2026101729,DRAW_HORIZON,161,154.475714,346,34,82,119,8.0,2,17,0,60
risk_retain,2026101730,DRAW_HORIZON,83,154.805238,350,32,99,134,2.0,1,15,0,62
risk_retain,2026101731,DRAW_HORIZON,70,138.885714,343,33,66,108,1.0,1,15,0,59
risk_retain,2026101732,DRAW_HORIZON,810,134.001429,346,37,62,98,2.0,2,18,0,50
risk_retain,2026101733,DRAW_HORIZON,115,129.975238,345,35,72,105,1.0,1,22,0,57
risk_retain,2026101734,DRAW_HORIZON,-216,154.285714,343,37,98,136,2.0,1,19,0,72
risk_retain,2026101735,DRAW_HORIZON,171,145.127619,341,35,86,130,2.0,4,15,0,80
risk_retain,2026101736,DRAW_HORIZON,289,142.143333,349,35,85,119,2.0,3,17,0,63
risk_retain,2026101737,DRAW_HORIZON,322,136.300476,341,39,84,121,2.0,2,22,0,67
risk_retain,2026101738,DRAW_HORIZON,115,128.138571,344,36,59,97,1.0,3,18,0,49
risk_retain,2026101739,DRAW_HORIZON,160,141.33,347,35,75,110,2.0,2,18,0,54
risk_retain,2026101740,DRAW_HORIZON,580,129.692381,345,31,61,99,1.0,2,17,0,49
risk_retain,2026101741,DRAW_HORIZON,-94,143.39,352,30,81,116,2.0,3,13,0,60
risk_retain,2026101742,DRAW_HORIZON,461,133.488095,352,31,74,101,2.0,2,21,0,59
risk_retain,2026101743,DRAW_HORIZON,63,139.734286,331,39,72,118,2.0,2,23,0,75
risk_retain,2026101744,DRAW_HORIZON,-8,139.425714,345,34,81,122,1.0,2,14,0,61
risk_retain,2026101745,DRAW_HORIZON,183,141.59381,352,28,83,117,1.0,2,14,0,67
risk_retain,2026101746,DRAW_HORIZON,2,137.814286,328,35,79,130,1.0,1,21,0,92
risk_retain,2026101747,DRAW_HORIZON,118,134.831905,343,33,84,122,1.0,1,19,0,73
risk_retain,2026101748,DRAW_HORIZON,139,133.798571,345,36,68,107,1.0,2,16,0,49
risk_retain,2026101749,DRAW_HORIZON,52,140.28619,346,24,70,112,2.0,2,12,0,75
risk_retain,2026101750,DRAW_HORIZON,436,130.95381,350,28,65,102,2.0,2,13,0,54
risk_retain,2026101751,DRAW_HORIZON,96,154.388095,351,32,84,116,4.0,2,17,0,56
risk_retain,2026101752,DRAW_HORIZON,63,143.18381,337,42,78,120,1.0,2,21,0,61
risk_retain,2026101753,DRAW_HORIZON,505,126.410476,337,38,58,102,1.0,3,19,0,50
risk_retain,2026101754,DRAW_HORIZON,691,136.75619,349,28,70,107,2.0,1,14,0,64
risk_retain,2026101755,DRAW_HORIZON,322,130.767619,336,34,66,111,1.0,1,19,0,68
risk_retain,2026101756,DRAW_HORIZON,-224,146.389524,339,39,85,128,2.0,2,18,0,65
risk_retain,2026101757,DRAW_HORIZON,288,145.76619,346,31,93,130,2.0,2,17,0,74
risk_retain,2026101758,DRAW_HORIZON,1801,131.463333,352,29,63,97,2.0,1,14,0,42
risk_retain,2026101759,DRAW_HORIZON,547,133.74,342,35,56,95,2.0,2,19,0,59
risk_retain,2026101760,DRAW_HORIZON,115,138.097143,345,27,72,109,2.0,2,18,0,73
risk_retain,2026101761,DRAW_HORIZON,162,143.691905,335,39,82,127,2.0,2,20,0,80
risk_retain,2026101762,DRAW_HORIZON,41,138.834762,341,31,74,114,1.0,2,19,0,76
risk_retain,2026101763,DRAW_HORIZON,737,137.51619,343,31,71,108,1.0,2,20,0,64
risk_retain,2026101764,DRAW_HORIZON,584,150.082381,347,38,85,120,4.0,1,18,0,67
risk_retain,2026101765,DRAW_HORIZON,120,132.713088,337,40,72,113,1.0,1,22,3,62
risk_retain,2026101766,DRAW_HORIZON,397,140.796667,350,34,86,119,2.0,2,17,0,59
risk_retain,2026101767,DRAW_HORIZON,792,128.843333,354,29,66,96,2.0,3,16,0,56
risk_retain,2026101768,DRAW_HORIZON,12,140.802381,339,40,81,120,2.0,1,22,0,63
risk_retain,2026101769,DRAW_HORIZON,89,132.644762,344,33,64,105,2.0,3,15,0,57
risk_retain,2026101770,DRAW_HORIZON,628,132.599048,339,39,63,103,1.0,1,21,0,50
risk_retain,2026101771,DRAW_HORIZON,305,126.466667,335,42,63,106,1.0,2,22,0,52
risk_retain,2026101772,DRAW_HORIZON,285,136.686667,353,32,78,113,1.0,3,12,0,48
risk_retain,2026101773,DRAW_HORIZON,92,136.079048,341,27,75,118,2.0,2,16,0,74
risk_retain,2026101774,DRAW_HORIZON,2386,135.888571,352,31,65,94,2.0,2,19,0,45
risk_retain,2026101775,DRAW_HORIZON,599,134.310952,339,45,74,113,1.0,2,22,0,51
risk_retain,2026101776,DRAW_HORIZON,-188,144.528095,330,37,84,135,2.0,2,19,0,80
risk_retain,2026101777,DRAW_HORIZON,294,147.360476,354,32,83,112,4.0,2,17,0,54
risk_retain,2026101778,DRAW_HORIZON,120,157.822381,350,28,89,126,4.0,3,13,0,60
risk_retain,2026101779,DRAW_HORIZON,-153,122.855238,353,27,64,101,1.0,3,10,0,49
risk_retain,2026101780,DRAW_HORIZON,101,146.099048,336,32,80,130,2.0,2,14,0,65
risk_retain,2026101781,DRAW_HORIZON,23,148.745238,339,33,85,131,1.0,3,15,0,77
risk_retain,2026101782,DRAW_HORIZON,633,132.977619,344,35,63,101,2.0,1,18,0,56
risk_retain,2026101783,DRAW_HORIZON,1454,131.565238,357,30,68,94,1.0,2,17,0,46
risk_retain,2026101784,DRAW_HORIZON,1779,144.89619,343,40,72,115,2.0,4,14,0,51
risk_retain,2026101785,DRAW_HORIZON,76,138.926667,350,25,78,112,2.0,2,16,0,69
risk_retain,2026101786,DRAW_HORIZON,67,137.66381,339,33,71,114,1.0,2,18,0,65
risk_retain,2026101787,DRAW_HORIZON,239,134.674762,352,28,82,112,2.0,1,18,0,61
risk_retain,2026101788,DRAW_HORIZON,285,136.174286,341,36,72,113,2.0,1,18,0,70
risk_retain,2026101789,DRAW_HORIZON,69,135.255714,353,26,75,109,1.0,3,13,0,48
risk_retain,2026101790,DRAW_HORIZON,24,143.301429,334,39,86,137,2.0,3,15,0,83
risk_retain,2026101791,DRAW_HORIZON,501,129.30619,334,45,69,110,1.0,1,25,0,53
risk_retain,2026101792,DRAW_HORIZON,145,140.77381,338,37,75,116,2.0,1,21,0,62
risk_retain,2026101793,DRAW_HORIZON,1492,141.011905,346,34,67,106,2.0,2,15,0,34
risk_retain,2026101794,DRAW_HORIZON,54,144.288571,343,33,80,124,2.0,3,13,0,56
risk_retain,2026101795,DRAW_HORIZON,684,134.178095,349,33,71,106,1.0,3,16,0,58
risk_retain,2026101796,DRAW_HORIZON,264,135.478095,344,30,72,111,2.0,1,17,0,61
risk_retain,2026101797,DRAW_HORIZON,262,148.040476,354,26,85,120,4.0,2,11,0,67
risk_retain,2026101798,DRAW_HORIZON,34,146.893333,339,38,81,124,2.0,3,18,0,68
risk_retain,2026101799,DRAW_HORIZON,-174,141.259048,348,22,84,126,2.0,3,10,0,84
risk_retain,2026101800,DRAW_HORIZON,65,140.014286,343,33,81,120,4.0,3,18,0,73
risk_retain,2026101801,DRAW_HORIZON,147,133.877619,354,29,70,95,2.0,2,21,0,46
risk_retain,2026101802,DRAW_HORIZON,68,135.783333,341,40,69,108,1.0,1,20,0,56
risk_retain,2026101803,DRAW_HORIZON,323,137.442381,345,26,63,103,2.0,3,15,0,60
risk_retain,2026101804,DRAW_HORIZON,297,130.942381,340,39,67,109,2.0,1,18,0,45
risk_retain,2026101805,DRAW_HORIZON,949,141.672381,349,29,69,103,2.0,3,17,0,59
risk_retain,2026101806,DRAW_HORIZON,655,141.256667,353,28,75,107,2.0,2,15,0,59
risk_retain,2026101807,DRAW_HORIZON,-31,143.90619,343,34,83,126,1.0,3,14,0,74
risk_retain,2026101808,DRAW_HORIZON,226,141.97,352,27,79,114,2.0,3,13,0,67
risk_retain,2026101809,DRAW_HORIZON,1208,128.57619,353,26,62,96,2.0,2,13,0,50
risk_retain,2026101810,DRAW_HORIZON,171,133.362381,344,29,71,115,1.0,3,12,0,66
risk_retain,2026101811,DRAW_HORIZON,175,137.491905,343,30,75,115,2.0,1,17,0,55
risk_retain,2026101812,DRAW_HORIZON,306,148.568571,339,35,90,142,1.0,4,9,0,72
risk_retain,2026101813,DRAW_HORIZON,121,142.022381,342,36,74,115,1.0,2,17,0,58
risk_retain,2026101814,DRAW_HORIZON,-11,150.721429,350,25,84,121,4.0,2,13,0,68
risk_retain,2026101815,DRAW_HORIZON,259,140.442381,342,27,80,124,1.0,2,14,0,81
risk_retain,2026101816,DRAW_HORIZON,22,140.71,345,31,73,112,2.0,3,16,0,59
risk_retain,2026101817,DRAW_HORIZON,210,134.96,339,34,73,115,2.0,1,19,0,65
risk_retain,2026101818,DRAW_HORIZON,335,148.82619,336,43,85,124,1.0,1,25,0,64
risk_retain,2026101819,DRAW_HORIZON,449,137.409048,356,25,76,105,4.0,2,15,0,62
risk_retain,2026101820,DRAW_HORIZON,174,142.090952,350,33,86,116,2.0,2,20,0,60
risk_retain,2026101821,DRAW_HORIZON,181,142.561429,343,33,75,119,2.0,3,13,0,67
risk_retain,2026101822,DRAW_HORIZON,808,151.97,352,26,82,118,2.0,2,12,0,61
risk_retain,2026101823,DRAW_HORIZON,306,134.097143,351,33,72,108,2.0,3,13,0,53
risk_retain,2026101824,DRAW_HORIZON,182,133.350476,341,39,64,108,1.0,4,15,0,49
risk_retain,2026101825,DRAW_HORIZON,261,144.738095,350,36,83,115,2.0,2,18,0,49
risk_retain,2026101826,DRAW_HORIZON,2070,142.97,351,30,81,118,1.0,2,12,0,53
risk_retain,2026101827,DRAW_HORIZON,291,135.740476,334,40,76,120,1.0,1,22,0,75
risk_retain,2026101828,DRAW_HORIZON,79,146.676667,335,40,83,127,4.0,1,21,0,79
risk_retain,2026101829,DRAW_HORIZON,271,142.062857,337,37,76,121,2.0,4,18,0,74
risk_retain,2026101830,DRAW_HORIZON,295,137.475238,338,37,66,115,1.0,2,13,0,57
risk_retain,2026101831,DRAW_HORIZON,330,132.975238,346,31,65,106,1.0,3,13,0,52
risk_retain,2026101832,DRAW_HORIZON,499,138.080476,351,26,68,99,2.0,1,18,0,57
risk_retain,2026101833,DRAW_HORIZON,147,133.844286,331,41,68,116,1.0,2,21,0,73
risk_retain,2026101834,DRAW_HORIZON,968,132.569048,347,32,70,108,1.0,1,15,0,46
risk_retain,2026101835,DRAW_HORIZON,262,141.941429,348,35,87,122,2.0,4,17,0,60
risk_retain,2026101836,DRAW_HORIZON,360,140.212381,345,31,65,106,4.0,2,14,0,54
risk_retain,2026101837,DRAW_HORIZON,-224,154.294762,339,36,88,127,2.0,1,22,0,77
risk_retain,2026101838,DRAW_HORIZON,2983,134.826667,351,38,66,97,1.0,2,18,0,28
risk_retain,2026101839,DRAW_HORIZON,59,147.994286,346,33,88,125,4.0,2,17,0,75
risk_retain,2026101840,DRAW_HORIZON,136,135.143333,342,34,72,111,1.0,1,19,0,66
risk_retain,2026101841,DRAW_HORIZON,96,140.732381,344,30,74,114,2.0,2,16,0,60
risk_retain,2026101842,DRAW_HORIZON,193,155.449524,344,33,87,130,2.0,2,13,0,76
risk_retain,2026101843,DRAW_HORIZON,202,132.091429,335,34,59,107,4.0,2,17,0,64
risk_retain,2026101844,DRAW_HORIZON,230,135.145238,334,43,82,119,1.0,1,29,0,69
risk_retain,2026101845,DRAW_HORIZON,167,134.547619,333,41,74,117,1.0,1,24,0,63
risk_retain,2026101846,DRAW_HORIZON,289,136.914286,345,29,73,112,2.0,2,16,0,72
risk_retain,2026101847,DRAW_HORIZON,623,141.765238,344,29,74,116,2.0,1,14,0,68
risk_retain,2026101848,DRAW_HORIZON,111,145.871429,343,32,73,116,4.0,2,14,0,59
risk_retain,2026101849,DRAW_HORIZON,-252,144.20619,341,37,78,118,2.0,3,19,0,62
risk_retain,2026101850,DRAW_HORIZON,216,136.430952,341,32,71,115,2.0,2,15,0,61
risk_retain,2026101851,DRAW_HORIZON,62,136.933333,352,26,79,114,2.0,3,13,0,64
risk_retain,2026101852,DRAW_HORIZON,-41,137.289048,354,26,82,117,2.0,3,11,0,61
risk_retain,2026101853,DRAW_HORIZON,171,141.327143,349,27,83,121,2.0,3,13,0,66
risk_retain,2026101854,DRAW_HORIZON,998,125.721429,349,34,56,86,1.0,1,21,0,33
risk_retain,2026101855,DRAW_HORIZON,177,140.420476,350,28,82,116,2.0,2,16,0,62
risk_retain,2026101856,DRAW_HORIZON,2640,133.502381,344,39,62,100,1.0,3,18,0,45
risk_retain,2026101857,DRAW_HORIZON,73,142.671429,349,30,83,123,2.0,2,11,0,60
risk_retain,2026101858,DRAW_HORIZON,607,136.547619,353,35,80,105,2.0,2,22,0,49
risk_retain,2026101859,DRAW_HORIZON,492,133.38381,350,30,68,102,2.0,3,16,0,62
risk_retain,2026101860,DRAW_HORIZON,635,129.163333,347,33,64,105,1.0,3,12,0,49
risk_retain,2026101861,DRAW_HORIZON,1254,126.624286,352,32,60,92,1.0,2,16,0,36
risk_retain,2026101862,DRAW_HORIZON,267,141.729048,345,34,83,123,4.0,2,15,0,63
risk_retain,2026101863,DRAW_HORIZON,66,138.458571,349,30,71,104,2.0,2,18,0,55
risk_retain,2026101864,DRAW_HORIZON,332,145.902381,346,34,68,110,2.0,3,12,0,54
risk_retain,2026101865,DRAW_HORIZON,219,135.27381,351,26,76,107,2.0,1,18,0,72
risk_retain,2026101866,DRAW_HORIZON,325,143.322381,333,44,77,120,2.0,2,24,0,61
risk_retain,2026101867,DRAW_HORIZON,2570,120.541905,358,31,60,86,1.0,1,16,0,28
risk_retain,2026101868,DRAW_HORIZON,816,134.649524,346,36,74,110,1.0,1,18,0,42
risk_retain,2026101869,DRAW_HORIZON,237,138.043333,348,32,79,115,1.0,2,16,0,57
risk_retain,2026101870,DRAW_HORIZON,267,143.371429,339,38,93,136,2.0,1,18,0,64
risk_retain,2026101871,DRAW_HORIZON,125,149.931429,352,32,95,129,2.0,2,14,0,65
risk_retain,2026101872,DRAW_HORIZON,185,144.27619,344,36,82,123,4.0,4,15,0,60
risk_retain,2026101873,DRAW_HORIZON,1303,128.571429,360,24,65,91,1.0,2,14,0,44
risk_retain,2026101874,DRAW_HORIZON,316,141.999524,354,24,87,111,1.0,2,22,0,66
risk_retain,2026101875,DRAW_HORIZON,345,146.373333,356,28,94,119,2.0,1,19,0,61
risk_retain,2026101876,DRAW_HORIZON,80,133.205238,352,28,71,106,1.0,3,13,0,55
risk_retain,2026101877,DRAW_HORIZON,-324,135.016667,336,39,70,113,1.0,2,21,0,60
risk_retain,2026101878,DRAW_HORIZON,-211,147.431905,342,38,80,123,4.0,2,15,0,69
risk_retain,2026101879,DRAW_HORIZON,44,138.14619,341,32,77,118,1.0,2,18,0,66
risk_retain,2026101880,DRAW_HORIZON,242,135.887619,346,34,76,116,1.0,1,14,0,66
risk_retain,2026101881,DRAW_HORIZON,551,134.592381,346,32,60,93,2.0,2,21,0,42
risk_retain,2026101882,DRAW_HORIZON,236,141.72619,342,38,77,118,2.0,2,17,0,50
risk_retain,2026101883,DRAW_HORIZON,14,131.050952,352,27,66,98,2.0,1,16,0,63
risk_retain,2026101884,DRAW_HORIZON,748,145.199048,347,33,82,119,1.0,2,16,0,61
risk_retain,2026101885,DRAW_HORIZON,391,125.850476,346,34,62,97,1.0,1,19,0,55
risk_retain,2026101886,DRAW_HORIZON,-361,139.670952,336,36,83,127,4.0,1,20,0,84
risk_retain,2026101887,DRAW_HORIZON,-88,134.245714,328,43,71,118,2.0,2,25,0,71
risk_retain,2026101888,DRAW_HORIZON,42,149.951429,326,48,88,140,2.0,3,22,0,78
risk_retain,2026101889,DRAW_HORIZON,46,125.267619,339,34,59,103,1.0,1,17,0,63
risk_retain,2026101890,DRAW_HORIZON,44,134.399524,347,29,70,106,1.0,2,17,0,59
risk_retain,2026101891,DRAW_HORIZON,844,134.689524,343,35,64,102,1.0,3,19,0,47
risk_retain,2026101892,DRAW_HORIZON,279,145.411047,337,44,71,107,1.0,1,27,6,59
risk_retain,2026101893,DRAW_HORIZON,811,123.524286,351,32,62,95,1.0,2,16,0,47
risk_retain,2026101894,DRAW_HORIZON,679,136.39619,342,33,69,112,1.0,2,15,0,57
risk_retain,2026101895,DRAW_HORIZON,495,129.52381,347,33,68,105,1.0,2,16,0,51
risk_retain,2026101896,DRAW_HORIZON,259,144.750476,337,38,84,132,1.0,2,15,0,78
risk_retain,2026101897,DRAW_HORIZON,314,135.778095,341,34,72,104,2.0,2,27,0,59
risk_retain,2026101898,DRAW_HORIZON,829,122.676667,340,40,53,89,1.0,2,24,0,36
risk_retain,2026101899,DRAW_HORIZON,581,137.495238,352,22,78,112,2.0,1,14,0,73
risk_retain,2026101900,DRAW_HORIZON,164,128.071429,339,38,68,111,1.0,2,18,0,58
risk_retain,2026101901,DRAW_HORIZON,209,136.191905,350,30,72,111,2.0,3,11,0,59
risk_retain,2026101902,DRAW_HORIZON,189,137.38,341,35,76,112,2.0,1,23,0,59
risk_retain,2026101903,DRAW_HORIZON,192,137.972857,344,36,76,114,1.0,2,18,0,62
risk_retain,2026101904,DRAW_HORIZON,268,136.882381,339,37,72,114,1.0,1,19,0,62
risk_retain,2026101905,DRAW_HORIZON,574,142.605714,345,31,83,129,2.0,3,9,0,64
risk_retain,2026101906,DRAW_HORIZON,157,139.710952,351,33,86,115,1.0,1,20,0,63
risk_retain,2026101907,DRAW_HORIZON,-214,150.432381,341,36,90,132,2.0,2,17,0,73
risk_retain,2026101908,DRAW_HORIZON,343,130.165238,346,35,65,103,1.0,2,16,0,44
risk_retain,2026101909,DRAW_HORIZON,2,125.086667,337,39,55,95,1.0,1,23,0,46
risk_retain,2026101910,DRAW_HORIZON,785,143.967143,343,37,61,103,2.0,3,15,0,37
risk_retain,2026101911,DRAW_HORIZON,323,133.805238,341,28,66,108,1.0,2,17,0,69
risk_retain,2026101912,DRAW_HORIZON,-13,137.71172,337,36,74,117,1.0,1,20,4,74
risk_retain,2026101913,DRAW_HORIZON,26,154.193333,335,40,92,135,4.0,1,22,0,92
risk_retain,2026101914,DRAW_HORIZON,179,151.91381,340,30,88,132,4.0,2,16,0,75
risk_retain,2026101915,DRAW_HORIZON,19,137.947619,348,30,76,113,2.0,1,15,0,68
risk_retain,2026101916,DRAW_HORIZON,1732,135.029524,349,41,73,102,1.0,2,22,0,32
risk_retain,2026101917,DRAW_HORIZON,225,131.609048,343,36,67,105,2.0,2,19,0,59
risk_retain,2026101918,DRAW_HORIZON,581,136.747143,355,27,88,116,1.0,1,17,0,67
risk_retain,2026101919,DRAW_HORIZON,-58,151.202381,335,40,90,136,2.0,1,19,0,68
risk_retain,2026101920,DRAW_HORIZON,264,145.414762,356,25,84,116,2.0,3,12,0,53
risk_retain,2026101921,DRAW_HORIZON,240,141.674286,343,31,83,122,2.0,1,18,0,75
risk_retain,2026101922,DRAW_HORIZON,58,134.467619,349,30,70,102,2.0,2,19,0,56
risk_retain,2026101923,DRAW_HORIZON,650,131.021905,344,34,65,104,1.0,2,17,0,51
risk_retain,2026101924,DRAW_HORIZON,215,144.219524,342,36,82,126,2.0,3,14,0,70
risk_retain,2026101925,DRAW_HORIZON,184,141.32,334,41,78,118,2.0,1,26,0,66
risk_retain,2026101926,DRAW_HORIZON,910,133.769048,350,32,68,104,2.0,2,14,0,57
risk_retain,2026101927,DRAW_HORIZON,69,136.964762,325,49,73,127,2.0,3,21,0,71
risk_retain,2026101928,DRAW_HORIZON,619,138.285714,347,30,78,120,2.0,4,11,0,72
risk_retain,2026101929,DRAW_HORIZON,205,148.460952,343,27,81,124,2.0,2,14,0,73
risk_retain,2026101930,DRAW_HORIZON,1081,134.521429,351,31,60,95,2.0,2,14,0,42
risk_retain,2026101931,DRAW_HORIZON,36,136.739048,353,26,76,107,2.0,3,16,0,54
risk_retain,2026101932,DRAW_HORIZON,189,150.351905,337,33,88,134,2.0,3,17,0,82
risk_retain,2026101933,DRAW_HORIZON,84,126.114762,329,37,60,108,1.0,2,23,0,70
risk_retain,2026101934,DRAW_HORIZON,-8,143.764762,335,40,82,129,4.0,1,18,0,72
risk_retain,2026101935,DRAW_HORIZON,134,135.777619,338,39,83,128,1.0,1,17,0,68
risk_retain,2026101936,DRAW_HORIZON,-105,136.258571,348,30,79,115,1.0,1,16,0,62
risk_retain,2026101937,DRAW_HORIZON,144,134.971905,340,39,68,108,2.0,2,20,0,53
risk_retain,2026101938,DRAW_HORIZON,645,137.144762,361,25,80,107,2.0,3,12,0,50
risk_retain,2026101939,DRAW_HORIZON,706,141.163333,349,32,80,118,2.0,3,13,0,52
risk_retain,2026101940,DRAW_HORIZON,30,141.374286,346,27,83,120,2.0,2,17,0,75
risk_retain,2026101941,DRAW_HORIZON,-84,131.878095,335,38,72,119,1.0,1,18,0,65
risk_retain,2026101942,DRAW_HORIZON,1740,123.859048,345,39,63,102,1.0,3,16,0,46
risk_retain,2026101943,DRAW_HORIZON,342,139.579048,346,32,68,108,2.0,3,14,0,55
risk_retain,2026101944,DRAW_HORIZON,67,140.502381,340,36,77,117,4.0,3,20,0,68
risk_retain,2026101945,DRAW_HORIZON,227,139.128571,345,28,77,118,2.0,2,14,0,73
risk_retain,2026101946,DRAW_HORIZON,60,142.857619,346,31,76,116,1.0,2,14,0,70
risk_retain,2026101947,DRAW_HORIZON,1957,131.581905,354,29,64,97,2.0,4,13,0,49
risk_retain,2026101948,DRAW_HORIZON,275,137.794762,350,28,74,109,2.0,2,15,0,56
risk_retain,2026101949,DRAW_HORIZON,831,145.564762,351,28,77,111,1.0,2,15,0,68
risk_retain,2026101950,DRAW_HORIZON,-144,142.69619,340,30,83,124,2.0,1,19,0,81
risk_retain,2026101951,DRAW_HORIZON,289,120.11619,338,35,55,96,1.0,2,21,0,60
risk_retain,2026101952,DRAW_HORIZON,289,135.939048,346,26,79,116,2.0,2,17,0,77
risk_retain,2026101953,DRAW_HORIZON,409,138.890952,346,26,80,120,1.0,1,14,0,70
risk_retain,2026101954,DRAW_HORIZON,43,139.648571,335,39,79,121,1.0,1,23,0,68
risk_retain,2026101955,DRAW_HORIZON,97,149.329524,343,33,81,121,4.0,2,17,0,72
risk_retain,2026101956,DRAW_HORIZON,23,142.592568,337,45,77,120,2.0,1,20,1,54
risk_retain,2026101957,DRAW_HORIZON,699,139.910952,348,31,79,111,2.0,1,20,0,61
risk_retain,2026101958,DRAW_HORIZON,869,130.464286,353,27,68,103,1.0,2,12,0,45
risk_retain,2026101959,DRAW_HORIZON,576,149.126667,352,30,81,110,4.0,2,19,0,54
risk_retain,2026101960,DRAW_HORIZON,956,130.564286,349,36,68,100,1.0,1,19,0,46
risk_retain,2026101961,DRAW_HORIZON,189,138.635238,340,38,77,122,2.0,2,15,0,61
risk_retain,2026101962,DRAW_HORIZON,945,141.055714,347,36,73,105,2.0,1,21,0,49
risk_retain,2026101963,DRAW_HORIZON,170,132.431905,345,33,85,124,1.0,2,16,0,61
risk_retain,2026101964,DRAW_HORIZON,136,137.267143,329,48,66,116,1.0,3,21,0,53
risk_retain,2026101965,DRAW_HORIZON,179,131.514286,333,39,65,109,1.0,1,23,0,56
risk_retain,2026101966,DRAW_HORIZON,113,145.754762,345,32,84,121,1.0,2,18,0,63
risk_retain,2026101967,DRAW_HORIZON,273,143.285714,342,28,69,114,4.0,4,13,0,75
risk_retain,2026101968,DRAW_HORIZON,212,137.856667,341,33,80,125,2.0,2,14,0,78
risk_retain,2026101969,DRAW_HORIZON,112,133.447619,347,29,79,116,1.0,2,16,0,58
risk_retain,2026101970,DRAW_HORIZON,-143,135.17,348,30,75,110,1.0,1,17,0,60
risk_retain,2026101971,DRAW_HORIZON,384,147.117619,344,34,70,106,8.0,1,20,0,58
risk_retain,2026101972,DRAW_HORIZON,226,143.510476,349,28,76,114,1.0,3,13,0,52
risk_retain,2026101973,DRAW_HORIZON,1147,125.917143,346,37,58,99,1.0,4,13,0,36
risk_retain,2026101974,DRAW_HORIZON,1262,138.798095,356,32,64,94,1.0,3,14,0,34
risk_retain,2026101975,DRAW_HORIZON,10,119.769048,336,44,62,104,1.0,1,22,0,56
risk_retain,2026101976,DRAW_HORIZON,1868,128.448095,360,26,65,92,1.0,3,13,0,42
risk_retain,2026101977,DRAW_HORIZON,89,143.019524,338,41,81,125,4.0,1,18,0,65
risk_retain,2026101978,DRAW_HORIZON,479,157.265714,343,40,91,131,4.0,3,17,0,59
risk_retain,2026101979,DRAW_HORIZON,166,145.481905,342,33,80,122,4.0,3,16,0,68
risk_retain,2026101980,DRAW_HORIZON,32,134.678571,344,36,68,106,4.0,2,18,0,42
risk_retain,2026101981,DRAW_HORIZON,218,129.794762,336,46,65,108,1.0,2,21,0,51
risk_retain,2026101982,DRAW_HORIZON,49,130.414286,343,30,76,114,1.0,3,19,0,71
risk_retain,2026101983,DRAW_HORIZON,199,149.727143,346,35,91,127,2.0,2,18,0,68
risk_retain,2026101984,DRAW_HORIZON,426,133.497619,353,26,64,98,4.0,2,13,0,48
risk_retain,2026101985,DRAW_HORIZON,968,132.834286,348,31,63,100,1.0,3,15,0,54
risk_retain,2026101986,DRAW_HORIZON,237,136.579524,330,40,74,122,2.0,3,22,0,74
risk_retain,2026101987,DRAW_HORIZON,-173,139.370952,342,35,87,117,2.0,1,28,0,61
risk_retain,2026101988,DRAW_HORIZON,321,133.005238,344,31,70,109,2.0,1,17,0,60
risk_retain,2026101989,DRAW_HORIZON,907,143.910476,356,27,83,111,2.0,3,16,0,62
risk_retain,2026101990,DRAW_HORIZON,162,139.401905,342,37,80,121,4.0,3,17,0,57
risk_retain,2026101991,DRAW_HORIZON,149,141.607143,347,31,88,123,2.0,1,18,0,68
risk_retain,2026101992,DRAW_HORIZON,145,148.642857,347,29,87,127,2.0,2,13,0,67
risk_retain,2026101993,DRAW_HORIZON,249,141.803333,336,39,82,127,4.0,1,19,0,79
risk_retain,2026101994,DRAW_HORIZON,452,141.090476,359,28,100,121,1.0,2,20,0,65
risk_retain,2026101995,DRAW_HORIZON,220,133.670899,344,33,81,117,1.0,1,20,1,71
risk_retain,2026101996,DRAW_HORIZON,939,137.032381,356,31,73,99,2.0,1,18,0,54
risk_retain,2026101997,DRAW_HORIZON,227,131.637754,349,31,75,105,2.0,1,21,1,58
risk_retain,2026101998,DRAW_HORIZON,321,148.483333,340,34,89,136,2.0,3,13,0,65
risk_retain,2026101999,DRAW_HORIZON,93,139.171905,343,38,71,109,2.0,1,19,0,48
risk_retain,2026102000,DRAW_HORIZON,54,132.895714,330,33,64,113,1.0,2,21,0,68
risk_withhold,2026101001,DRAW_HORIZON,132,121.659524,346,30,61,100,1.0,2,15,0,65
risk_withhold,2026101002,DRAW_HORIZON,282,142.19381,346,40,96,128,2.0,2,22,0,87
risk_withhold,2026101003,DRAW_HORIZON,69,139.979048,346,34,84,125,2.0,3,13,0,75
risk_withhold,2026101004,DRAW_HORIZON,135,132.282857,348,32,76,116,1.0,2,12,0,75
risk_withhold,2026101005,DRAW_HORIZON,192,141.543333,338,39,72,122,2.0,3,12,0,67
risk_withhold,2026101006,DRAW_HORIZON,-98,128.998095,339,39,65,105,2.0,2,21,0,58
risk_withhold,2026101007,DRAW_HORIZON,-285,142.405714,344,35,95,132,1.0,1,19,0,97
risk_withhold,2026101008,DRAW_HORIZON,-113,121.39381,340,35,53,96,1.0,2,17,0,58
risk_withhold,2026101009,DRAW_HORIZON,-240,138.047619,339,33,79,125,2.0,3,15,0,94
risk_withhold,2026101010,DRAW_HORIZON,97,133.718095,336,36,77,119,2.0,2,22,0,88
risk_withhold,2026101011,DRAW_HORIZON,215,128.594762,324,46,61,114,2.0,2,23,0,78
risk_withhold,2026101012,DRAW_HORIZON,195,129.972381,338,33,69,114,2.0,2,17,0,82
risk_withhold,2026101013,DRAW_HORIZON,69,126.873333,348,35,70,105,2.0,2,17,0,59
risk_withhold,2026101014,DRAW_HORIZON,-303,132.731905,341,37,85,127,1.0,2,17,0,84
risk_withhold,2026101015,DRAW_HORIZON,-26,135.552381,346,36,79,117,2.0,2,16,0,81
risk_withhold,2026101016,DRAW_HORIZON,175,126.671429,331,44,71,117,1.0,2,23,0,74
risk_withhold,2026101017,DRAW_HORIZON,165,128.09381,349,29,61,97,1.0,2,15,0,59
risk_withhold,2026101018,DRAW_HORIZON,2,135.890476,350,36,71,103,2.0,2,18,0,64
risk_withhold,2026101019,DRAW_HORIZON,-10,135.855714,338,34,70,117,4.0,2,15,0,80
risk_withhold,2026101020,DRAW_HORIZON,-217,153.062381,342,37,86,128,4.0,2,16,0,82
risk_withhold,2026101021,DRAW_HORIZON,212,131.995714,342,34,71,113,1.0,2,16,0,72
risk_withhold,2026101022,DRAW_HORIZON,39,136.35381,339,35,78,123,2.0,2,16,0,84
risk_withhold,2026101023,DRAW_HORIZON,296,139.254286,344,34,82,117,2.0,2,21,0,84
risk_withhold,2026101024,DRAW_HORIZON,-66,132.685238,336,45,68,109,2.0,1,23,0,63
risk_withhold,2026101025,DRAW_HORIZON,-256,134.959048,346,38,72,103,2.0,2,23,0,50
risk_withhold,2026101026,DRAW_HORIZON,230,133.007619,334,42,85,131,1.0,1,20,0,86
risk_withhold,2026101027,DRAW_HORIZON,-98,137.306667,356,31,86,115,2.0,2,15,0,77
risk_withhold,2026101028,DRAW_HORIZON,171,152.020952,344,31,80,121,2.0,1,15,0,83
risk_withhold,2026101029,DRAW_HORIZON,171,147.763333,348,28,83,121,4.0,2,14,0,82
risk_withhold,2026101030,DRAW_HORIZON,-230,132.774762,337,34,75,122,2.0,3,16,0,83
risk_withhold,2026101031,DRAW_HORIZON,297,127.560476,348,33,67,99,2.0,1,20,0,68
risk_withhold,2026101032,DRAW_HORIZON,-13,141.167619,339,37,76,120,1.0,2,17,0,76
risk_withhold,2026101033,DRAW_HORIZON,-220,138.973333,339,37,84,126,2.0,1,19,0,82
risk_withhold,2026101034,DRAW_HORIZON,-45,144.901905,345,40,77,114,2.0,2,18,0,53
risk_withhold,2026101035,DRAW_HORIZON,249,139.254286,343,38,86,120,4.0,1,23,0,85
risk_withhold,2026101036,DRAW_HORIZON,35,138.550476,333,41,83,129,1.0,2,21,0,91
risk_withhold,2026101037,DRAW_HORIZON,74,141.615238,351,34,86,118,2.0,2,17,0,71
risk_withhold,2026101038,DRAW_HORIZON,62,136.296667,352,30,77,105,4.0,2,20,0,69
risk_withhold,2026101039,DRAW_HORIZON,20,124.587619,345,35,67,101,1.0,1,21,0,70
risk_withhold,2026101040,DRAW_HORIZON,-808,128.649048,344,32,68,107,1.0,3,17,0,70
risk_withhold,2026101041,DRAW_HORIZON,195,135.489524,334,42,67,114,1.0,2,19,0,72
risk_withhold,2026101042,DRAW_HORIZON,25,147.90619,337,35,98,140,2.0,1,21,0,103
risk_withhold,2026101043,DRAW_HORIZON,207,125.022857,351,35,68,95,1.0,1,22,0,61
risk_withhold,2026101044,DRAW_HORIZON,120,126.32,339,32,69,112,1.0,2,18,0,78
risk_withhold,2026101045,DRAW_HORIZON,167,129.579524,341,41,67,109,1.0,3,17,0,59
risk_withhold,2026101046,DRAW_HORIZON,-6,127.827143,341,39,73,109,1.0,1,23,0,71
risk_withhold,2026101047,DRAW_HORIZON,279,141.854762,342,36,79,121,2.0,1,16,0,78
risk_withhold,2026101048,DRAW_HORIZON,-240,141.809524,343,32,90,135,2.0,3,12,0,99
risk_withhold,2026101049,DRAW_HORIZON,-261,126.305238,335,39,69,114,1.0,1,20,0,76
risk_withhold,2026101050,DRAW_HORIZON,-75,139.201905,343,32,89,131,2.0,2,15,0,97
risk_withhold,2026101051,DRAW_HORIZON,55,143.707192,326,56,78,117,2.0,1,35,9,74
risk_withhold,2026101052,DRAW_HORIZON,200,138.130952,333,41,79,129,2.0,2,17,0,85
risk_withhold,2026101053,DRAW_HORIZON,-54,137.96,336,34,69,119,1.0,1,14,0,81
risk_withhold,2026101054,DRAW_HORIZON,47,127.620952,347,28,71,107,2.0,1,17,0,75
risk_withhold,2026101055,DRAW_HORIZON,212,147.207143,348,36,85,112,8.0,1,25,0,77
risk_withhold,2026101056,DRAW_HORIZON,224,140.577619,342,39,75,119,2.0,3,14,0,68
risk_withhold,2026101057,DRAW_HORIZON,212,128.523782,327,46,68,113,1.0,1,28,2,71
risk_withhold,2026101058,DRAW_HORIZON,27,139.364645,341,38,73,110,1.0,2,22,3,72
risk_withhold,2026101059,DRAW_HORIZON,35,131.130476,347,39,74,98,4.0,1,29,0,73
risk_withhold,2026101060,DRAW_HORIZON,-155,131.392857,340,39,75,111,1.0,1,24,0,77
risk_withhold,2026101061,DRAW_HORIZON,74,133.735238,350,27,78,113,1.0,1,15,0,79
risk_withhold,2026101062,DRAW_HORIZON,211,131.582381,349,32,72,106,1.0,1,17,0,53
risk_withhold,2026101063,DRAW_HORIZON,27,133.731429,349,30,62,96,2.0,1,17,0,62
risk_withhold,2026101064,DRAW_HORIZON,76,151.251446,330,46,85,136,2.0,2,19,4,88
risk_withhold,2026101065,DRAW_HORIZON,19,131.64619,348,34,71,103,1.0,1,20,0,61
risk_withhold,2026101066,DRAW_HORIZON,132,133.627523,327,47,67,113,2.0,1,27,8,80
risk_withhold,2026101067,DRAW_HORIZON,-345,152.89381,344,33,97,138,4.0,2,15,0,100
risk_withhold,2026101068,DRAW_HORIZON,200,128.332857,337,36,71,116,1.0,3,18,0,82
risk_withhold,2026101069,DRAW_HORIZON,327,129.757619,350,32,57,93,1.0,1,14,0,46
risk_withhold,2026101070,DRAW_HORIZON,120,127.331905,341,41,69,100,1.0,1,28,0,62
risk_withhold,2026101071,DRAW_HORIZON,270,132.546667,331,44,72,117,2.0,3,24,0,68
risk_withhold,2026101072,DRAW_HORIZON,40,136.561429,329,43,74,124,2.0,1,21,0,89
risk_withhold,2026101073,DRAW_HORIZON,-20,134.154762,335,38,84,133,2.0,1,16,0,87
risk_withhold,2026101074,DRAW_HORIZON,0,143.219048,353,31,94,123,2.0,2,18,0,83
risk_withhold,2026101075,DRAW_HORIZON,-120,143.868095,352,30,82,118,2.0,3,12,0,71
risk_withhold,2026101076,DRAW_HORIZON,188,139.715238,346,38,76,110,2.0,1,20,0,63
risk_withhold,2026101077,DRAW_HORIZON,67,129.569048,346,31,69,106,1.0,1,17,0,67
risk_withhold,2026101078,DRAW_HORIZON,64,137.185238,343,38,75,112,2.0,2,20,0,65
risk_withhold,2026101079,DRAW_HORIZON,50,135.389524,347,28,78,116,2.0,2,15,0,79
risk_withhold,2026101080,DRAW_HORIZON,208,130.661429,334,42,59,102,1.0,1,23,0,68
risk_withhold,2026101081,DRAW_HORIZON,147,124.694286,347,33,73,107,1.0,2,19,0,72
risk_withhold,2026101082,DRAW_HORIZON,272,136.90619,355,26,81,110,2.0,2,16,0,77
risk_withhold,2026101083,DRAW_HORIZON,14,128.080476,345,34,74,106,1.0,2,23,0,82
risk_withhold,2026101084,DRAW_HORIZON,-210,128.629524,343,36,72,106,2.0,2,23,0,66
risk_withhold,2026101085,DRAW_HORIZON,-46,136.871905,343,38,68,104,2.0,2,21,0,61
risk_withhold,2026101086,DRAW_HORIZON,-125,137.452857,327,48,73,123,2.0,1,23,0,73
risk_withhold,2026101087,DRAW_HORIZON,185,138.154762,341,34,66,105,1.0,2,20,0,70
risk_withhold,2026101088,DRAW_HORIZON,155,133.689524,338,40,75,124,2.0,2,13,0,76
risk_withhold,2026101089,DRAW_HORIZON,252,137.139524,335,44,66,108,1.0,2,23,0,63
risk_withhold,2026101090,DRAW_HORIZON,154,143.094286,343,38,82,120,2.0,1,19,0,71
risk_withhold,2026101091,DRAW_HORIZON,-4,139.297143,348,35,76,104,2.0,1,24,0,64
risk_withhold,2026101092,DRAW_HORIZON,135,122.122381,342,31,62,105,2.0,2,15,0,67
risk_withhold,2026101093,DRAW_HORIZON,251,147.426667,349,40,83,114,4.0,2,20,0,73
risk_withhold,2026101094,DRAW_HORIZON,144,138.27381,334,44,79,123,2.0,1,22,0,79
risk_withhold,2026101095,DRAW_HORIZON,52,130.817619,344,32,72,110,2.0,1,18,0,70
risk_withhold,2026101096,DRAW_HORIZON,294,127.985714,340,35,57,104,1.0,3,13,0,58
risk_withhold,2026101097,DRAW_HORIZON,-150,137.419524,344,35,83,124,2.0,2,15,0,84
risk_withhold,2026101098,DRAW_HORIZON,210,128.609524,351,27,84,118,1.0,2,15,0,72
risk_withhold,2026101099,DRAW_HORIZON,14,147.051429,331,40,86,133,2.0,1,22,0,94
risk_withhold,2026101100,DRAW_HORIZON,-18,133.362857,345,32,66,105,1.0,2,16,0,65
risk_withhold,2026101101,DRAW_HORIZON,210,154.173333,344,34,108,150,4.0,2,14,0,98
risk_withhold,2026101102,DRAW_HORIZON,124,130.110476,347,31,71,108,1.0,2,16,0,71
risk_withhold,2026101103,DRAW_HORIZON,267,136.46619,336,41,76,126,1.0,3,14,0,81
risk_withhold,2026101104,DRAW_HORIZON,197,137.96381,345,35,80,117,2.0,2,18,0,66
risk_withhold,2026101105,DRAW_HORIZON,297,134.369048,359,24,78,106,1.0,3,13,0,68
risk_withhold,2026101106,DRAW_HORIZON,32,137.867619,344,38,77,113,2.0,2,20,0,67
risk_withhold,2026101107,DRAW_HORIZON,109,138.97619,339,42,77,118,1.0,2,20,0,66
risk_withhold,2026101108,DRAW_HORIZON,85,132.399524,325,42,78,132,1.0,2,21,0,88
risk_withhold,2026101109,DRAW_HORIZON,100,137.70381,331,50,76,126,1.0,3,19,0,74
risk_withhold,2026101110,DRAW_HORIZON,258,126.63,349,32,61,93,1.0,1,19,0,54
risk_withhold,2026101111,DRAW_HORIZON,125,130.779048,340,35,82,125,1.0,2,17,0,92
risk_withhold,2026101112,DRAW_HORIZON,90,133.653333,341,41,75,114,1.0,1,20,0,67
risk_withhold,2026101113,DRAW_HORIZON,20,131.73619,338,37,77,123,1.0,3,16,0,87
risk_withhold,2026101114,DRAW_HORIZON,17,130.889524,321,48,69,127,2.0,3,21,0,90
risk_withhold,2026101115,DRAW_HORIZON,-305,139.947619,342,37,81,122,4.0,3,17,0,79
risk_withhold,2026101116,DRAW_HORIZON,321,142.564762,356,32,81,110,2.0,2,15,0,64
risk_withhold,2026101117,DRAW_HORIZON,36,137.877143,348,29,79,116,2.0,1,15,0,81
risk_withhold,2026101118,DRAW_HORIZON,-50,130.792857,337,30,70,114,2.0,2,19,0,93
risk_withhold,2026101119,DRAW_HORIZON,69,133.152381,344,30,68,106,2.0,1,18,0,77
risk_withhold,2026101120,DRAW_HORIZON,-438,133.958571,341,36,72,114,2.0,2,17,0,70
risk_withhold,2026101121,DRAW_HORIZON,135,128.814762,336,38,81,124,2.0,1,21,0,86
risk_withhold,2026101122,DRAW_HORIZON,-148,116.469048,333,39,55,104,1.0,3,18,0,71
risk_withhold,2026101123,DRAW_HORIZON,-148,128.334762,359,28,66,94,2.0,3,13,0,50
risk_withhold,2026101124,DRAW_HORIZON,-223,131.300952,341,36,70,105,2.0,1,24,0,71
risk_withhold,2026101125,DRAW_HORIZON,92,121.787143,331,42,57,104,1.0,1,22,0,67
risk_withhold,2026101126,DRAW_HORIZON,318,140.692381,356,32,79,107,1.0,2,16,0,71
risk_withhold,2026101127,DRAW_HORIZON,240,129.76619,330,50,83,134,1.0,2,19,0,72
risk_withhold,2026101128,DRAW_HORIZON,265,137.522857,336,41,85,131,2.0,1,18,0,88
risk_withhold,2026101129,BLOCKED_Q6_EXHAUSTED_QUEST,45,134.451429,317,34,79,122,1.0,2,19,0,84
risk_withhold,2026101130,DRAW_HORIZON,-143,139.301905,335,37,69,114,2.0,2,20,0,80
risk_withhold,2026101131,DRAW_HORIZON,-340,144.635714,335,31,88,133,2.0,2,20,0,107
risk_withhold,2026101132,DRAW_HORIZON,168,146.93,358,26,79,111,1.0,3,10,0,70
risk_withhold,2026101133,DRAW_HORIZON,287,134.840952,339,37,71,117,1.0,3,15,0,80
risk_withhold,2026101134,DRAW_HORIZON,-45,131.608095,328,43,74,122,2.0,1,24,0,86
risk_withhold,2026101135,DRAW_HORIZON,105,131.164286,338,42,70,107,1.0,1,25,0,66
risk_withhold,2026101136,DRAW_HORIZON,52,134.75619,347,34,69,110,1.0,2,12,0,61
risk_withhold,2026101137,DRAW_HORIZON,224,132.749524,348,29,80,112,2.0,1,20,0,78
risk_withhold,2026101138,DRAW_HORIZON,-357,136.443333,351,28,78,114,1.0,3,13,0,75
risk_withhold,2026101139,DRAW_HORIZON,95,128.798095,338,37,61,104,2.0,3,19,0,70
risk_withhold,2026101140,DRAW_HORIZON,60,138.93381,352,31,83,116,2.0,2,15,0,81
risk_withhold,2026101141,DRAW_HORIZON,-358,129.699524,349,36,70,100,1.0,1,21,0,59
risk_withhold,2026101142,DRAW_HORIZON,40,136.208095,344,36,74,112,2.0,1,18,0,65
risk_withhold,2026101143,DRAW_HORIZON,62,135.537143,340,37,72,115,4.0,2,17,0,72
risk_withhold,2026101144,DRAW_HORIZON,-43,134.81,347,31,78,116,1.0,3,15,0,80
risk_withhold,2026101145,DRAW_HORIZON,155,136.362381,346,35,77,111,2.0,2,20,0,63
risk_withhold,2026101146,DRAW_HORIZON,40,140.114762,345,34,78,114,2.0,2,19,0,75
risk_withhold,2026101147,DRAW_HORIZON,29,121.511429,354,28,52,83,1.0,3,15,0,48
risk_withhold,2026101148,DRAW_HORIZON,177,142.724286,339,39,91,131,2.0,2,21,0,94
risk_withhold,2026101149,DRAW_HORIZON,205,140.997619,333,35,87,133,1.0,1,21,0,99
risk_withhold,2026101150,DRAW_HORIZON,-325,145.984286,350,31,102,133,2.0,2,19,0,99
risk_withhold,2026101151,DRAW_HORIZON,-495,127.787143,316,57,59,115,2.0,3,28,0,65
risk_withhold,2026101152,DRAW_HORIZON,-8,145.414762,338,43,80,124,2.0,1,18,0,77
risk_withhold,2026101153,DRAW_HORIZON,61,133.931429,350,28,71,104,2.0,1,17,0,68
risk_withhold,2026101154,DRAW_HORIZON,52,146.143333,336,39,78,128,2.0,3,14,0,74
risk_withhold,2026101155,DRAW_HORIZON,-53,138.664286,350,28,78,114,2.0,2,14,0,76
risk_withhold,2026101156,DRAW_HORIZON,262,129.91381,345,33,72,104,2.0,1,23,0,72
risk_withhold,2026101157,DRAW_HORIZON,59,131.114286,335,38,71,118,1.0,2,18,0,80
risk_withhold,2026101158,DRAW_HORIZON,95,141.325238,333,39,87,130,2.0,1,24,0,102
risk_withhold,2026101159,DRAW_HORIZON,6,130.154762,344,36,72,109,1.0,1,19,0,64
risk_withhold,2026101160,DRAW_HORIZON,90,127.2,344,33,74,116,1.0,3,14,0,73
risk_withhold,2026101161,DRAW_HORIZON,-160,136.642381,339,35,82,127,1.0,2,16,0,86
risk_withhold,2026101162,DRAW_HORIZON,34,137.300476,344,39,74,112,2.0,1,18,0,70
risk_withhold,2026101163,DRAW_HORIZON,150,133.292857,346,33,74,110,1.0,2,18,0,66
risk_withhold,2026101164,DRAW_HORIZON,-11,124.440952,346,31,72,106,1.0,2,20,0,69
risk_withhold,2026101165,DRAW_HORIZON,150,138.238095,328,42,70,122,4.0,1,20,0,84
risk_withhold,2026101166,DRAW_HORIZON,-110,125.927143,342,37,74,107,1.0,2,25,0,69
risk_withhold,2026101167,DRAW_HORIZON,160,134.414762,336,45,85,129,1.0,1,20,0,86
risk_withhold,2026101168,DRAW_HORIZON,92,138.564762,350,32,80,114,1.0,2,16,0,72
risk_withhold,2026101169,DRAW_HORIZON,282,133.587619,349,29,69,105,2.0,2,15,0,64
risk_withhold,2026101170,DRAW_HORIZON,24,136.040952,340,39,72,112,2.0,1,20,0,68
risk_withhold,2026101171,DRAW_HORIZON,-485,127.355714,344,38,64,103,1.0,4,17,0,61
risk_withhold,2026101172,DRAW_HORIZON,61,140.752381,329,50,84,132,2.0,2,23,0,78
risk_withhold,2026101173,DRAW_HORIZON,93,155.955238,335,40,87,137,4.0,3,15,0,87
risk_withhold,2026101174,DRAW_HORIZON,92,130.034286,338,32,75,122,1.0,2,15,0,87
risk_withhold,2026101175,DRAW_HORIZON,70,134.796667,340,32,83,127,1.0,2,16,0,88
risk_withhold,2026101176,DRAW_HORIZON,-144,142.05619,335,43,81,126,2.0,3,20,0,77
risk_withhold,2026101177,DRAW_HORIZON,66,128.323333,339,40,72,108,1.0,1,25,0,66
risk_withhold,2026101178,DRAW_HORIZON,64,129.717619,345,35,71,108,2.0,3,18,0,66
risk_withhold,2026101179,DRAW_HORIZON,-271,138.200476,336,44,82,117,2.0,2,29,0,78
risk_withhold,2026101180,DRAW_HORIZON,-210,129.811905,349,33,73,103,2.0,2,21,0,65
risk_withhold,2026101181,DRAW_HORIZON,170,129.935714,345,36,73,107,2.0,2,21,0,69
risk_withhold,2026101182,DRAW_HORIZON,45,128.894762,342,33,64,102,2.0,2,20,0,61
risk_withhold,2026101183,DRAW_HORIZON,184,135.786667,350,34,79,110,2.0,2,19,0,65
risk_withhold,2026101184,DRAW_HORIZON,212,141.964762,349,38,83,117,1.0,2,17,0,60
risk_withhold,2026101185,DRAW_HORIZON,234,136.426667,332,40,67,120,1.0,3,15,0,80
risk_withhold,2026101186,DRAW_HORIZON,261,134.284286,351,34,77,107,2.0,1,19,0,70
risk_withhold,2026101187,DRAW_HORIZON,132,135.454762,342,36,69,108,2.0,1,19,0,71
risk_withhold,2026101188,DRAW_HORIZON,195,144.200476,348,30,93,127,8.0,2,18,0,97
risk_withhold,2026101189,DRAW_HORIZON,110,135.601429,345,39,85,124,2.0,2,16,0,72
risk_withhold,2026101190,DRAW_HORIZON,275,117.247143,337,34,62,103,1.0,1,22,0,79
risk_withhold,2026101191,DRAW_HORIZON,160,127.573333,341,32,72,110,2.0,1,21,0,83
risk_withhold,2026101192,DRAW_HORIZON,105,132.309048,346,27,76,116,2.0,2,14,0,83
risk_withhold,2026101193,DRAW_HORIZON,-108,150.327143,340,35,96,139,2.0,2,17,0,106
risk_withhold,2026101194,DRAW_HORIZON,112,140.245714,340,38,75,121,1.0,3,14,0,75
risk_withhold,2026101195,DRAW_HORIZON,59,127.927143,346,32,65,104,1.0,1,15,0,65
risk_withhold,2026101196,DRAW_HORIZON,257,129.729524,341,40,70,105,2.0,1,24,0,58
risk_withhold,2026101197,DRAW_HORIZON,0,131.937619,344,33,71,117,2.0,3,10,0,70
risk_withhold,2026101198,DRAW_HORIZON,290,128.799048,332,42,70,117,2.0,2,21,0,82
risk_withhold,2026101199,DRAW_HORIZON,107,132.571429,337,36,70,119,1.0,2,14,0,75
risk_withhold,2026101200,DRAW_HORIZON,45,134.09619,342,41,78,111,2.0,2,25,0,69
risk_withhold,2026101201,DRAW_HORIZON,45,136.376667,339,37,81,122,2.0,1,20,0,84
risk_withhold,2026101202,DRAW_HORIZON,192,135.57619,360,29,80,107,2.0,3,13,0,56
risk_withhold,2026101203,DRAW_HORIZON,-91,133.372381,323,50,66,124,1.0,3,19,0,68
risk_withhold,2026101204,DRAW_HORIZON,132,138.079524,337,44,77,115,2.0,2,25,0,64
risk_withhold,2026101205,DRAW_HORIZON,-71,132.574762,348,31,76,113,1.0,3,15,0,68
risk_withhold,2026101206,DRAW_HORIZON,-388,137.230476,349,32,88,123,2.0,1,16,0,78
risk_withhold,2026101207,DRAW_HORIZON,175,149.618095,336,38,93,134,4.0,1,23,0,99
risk_withhold,2026101208,DRAW_HORIZON,114,141.632857,347,29,71,112,2.0,3,12,0,67
risk_withhold,2026101209,DRAW_HORIZON,4,137.64,341,34,69,112,1.0,2,16,0,75
risk_withhold,2026101210,DRAW_HORIZON,255,132.190476,346,34,76,110,2.0,2,20,0,67
risk_withhold,2026101211,DRAW_HORIZON,78,135.548571,334,36,66,109,2.0,2,23,0,83
risk_withhold,2026101212,DRAW_HORIZON,197,136.009524,349,29,77,114,1.0,3,14,0,75
risk_withhold,2026101213,DRAW_HORIZON,-161,121.869524,352,30,57,89,1.0,2,16,0,49
risk_withhold,2026101214,DRAW_HORIZON,-6,137.847143,345,38,71,107,1.0,1,19,0,52
risk_withhold,2026101215,DRAW_HORIZON,12,129.61619,344,31,72,110,1.0,2,18,0,67
risk_withhold,2026101216,DRAW_HORIZON,244,146.597619,343,37,91,133,2.0,4,15,0,85
risk_withhold,2026101217,DRAW_HORIZON,130,135.526667,348,28,75,112,2.0,1,15,0,78
risk_withhold,2026101218,DRAW_HORIZON,137,139.001429,342,34,85,124,1.0,1,19,0,85
risk_withhold,2026101219,DRAW_HORIZON,136,137.941905,348,31,78,113,1.0,1,17,0,75
risk_withhold,2026101220,DRAW_HORIZON,272,138.212857,334,36,80,126,2.0,1,20,0,92
risk_withhold,2026101221,DRAW_HORIZON,257,138.075714,342,35,76,116,2.0,2,18,0,80
risk_withhold,2026101222,DRAW_HORIZON,265,128.951429,340,39,76,118,1.0,3,18,0,75
risk_withhold,2026101223,DRAW_HORIZON,212,141.488571,331,48,83,130,2.0,1,22,0,83
risk_withhold,2026101224,DRAW_HORIZON,2,131.771905,346,29,73,113,1.0,1,14,0,72
risk_withhold,2026101225,DRAW_HORIZON,-110,135.25,339,33,74,119,2.0,2,16,0,81
risk_withhold,2026101226,DRAW_HORIZON,47,125.511752,349,34,57,85,1.0,1,23,2,52
risk_withhold,2026101227,DRAW_HORIZON,280,119.26619,335,46,58,104,1.0,1,19,0,57
risk_withhold,2026101228,DRAW_HORIZON,225,133.635238,345,26,77,115,2.0,1,17,0,91
risk_withhold,2026101229,DRAW_HORIZON,12,132.411905,337,38,79,119,1.0,2,23,0,87
risk_withhold,2026101230,DRAW_HORIZON,24,132.273333,346,30,76,113,1.0,2,17,0,76
risk_withhold,2026101231,DRAW_HORIZON,-20,128.755238,331,46,76,115,1.0,1,30,0,82
risk_withhold,2026101232,DRAW_HORIZON,226,126.841905,354,29,60,92,0.5,2,14,0,50
risk_withhold,2026101233,DRAW_HORIZON,-526,140.755238,347,34,75,112,4.0,2,16,0,70
risk_withhold,2026101234,DRAW_HORIZON,260,141.439048,339,41,84,125,4.0,1,20,0,81
risk_withhold,2026101235,DRAW_HORIZON,53,135.10381,339,41,71,110,1.0,1,22,0,64
risk_withhold,2026101236,DRAW_HORIZON,259,150.822381,340,41,91,133,2.0,3,18,0,88
risk_withhold,2026101237,DRAW_HORIZON,-3,137.397143,366,22,83,102,1.0,3,15,0,64
risk_withhold,2026101238,DRAW_HORIZON,190,133.900952,332,44,81,127,2.0,1,22,0,88
risk_withhold,2026101239,DRAW_HORIZON,2,120.939524,347,35,63,99,2.0,2,17,0,63
risk_withhold,2026101240,DRAW_HORIZON,12,139.829524,333,43,86,136,1.0,1,17,0,97
risk_withhold,2026101241,DRAW_HORIZON,185,135.154286,331,39,82,128,1.0,1,23,0,94
risk_withhold,2026101242,DRAW_HORIZON,47,118.876667,330,44,59,104,1.0,2,25,0,63
risk_withhold,2026101243,DRAW_HORIZON,197,131.663333,332,45,68,108,1.0,2,28,0,69
risk_withhold,2026101244,DRAW_HORIZON,127,135.928571,353,28,83,118,2.0,3,12,0,80
risk_withhold,2026101245,DRAW_HORIZON,-88,139.345714,342,37,90,126,2.0,2,22,0,88
risk_withhold,2026101246,DRAW_HORIZON,-88,157.56619,328,46,85,140,8.0,3,17,0,96
risk_withhold,2026101247,DRAW_HORIZON,145,139.301905,332,37,71,118,4.0,1,21,0,88
risk_withhold,2026101248,DRAW_HORIZON,-223,142.54,335,41,82,124,2.0,1,23,0,80
risk_withhold,2026101249,DRAW_HORIZON,105,123.587619,344,32,68,106,1.0,2,18,0,72
risk_withhold,2026101250,DRAW_HORIZON,-54,123.388571,351,28,55,88,1.0,2,16,0,49
risk_withhold,2026101251,DRAW_HORIZON,222,138.850476,342,45,91,132,2.0,3,17,0,78
risk_withhold,2026101252,DRAW_HORIZON,207,136.505714,340,39,79,119,2.0,1,20,0,72
risk_withhold,2026101253,DRAW_HORIZON,-602,143.102381,349,35,84,115,2.0,1,20,0,67
risk_withhold,2026101254,DRAW_HORIZON,110,141.635714,341,32,78,119,4.0,2,18,0,87
risk_withhold,2026101255,DRAW_HORIZON,252,135.058571,340,36,70,113,2.0,2,17,0,70
risk_withhold,2026101256,DRAW_HORIZON,66,133.43,352,34,70,104,1.0,2,14,0,55
risk_withhold,2026101257,DRAW_HORIZON,132,127.440952,356,32,66,95,1.0,2,15,0,53
risk_withhold,2026101258,DRAW_HORIZON,14,135.820476,352,36,73,100,1.0,1,21,0,56
risk_withhold,2026101259,DRAW_HORIZON,290,130.436667,336,42,67,111,2.0,1,20,0,63
risk_withhold,2026101260,DRAW_HORIZON,54,124.646667,347,38,62,99,1.0,3,16,0,47
risk_withhold,2026101261,DRAW_HORIZON,-445,147.471905,347,33,86,120,4.0,1,19,0,75
risk_withhold,2026101262,DRAW_HORIZON,12,142.219524,339,47,79,125,4.0,3,15,0,67
risk_withhold,2026101263,DRAW_HORIZON,225,127.68381,357,29,79,105,2.0,1,17,0,66
risk_withhold,2026101264,DRAW_HORIZON,220,149.794762,336,40,87,131,2.0,2,20,0,86
risk_withhold,2026101265,DRAW_HORIZON,47,131.34381,325,46,63,113,4.0,1,25,0,75
risk_withhold,2026101266,DRAW_HORIZON,245,115.523333,349,38,59,95,1.0,3,15,0,41
risk_withhold,2026101267,DRAW_HORIZON,192,137.475714,348,32,86,122,1.0,2,16,0,75
risk_withhold,2026101268,DRAW_HORIZON,176,138.25,333,44,69,110,1.0,2,26,0,66
risk_withhold,2026101269,DRAW_HORIZON,-55,125.778095,347,30,63,103,2.0,3,13,0,68
risk_withhold,2026101270,DRAW_HORIZON,155,135.471905,348,29,72,112,1.0,2,12,0,70
risk_withhold,2026101271,DRAW_HORIZON,-118,137.300952,332,40,66,119,1.0,3,15,0,75
risk_withhold,2026101272,DRAW_HORIZON,162,136.411905,349,29,75,109,2.0,1,17,0,77
risk_withhold,2026101273,DRAW_HORIZON,5,144.491429,336,31,78,128,2.0,2,14,0,96
risk_withhold,2026101274,DRAW_HORIZON,-16,134.26619,355,30,72,105,1.0,2,12,0,60
risk_withhold,2026101275,DRAW_HORIZON,109,122.130476,344,34,54,93,2.0,2,17,0,56
risk_withhold,2026101276,DRAW_HORIZON,284,144.652857,343,36,88,130,2.0,2,15,0,82
risk_withhold,2026101277,DRAW_HORIZON,-36,135.462857,346,32,70,113,1.0,3,11,0,68
risk_withhold,2026101278,DRAW_HORIZON,240,139.825714,328,37,77,132,2.0,3,17,0,86
risk_withhold,2026101279,DRAW_HORIZON,40,135.898095,329,42,84,136,1.0,2,19,0,94
risk_withhold,2026101280,DRAW_HORIZON,11,153.781905,343,38,94,134,2.0,2,17,0,86
risk_withhold,2026101281,DRAW_HORIZON,22,139.204762,329,49,74,117,4.0,1,28,0,73
risk_withhold,2026101282,DRAW_HORIZON,213,146.220476,341,36,73,116,2.0,2,16,0,69
risk_withhold,2026101283,DRAW_HORIZON,181,130.489048,348,36,67,98,2.0,1,21,0,57
risk_withhold,2026101284,DRAW_HORIZON,-103,128.274286,341,39,73,114,1.0,1,18,0,74
risk_withhold,2026101285,DRAW_HORIZON,161,132.309048,346,38,76,108,1.0,2,22,0,71
risk_withhold,2026101286,DRAW_HORIZON,49,126.415238,338,40,61,102,4.0,1,21,0,57
risk_withhold,2026101287,DRAW_HORIZON,54,138.68381,340,37,75,117,2.0,2,18,0,74
risk_withhold,2026101288,DRAW_HORIZON,-420,140.173333,340,31,77,119,4.0,2,18,0,91
risk_withhold,2026101289,DRAW_HORIZON,67,172.004286,343,33,105,149,8.0,4,13,0,113
risk_withhold,2026101290,DRAW_HORIZON,25,137.318571,346,30,86,128,2.0,2,12,0,92
risk_withhold,2026101291,DRAW_HORIZON,285,125.100476,336,41,64,104,1.0,1,24,0,66
risk_withhold,2026101292,DRAW_HORIZON,-25,135.883333,337,37,82,126,1.0,2,19,0,85
risk_withhold,2026101293,DRAW_HORIZON,10,134.980952,346,33,73,112,2.0,2,15,0,72
risk_withhold,2026101294,DRAW_HORIZON,-290,129.059666,316,57,74,131,2.0,1,27,1,87
risk_withhold,2026101295,DRAW_HORIZON,51,131.764286,352,32,67,103,2.0,2,12,0,59
risk_withhold,2026101296,DRAW_HORIZON,161,131.80619,353,30,80,111,1.0,1,16,0,71
risk_withhold,2026101297,DRAW_HORIZON,-25,132.8,331,44,72,121,2.0,1,20,0,68
risk_withhold,2026101298,DRAW_HORIZON,50,135.026368,328,49,75,120,2.0,1,27,2,80
risk_withhold,2026101299,DRAW_HORIZON,1,129.079048,343,37,63,102,1.0,1,18,0,58
risk_withhold,2026101300,DRAW_HORIZON,-176,131.485238,331,49,74,122,1.0,3,21,0,74
risk_withhold,2026101301,DRAW_HORIZON,310,124.042857,337,44,61,100,1.0,1,24,0,56
risk_withhold,2026101302,DRAW_HORIZON,110,124.72,342,34,72,111,1.0,2,19,0,64
risk_withhold,2026101303,DRAW_HORIZON,193,124.751669,335,40,56,95,1.0,2,26,3,60
risk_withhold,2026101304,DRAW_HORIZON,165,132.10381,327,48,75,117,4.0,1,31,0,78
risk_withhold,2026101305,DRAW_HORIZON,-130,134.287143,349,34,88,124,1.0,3,15,0,79
risk_withhold,2026101306,DRAW_HORIZON,136,136.06381,341,37,70,110,4.0,2,19,0,64
risk_withhold,2026101307,DRAW_HORIZON,100,144.547619,328,42,74,125,2.0,2,21,0,93
risk_withhold,2026101308,DRAW_HORIZON,120,125.344072,354,32,60,84,2.0,1,22,2,51
risk_withhold,2026101309,DRAW_HORIZON,172,125.793333,354,33,72,100,1.0,1,18,0,43
risk_withhold,2026101310,DRAW_HORIZON,60,142.797143,330,42,85,137,2.0,2,18,0,97
risk_withhold,2026101311,DRAW_HORIZON,45,138.744762,347,31,80,113,2.0,2,20,0,76
risk_withhold,2026101312,DRAW_HORIZON,164,126.324286,347,32,74,113,2.0,1,14,0,67
risk_withhold,2026101313,DRAW_HORIZON,130,134.760476,335,39,74,121,2.0,3,18,0,81
risk_withhold,2026101314,DRAW_HORIZON,-270,134.60619,340,40,77,116,2.0,2,21,0,70
risk_withhold,2026101315,DRAW_HORIZON,210,140.071429,329,44,72,122,4.0,2,21,0,81
risk_withhold,2026101316,DRAW_HORIZON,-125,136.15,329,40,69,121,4.0,2,19,0,86
risk_withhold,2026101317,DRAW_HORIZON,97,135.34,338,41,66,111,1.0,2,17,0,64
risk_withhold,2026101318,DRAW_HORIZON,267,131.646667,347,43,73,107,2.0,2,19,0,45
risk_withhold,2026101319,DRAW_HORIZON,140,127.879524,345,30,64,100,1.0,2,19,0,68
risk_withhold,2026101320,DRAW_HORIZON,-109,144.799048,345,36,92,134,2.0,3,13,0,81
risk_withhold,2026101321,DRAW_HORIZON,20,126.095238,339,38,72,116,1.0,2,17,0,76
risk_withhold,2026101322,DRAW_HORIZON,234,132.624012,332,44,62,107,1.0,3,23,2,59
risk_withhold,2026101323,DRAW_HORIZON,240,136.176667,335,44,71,112,2.0,3,24,0,62
risk_withhold,2026101324,DRAW_HORIZON,112,141.72,334,41,82,127,2.0,1,21,0,81
risk_withhold,2026101325,DRAW_HORIZON,6,151.058095,346,42,89,127,8.0,4,16,0,66
risk_withhold,2026101326,DRAW_HORIZON,175,123.946667,341,27,70,110,1.0,1,19,0,88
risk_withhold,2026101327,DRAW_HORIZON,104,140.51381,335,36,71,115,4.0,2,21,0,80
risk_withhold,2026101328,DRAW_HORIZON,212,148.667619,339,39,97,139,4.0,2,19,0,94
risk_withhold,2026101329,DRAW_HORIZON,45,135.731429,338,40,81,129,2.0,3,14,0,80
risk_withhold,2026101330,DRAW_HORIZON,160,135.016667,348,32,86,119,1.0,1,19,0,81
risk_withhold,2026101331,DRAW_HORIZON,53,124.660476,337,39,59,100,2.0,2,22,0,67
risk_withhold,2026101332,DRAW_HORIZON,110,137.555714,336,42,77,113,2.0,1,28,0,74
risk_withhold,2026101333,DRAW_HORIZON,52,113.094762,345,39,57,88,1.0,2,24,0,46
risk_withhold,2026101334,DRAW_HORIZON,202,135.440952,343,37,67,107,2.0,2,17,0,50
risk_withhold,2026101335,DRAW_HORIZON,214,134.18381,337,42,61,102,2.0,2,22,0,64
risk_withhold,2026101336,DRAW_HORIZON,101,135.49381,344,37,82,116,1.0,1,22,0,79
risk_withhold,2026101337,DRAW_HORIZON,-105,134.171429,343,33,76,121,1.0,3,12,0,84
risk_withhold,2026101338,DRAW_HORIZON,123,143.564286,341,35,81,118,2.0,2,22,0,82
risk_withhold,2026101339,DRAW_HORIZON,140,135.523333,336,35,74,113,2.0,1,25,0,81
risk_withhold,2026101340,DRAW_HORIZON,20,144.801905,327,53,89,144,4.0,4,18,0,84
risk_withhold,2026101341,DRAW_HORIZON,20,141.941429,341,40,75,120,4.0,5,14,0,68
risk_withhold,2026101342,DRAW_HORIZON,230,134.402381,355,32,78,104,2.0,1,19,0,58
risk_withhold,2026101343,DRAW_HORIZON,40,138.345238,350,28,84,121,2.0,3,13,0,84
risk_withhold,2026101344,DRAW_HORIZON,230,134.030952,333,45,70,116,1.0,1,21,0,67
risk_withhold,2026101345,DRAW_HORIZON,37,142.347143,338,36,83,131,1.0,2,14,0,91
risk_withhold,2026101346,DRAW_HORIZON,78,134.242381,338,40,70,110,1.0,2,22,0,55
risk_withhold,2026101347,DRAW_HORIZON,5,168.911905,334,41,93,141,16.0,3,18,0,101
risk_withhold,2026101348,DRAW_HORIZON,317,126.430952,341,33,57,101,1.0,2,15,0,70
risk_withhold,2026101349,DRAW_HORIZON,-44,133.830952,347,39,68,99,2.0,2,22,0,61
risk_withhold,2026101350,DRAW_HORIZON,-81,125.490952,328,45,56,104,2.0,2,24,0,62
risk_withhold,2026101351,DRAW_HORIZON,102,141.190476,343,37,79,113,2.0,2,23,0,70
risk_withhold,2026101352,DRAW_HORIZON,167,133.649048,343,35,75,114,2.0,3,18,0,72
risk_withhold,2026101353,DRAW_HORIZON,262,144.987619,337,39,90,132,2.0,1,21,0,91
risk_withhold,2026101354,DRAW_HORIZON,-13,127.165714,340,42,64,103,1.0,1,21,0,56
risk_withhold,2026101355,DRAW_HORIZON,142,125.33,343,34,70,106,2.0,2,21,0,62
risk_withhold,2026101356,DRAW_HORIZON,-310,134.89,349,25,68,104,2.0,3,15,0,75
risk_withhold,2026101357,DRAW_HORIZON,250,142.282857,333,45,86,135,4.0,3,18,0,90
risk_withhold,2026101358,DRAW_HORIZON,175,126.384762,339,36,62,107,1.0,1,16,0,62
risk_withhold,2026101359,DRAW_HORIZON,80,135.245714,328,45,77,127,2.0,1,22,0,86
risk_withhold,2026101360,DRAW_HORIZON,-33,139.802381,349,29,81,117,2.0,1,15,0,80
risk_withhold,2026101361,DRAW_HORIZON,-51,151.482381,338,36,92,136,2.0,2,18,0,102
risk_withhold,2026101362,DRAW_HORIZON,109,124.799524,352,31,66,101,2.0,2,13,0,51
risk_withhold,2026101363,DRAW_HORIZON,266,128.257143,342,41,70,107,2.0,2,21,0,65
risk_withhold,2026101364,DRAW_HORIZON,237,126.365714,338,40,68,108,2.0,2,22,0,76
risk_withhold,2026101365,DRAW_HORIZON,220,149.084762,341,32,99,143,2.0,2,15,0,112
risk_withhold,2026101366,DRAW_HORIZON,97,134.763333,335,41,76,118,1.0,1,23,0,77
risk_withhold,2026101367,DRAW_HORIZON,76,140.895714,332,43,69,121,1.0,4,16,0,66
risk_withhold,2026101368,DRAW_HORIZON,663,137.04619,358,23,63,93,4.0,1,12,0,52
risk_withhold,2026101369,DRAW_HORIZON,1,124.762381,342,31,64,102,1.0,2,20,0,72
risk_withhold,2026101370,DRAW_HORIZON,45,135.546667,345,29,93,133,2.0,2,15,0,104
risk_withhold,2026101371,DRAW_HORIZON,89,134.010952,353,27,73,106,2.0,2,14,0,64
risk_withhold,2026101372,DRAW_HORIZON,212,134.52619,344,39,77,112,4.0,2,21,0,63
risk_withhold,2026101373,DRAW_HORIZON,272,134.922857,346,40,76,110,2.0,1,20,0,58
risk_withhold,2026101374,DRAW_HORIZON,150,143.917102,337,44,78,115,2.0,1,26,2,66
risk_withhold,2026101375,DRAW_HORIZON,-85,129.499048,342,34,65,107,1.0,2,16,0,64
risk_withhold,2026101376,DRAW_HORIZON,195,139.002857,347,36,72,108,1.0,1,17,0,70
risk_withhold,2026101377,DRAW_HORIZON,175,134.286667,330,41,71,118,1.0,1,23,0,78
risk_withhold,2026101378,DRAW_HORIZON,20,161.775714,339,40,96,136,8.0,1,21,0,101
risk_withhold,2026101379,DRAW_HORIZON,94,130.221905,338,36,61,106,1.0,2,17,0,74
risk_withhold,2026101380,DRAW_HORIZON,114,140.308571,342,36,72,110,2.0,1,20,0,77
risk_withhold,2026101381,DRAW_HORIZON,67,123.766667,339,32,63,110,1.0,2,14,0,69
risk_withhold,2026101382,DRAW_HORIZON,182,145.700952,324,52,87,141,2.0,3,22,0,89
risk_withhold,2026101383,DRAW_HORIZON,175,132.177143,335,45,72,111,2.0,2,26,0,70
risk_withhold,2026101384,DRAW_HORIZON,232,134.512381,354,30,82,111,1.0,3,17,0,68
risk_withhold,2026101385,DRAW_HORIZON,-30,144.870476,328,44,83,136,2.0,3,19,0,88
risk_withhold,2026101386,DRAW_HORIZON,-158,131.974286,343,35,71,112,2.0,2,16,0,76
risk_withhold,2026101387,DRAW_HORIZON,125,136.84619,339,45,77,115,4.0,2,23,0,72
risk_withhold,2026101388,DRAW_HORIZON,189,136.081429,347,30,71,105,1.0,2,19,0,71
risk_withhold,2026101389,DRAW_HORIZON,34,135.759048,351,32,75,105,2.0,2,19,0,67
risk_withhold,2026101390,DRAW_HORIZON,290,125.857143,343,31,62,103,1.0,2,16,0,74
risk_withhold,2026101391,DRAW_HORIZON,-8,144.964762,342,39,77,117,2.0,3,18,0,71
risk_withhold,2026101392,DRAW_HORIZON,179,136.104286,336,39,69,111,2.0,1,22,0,72
risk_withhold,2026101393,DRAW_HORIZON,-390,131.792857,335,42,81,119,2.0,1,27,0,90
risk_withhold,2026101394,DRAW_HORIZON,115,128.887619,330,42,71,117,1.0,2,24,0,81
risk_withhold,2026101395,DRAW_HORIZON,215,143.795714,346,34,86,122,2.0,2,18,0,88
risk_withhold,2026101396,DRAW_HORIZON,9,131.577619,343,34,67,105,1.0,2,19,0,67
risk_withhold,2026101397,DRAW_HORIZON,115,142.301905,337,37,80,126,2.0,2,17,0,89
risk_withhold,2026101398,DRAW_HORIZON,149,140.732857,353,32,81,111,2.0,2,17,0,74
risk_withhold,2026101399,DRAW_HORIZON,-395,128.564286,339,40,77,116,1.0,1,22,0,72
risk_withhold,2026101400,DRAW_HORIZON,-31,132.353333,353,35,78,111,2.0,2,14,0,65
risk_withhold,2026101401,DRAW_HORIZON,254,129.364762,338,39,67,107,1.0,2,22,0,69
risk_withhold,2026101402,DRAW_HORIZON,207,118.248571,334,43,53,92,1.0,2,27,0,56
risk_withhold,2026101403,DRAW_HORIZON,-160,149.370476,342,34,91,131,2.0,1,18,0,93
risk_withhold,2026101404,DRAW_HORIZON,85,132.897619,339,43,69,105,2.0,1,25,0,63
risk_withhold,2026101405,DRAW_HORIZON,49,133.705238,347,34,69,104,1.0,1,18,0,62
risk_withhold,2026101406,DRAW_HORIZON,159,130.576667,323,50,60,114,1.0,1,23,0,74
risk_withhold,2026101407,DRAW_HORIZON,184,141.620476,329,54,82,134,1.0,3,19,0,71
risk_withhold,2026101408,DRAW_HORIZON,225,138.236667,341,36,86,129,2.0,2,16,0,88
risk_withhold,2026101409,DRAW_HORIZON,-290,145.650952,331,44,83,124,2.0,2,28,0,87
risk_withhold,2026101410,DRAW_HORIZON,-308,129.604762,336,42,68,111,1.0,2,21,0,76
risk_withhold,2026101411,DRAW_HORIZON,-45,134.431905,334,39,72,120,2.0,1,18,0,68
risk_withhold,2026101412,DRAW_HORIZON,-134,143.000952,345,33,78,114,2.0,2,19,0,81
risk_withhold,2026101413,DRAW_HORIZON,-198,129.331429,340,40,69,110,1.0,1,19,0,67
risk_withhold,2026101414,DRAW_HORIZON,-63,139.451905,337,41,86,129,1.0,1,20,0,86
risk_withhold,2026101415,DRAW_HORIZON,269,131.891905,336,35,52,95,2.0,2,21,0,66
risk_withhold,2026101416,DRAW_HORIZON,-248,133.647143,335,36,68,113,2.0,2,20,0,81
risk_withhold,2026101417,DRAW_HORIZON,47,137.690952,341,45,84,114,2.0,1,29,0,68
risk_withhold,2026101418,DRAW_HORIZON,305,131.46619,345,36,70,105,2.0,2,20,0,69
risk_withhold,2026101419,DRAW_HORIZON,181,150.524286,347,29,90,130,2.0,3,13,0,95
risk_withhold,2026101420,DRAW_HORIZON,64,121.571905,338,42,61,100,1.0,1,23,0,58
risk_withhold,2026101421,DRAW_HORIZON,31,144.902381,332,44,79,134,2.0,3,13,0,78
risk_withhold,2026101422,DRAW_HORIZON,176,128.922857,350,27,66,97,2.0,2,19,0,68
risk_withhold,2026101423,DRAW_HORIZON,179,140.055714,357,28,87,111,4.0,2,19,0,78
risk_withhold,2026101424,DRAW_HORIZON,41,129.933333,342,37,71,111,1.0,1,18,0,66
risk_withhold,2026101425,DRAW_HORIZON,102,129.494286,346,39,64,97,2.0,1,21,0,53
risk_withhold,2026101426,DRAW_HORIZON,108,137.907143,349,32,74,109,1.0,2,16,0,69
risk_withhold,2026101427,DRAW_HORIZON,195,128.427143,347,34,78,115,1.0,1,16,0,77
risk_withhold,2026101428,DRAW_HORIZON,11,133.158095,350,25,70,104,4.0,1,16,0,76
risk_withhold,2026101429,DRAW_HORIZON,14,126.675163,348,36,63,91,2.0,2,24,1,54
risk_withhold,2026101430,DRAW_HORIZON,-33,136.922857,340,43,82,123,4.0,2,19,0,69
risk_withhold,2026101431,DRAW_HORIZON,65,140.68,331,43,79,123,2.0,1,25,0,93
risk_withhold,2026101432,DRAW_HORIZON,200,129.844286,331,39,78,125,1.0,2,22,0,87
risk_withhold,2026101433,DRAW_HORIZON,50,131.358095,345,33,84,124,1.0,2,15,0,70
risk_withhold,2026101434,DRAW_HORIZON,172,136.618095,345,35,84,124,1.0,2,15,0,83
risk_withhold,2026101435,DRAW_HORIZON,107,154.587619,349,29,88,124,4.0,3,15,0,87
risk_withhold,2026101436,DRAW_HORIZON,8,140.050952,335,50,77,125,2.0,3,17,0,78
risk_withhold,2026101437,DRAW_HORIZON,-80,142.522381,341,33,78,119,4.0,1,18,0,89
risk_withhold,2026101438,DRAW_HORIZON,-445,125.335714,349,31,64,99,2.0,1,16,0,60
risk_withhold,2026101439,DRAW_HORIZON,27,142.14,334,41,83,130,2.0,1,19,0,87
risk_withhold,2026101440,DRAW_HORIZON,109,144.044286,350,27,80,112,4.0,2,18,0,86
risk_withhold,2026101441,DRAW_HORIZON,44,140.069524,339,34,81,126,2.0,2,16,0,89
risk_withhold,2026101442,DRAW_HORIZON,237,135.738095,350,29,89,122,2.0,2,17,0,93
risk_withhold,2026101443,DRAW_HORIZON,22,133.254286,339,43,76,119,1.0,2,18,0,70
risk_withhold,2026101444,DRAW_HORIZON,329,129.820476,353,26,63,96,4.0,3,14,0,69
risk_withhold,2026101445,DRAW_HORIZON,-135,132.887619,342,32,82,125,1.0,3,15,0,84
risk_withhold,2026101446,DRAW_HORIZON,100,142.399484,353,31,84,116,4.0,2,15,2,69
risk_withhold,2026101447,DRAW_HORIZON,39,131.941905,332,41,73,121,1.0,1,20,0,86
risk_withhold,2026101448,DRAW_HORIZON,31,133.882381,351,33,73,104,2.0,2,18,0,67
risk_withhold,2026101449,DRAW_HORIZON,-205,139.43619,342,33,82,119,2.0,3,21,0,94
risk_withhold,2026101450,DRAW_HORIZON,-143,134.497143,331,44,63,113,1.0,2,19,0,70
risk_withhold,2026101451,DRAW_HORIZON,9,136.868571,344,34,71,109,2.0,1,18,0,76
risk_withhold,2026101452,DRAW_HORIZON,14,131.538571,345,36,66,99,4.0,2,22,0,57
risk_withhold,2026101453,DRAW_HORIZON,15,150.23619,343,36,92,130,4.0,1,19,0,94
risk_withhold,2026101454,DRAW_HORIZON,-160,128.064762,345,38,68,105,2.0,1,18,0,61
risk_withhold,2026101455,DRAW_HORIZON,162,163.637697,320,54,71,120,8.0,2,31,6,81
risk_withhold,2026101456,DRAW_HORIZON,-57,147.263333,342,37,87,124,2.0,2,21,0,90
risk_withhold,2026101457,DRAW_HORIZON,-65,135.344762,338,34,78,120,4.0,2,20,0,93
risk_withhold,2026101458,DRAW_HORIZON,233,132.587619,338,41,68,113,1.0,1,17,0,57
risk_withhold,2026101459,DRAW_HORIZON,110,130.017143,342,39,68,109,4.0,3,17,0,58
risk_withhold,2026101460,DRAW_HORIZON,170,129.506667,354,28,75,106,2.0,2,15,0,67
risk_withhold,2026101461,DRAW_HORIZON,267,140.65619,340,40,72,117,4.0,2,15,0,75
risk_withhold,2026101462,DRAW_HORIZON,62,127.776667,346,33,67,109,1.0,2,12,0,66
risk_withhold,2026101463,DRAW_HORIZON,55,139.95381,331,40,82,131,2.0,2,20,0,96
risk_withhold,2026101464,DRAW_HORIZON,194,131.920952,354,33,71,97,2.0,2,20,0,58
risk_withhold,2026101465,DRAW_HORIZON,136,135.030952,338,45,68,110,2.0,3,20,0,53
risk_withhold,2026101466,DRAW_HORIZON,132,127.882857,357,27,75,104,1.0,2,14,0,68
risk_withhold,2026101467,DRAW_HORIZON,-176,129.607619,330,42,74,128,1.0,1,16,0,78
risk_withhold,2026101468,DRAW_HORIZON,64,133.877619,343,37,70,108,1.0,2,19,0,68
risk_withhold,2026101469,DRAW_HORIZON,-57,125.380476,358,29,60,87,1.0,2,15,0,43
risk_withhold,2026101470,DRAW_HORIZON,-143,140.672857,328,48,76,134,2.0,3,14,0,73
risk_withhold,2026101471,DRAW_HORIZON,290,135.724762,342,36,72,110,2.0,1,20,0,79
risk_withhold,2026101472,DRAW_HORIZON,-7,118.49619,340,43,59,94,1.0,2,25,0,51
risk_withhold,2026101473,DRAW_HORIZON,298,131.367619,350,34,62,97,1.0,3,15,0,54
risk_withhold,2026101474,DRAW_HORIZON,185,133.198571,339,38,81,120,2.0,1,22,0,86
risk_withhold,2026101475,DRAW_HORIZON,98,121.486667,344,32,53,93,1.0,2,16,0,47
risk_withhold,2026101476,DRAW_HORIZON,320,129.880476,344,34,62,104,2.0,2,14,0,57
risk_withhold,2026101477,DRAW_HORIZON,5,127.929048,347,32,84,117,1.0,2,20,0,75
risk_withhold,2026101478,DRAW_HORIZON,0,144.329524,339,41,91,125,2.0,1,27,0,86
risk_withhold,2026101479,DRAW_HORIZON,-571,126.325238,336,40,58,96,1.0,1,26,0,60
risk_withhold,2026101480,DRAW_HORIZON,120,144.423333,339,38,87,132,2.0,4,16,0,79
risk_withhold,2026101481,DRAW_HORIZON,49,137.007619,349,29,76,108,2.0,1,19,0,75
risk_withhold,2026101482,DRAW_HORIZON,213,133.970952,352,31,68,99,2.0,2,17,0,55
risk_withhold,2026101483,DRAW_HORIZON,115,143.171429,347,38,82,115,1.0,2,20,0,72
risk_withhold,2026101484,DRAW_HORIZON,15,134.650952,336,39,74,119,2.0,2,19,0,81
risk_withhold,2026101485,DRAW_HORIZON,194,133.129524,354,34,74,102,2.0,2,18,0,56
risk_withhold,2026101486,DRAW_HORIZON,144,138.722381,356,30,95,116,1.0,1,23,0,82
risk_withhold,2026101487,DRAW_HORIZON,267,123.949524,334,42,65,109,1.0,2,22,0,69
risk_withhold,2026101488,DRAW_HORIZON,52,120.751429,340,40,54,88,1.0,2,26,0,60
risk_withhold,2026101489,DRAW_HORIZON,125,139.664762,332,47,80,131,2.0,2,17,0,84
risk_withhold,2026101490,DRAW_HORIZON,64,152.709524,353,30,91,128,4.0,2,10,0,78
risk_withhold,2026101491,DRAW_HORIZON,1,129.561905,354,30,67,93,2.0,2,20,0,50
risk_withhold,2026101492,DRAW_HORIZON,109,129.917746,345,35,77,114,1.0,2,18,1,58
risk_withhold,2026101493,DRAW_HORIZON,215,139.988571,348,33,81,116,4.0,2,17,0,71
risk_withhold,2026101494,DRAW_HORIZON,122,129.47,341,36,74,115,2.0,2,18,0,74
risk_withhold,2026101495,DRAW_HORIZON,0,134.135714,347,34,82,119,2.0,2,16,0,76
risk_withhold,2026101496,DRAW_HORIZON,-225,131.475238,343,35,70,113,1.0,3,14,0,70
risk_withhold,2026101497,DRAW_HORIZON,190,136.348095,342,37,83,119,2.0,1,22,0,81
risk_withhold,2026101498,DRAW_HORIZON,185,130.621429,347,29,74,113,2.0,2,14,0,72
risk_withhold,2026101499,DRAW_HORIZON,185,122.889524,333,37,59,105,2.0,1,21,0,77
risk_withhold,2026101500,DRAW_HORIZON,10,133.988095,334,32,72,124,2.0,2,14,0,95
risk_withhold,2026101501,DRAW_HORIZON,-143,144.357619,340,35,82,122,4.0,1,20,0,89
risk_withhold,2026101502,DRAW_HORIZON,4,132.785238,351,34,75,107,1.0,2,17,0,64
risk_withhold,2026101503,DRAW_HORIZON,-1,131.860476,344,38,72,101,1.0,1,27,0,59
risk_withhold,2026101504,DRAW_HORIZON,100,136.995238,347,32,82,119,2.0,2,16,0,66
risk_withhold,2026101505,DRAW_HORIZON,249,138.867619,343,33,70,111,1.0,3,16,0,72
risk_withhold,2026101506,DRAW_HORIZON,230,129.210952,336,38,75,119,2.0,2,20,0,77
risk_withhold,2026101507,DRAW_HORIZON,172,139.255714,343,32,76,111,2.0,1,22,0,85
risk_withhold,2026101508,DRAW_HORIZON,206,144.327143,345,40,87,119,2.0,1,23,0,76
risk_withhold,2026101509,DRAW_HORIZON,250,136.083333,340,39,79,117,2.0,2,22,0,74
risk_withhold,2026101510,DRAW_HORIZON,45,133.888095,343,38,83,124,2.0,2,16,0,71
risk_withhold,2026101511,DRAW_HORIZON,-208,137.577619,351,32,73,104,2.0,2,18,0,63
risk_withhold,2026101512,DRAW_HORIZON,199,139.201905,354,31,78,115,2.0,4,9,0,65
risk_withhold,2026101513,DRAW_HORIZON,180,131.23,340,44,77,116,1.0,3,21,0,65
risk_withhold,2026101514,DRAW_HORIZON,65,137.576667,347,31,77,114,2.0,2,16,0,71
risk_withhold,2026101515,DRAW_HORIZON,-45,144.070952,343,35,95,134,2.0,1,18,0,84
risk_withhold,2026101516,DRAW_HORIZON,197,133.387619,351,35,75,105,1.0,2,19,0,55
risk_withhold,2026101517,DRAW_HORIZON,110,137.981429,339,33,87,129,4.0,1,19,0,101
risk_withhold,2026101518,DRAW_HORIZON,2,141.789048,346,31,85,125,2.0,3,14,0,90
risk_withhold,2026101519,DRAW_HORIZON,-41,133.920952,345,32,70,112,2.0,2,13,0,55
risk_withhold,2026101520,DRAW_HORIZON,75,139.594286,343,34,88,127,2.0,2,18,0,86
risk_withhold,2026101521,DRAW_HORIZON,15,135.589524,349,35,81,118,2.0,3,14,0,69
risk_withhold,2026101522,DRAW_HORIZON,-75,135.847619,341,35,83,122,1.0,1,20,0,85
risk_withhold,2026101523,DRAW_HORIZON,156,128.075614,339,39,66,101,2.0,1,26,1,68
risk_withhold,2026101524,DRAW_HORIZON,305,129.048571,338,35,54,94,1.0,1,22,0,62
risk_withhold,2026101525,DRAW_HORIZON,206,134.043333,332,38,69,122,2.0,2,15,0,79
risk_withhold,2026101526,PENDING_FATE_HORIZON,-25,179.308571,303,33,72,113,32.0,2,18,0,86
risk_withhold,2026101527,DRAW_HORIZON,167,124.924286,339,38,71,112,1.0,2,20,0,70
risk_withhold,2026101528,DRAW_HORIZON,97,134.186667,342,33,71,115,2.0,2,14,0,73
risk_withhold,2026101529,DRAW_HORIZON,170,133.641905,343,32,83,121,2.0,2,19,0,81
risk_withhold,2026101530,DRAW_HORIZON,139,123.187619,351,26,64,96,1.0,2,17,0,63
risk_withhold,2026101531,DRAW_HORIZON,42,129.525714,346,38,79,109,2.0,1,24,0,72
risk_withhold,2026101532,DRAW_HORIZON,180,129.749048,335,44,71,111,2.0,2,25,0,76
risk_withhold,2026101533,DRAW_HORIZON,-170,128.027143,340,42,67,107,1.0,2,20,0,67
risk_withhold,2026101534,DRAW_HORIZON,147,129.414286,341,36,66,107,1.0,1,18,0,69
risk_withhold,2026101535,DRAW_HORIZON,220,132.231905,335,36,76,121,1.0,2,20,0,86
risk_withhold,2026101536,DRAW_HORIZON,219,132.867143,338,42,72,111,2.0,1,23,0,77
risk_withhold,2026101537,DRAW_HORIZON,95,136.76619,340,38,73,115,2.0,2,18,0,69
risk_withhold,2026101538,DRAW_HORIZON,-120,122.298095,347,30,70,108,1.0,2,15,0,69
risk_withhold,2026101539,DRAW_HORIZON,0,125.170476,354,28,62,90,2.0,2,18,0,56
risk_withhold,2026101540,DRAW_HORIZON,185,135.874762,334,44,82,129,2.0,3,19,0,76
risk_withhold,2026101541,DRAW_HORIZON,-75,140.659048,339,35,84,129,2.0,2,16,0,91
risk_withhold,2026101542,DRAW_HORIZON,210,125.391429,328,35,71,124,1.0,2,19,0,98
risk_withhold,2026101543,DRAW_HORIZON,-120,132.147143,325,43,77,124,2.0,2,28,0,89
risk_withhold,2026101544,DRAW_HORIZON,-320,129.914286,342,35,81,119,1.0,1,20,0,70
risk_withhold,2026101545,DRAW_HORIZON,234,129.246667,334,37,59,107,2.0,2,18,0,70
risk_withhold,2026101546,DRAW_HORIZON,95,135.050476,345,34,83,123,1.0,2,15,0,87
risk_withhold,2026101547,DRAW_HORIZON,210,130.618571,335,45,67,115,2.0,3,17,0,69
risk_withhold,2026101548,DRAW_HORIZON,104,130.759048,349,35,79,110,2.0,2,20,0,66
risk_withhold,2026101549,DRAW_HORIZON,46,126.98,344,36,66,105,1.0,2,17,0,60
risk_withhold,2026101550,DRAW_HORIZON,35,141.087619,329,47,80,130,4.0,2,21,0,92
risk_withhold,2026101551,DRAW_HORIZON,277,132.906667,338,39,66,107,2.0,1,21,0,64
risk_withhold,2026101552,DRAW_HORIZON,110,133.354762,337,33,79,125,2.0,1,17,0,97
risk_withhold,2026101553,DRAW_HORIZON,273,141.561429,349,33,78,113,2.0,2,16,0,77
risk_withhold,2026101554,DRAW_HORIZON,-58,127.199524,337,43,71,113,1.0,2,21,0,64
risk_withhold,2026101555,DRAW_HORIZON,90,142.135714,350,31,85,120,2.0,1,15,0,85
risk_withhold,2026101556,DRAW_HORIZON,70,138.938095,337,41,74,115,2.0,1,22,0,74
risk_withhold,2026101557,DRAW_HORIZON,260,135.452381,339,39,77,119,2.0,1,19,0,74
risk_withhold,2026101558,DRAW_HORIZON,245,143.284286,349,32,77,109,8.0,1,19,0,65
risk_withhold,2026101559,DRAW_HORIZON,-191,152.824286,344,37,73,110,8.0,2,19,0,65
risk_withhold,2026101560,DRAW_HORIZON,150,135.954762,339,32,82,121,2.0,1,22,0,91
risk_withhold,2026101561,DRAW_HORIZON,80,140.459524,342,38,91,132,1.0,2,17,0,73
risk_withhold,2026101562,DRAW_HORIZON,169,137.140476,341,30,78,124,1.0,2,13,0,86
risk_withhold,2026101563,DRAW_HORIZON,22,132.053333,349,25,65,100,2.0,2,16,0,74
risk_withhold,2026101564,DRAW_HORIZON,60,124.095238,346,34,78,113,1.0,2,19,0,76
risk_withhold,2026101565,DRAW_HORIZON,119,124.966667,343,37,68,107,1.0,2,18,0,64
risk_withhold,2026101566,DRAW_HORIZON,37,128.332394,336,47,67,103,2.0,2,28,4,58
risk_withhold,2026101567,DRAW_HORIZON,-75,136.85,332,44,76,123,2.0,2,21,0,79
risk_withhold,2026101568,DRAW_HORIZON,45,143.551905,343,39,101,139,2.0,2,19,0,92
risk_withhold,2026101569,DRAW_HORIZON,20,143.129524,350,29,87,128,4.0,4,9,0,88
risk_withhold,2026101570,DRAW_HORIZON,117,127.456667,347,34,66,104,1.0,3,15,0,60
risk_withhold,2026101571,DRAW_HORIZON,135,128.641905,343,33,81,117,1.0,2,21,0,92
risk_withhold,2026101572,DRAW_HORIZON,-5,142.413333,339,39,84,126,2.0,2,19,0,83
risk_withhold,2026101573,DRAW_HORIZON,230,147.651429,345,34,104,142,2.0,2,17,0,113
risk_withhold,2026101574,DRAW_HORIZON,10,130.236667,333,44,74,121,2.0,2,20,0,73
risk_withhold,2026101575,DRAW_HORIZON,92,145.477619,346,39,77,112,2.0,3,19,0,68
risk_withhold,2026101576,DRAW_HORIZON,185,142.431905,350,35,87,123,1.0,1,14,0,74
risk_withhold,2026101577,DRAW_HORIZON,-148,131.772857,349,31,70,105,1.0,1,16,0,56
risk_withhold,2026101578,DRAW_HORIZON,0,129.109048,333,42,68,109,2.0,1,26,0,80
risk_withhold,2026101579,DRAW_HORIZON,160,132.159278,337,47,72,110,1.0,1,25,1,65
risk_withhold,2026101580,DRAW_HORIZON,46,135.542857,352,30,68,102,1.0,1,14,0,63
risk_withhold,2026101581,DRAW_HORIZON,100,136.122411,333,43,84,123,2.0,2,28,3,92
risk_withhold,2026101582,DRAW_HORIZON,44,142.390476,353,32,84,115,2.0,2,16,0,68
risk_withhold,2026101583,DRAW_HORIZON,-200,128.260952,334,41,69,115,1.0,3,20,0,80
risk_withhold,2026101584,DRAW_HORIZON,307,133.850158,339,47,69,102,1.0,1,28,5,66
risk_withhold,2026101585,DRAW_HORIZON,71,138.705714,339,39,77,119,1.0,1,19,0,70
risk_withhold,2026101586,DRAW_HORIZON,-275,137.425238,336,32,78,126,1.0,2,16,0,96
risk_withhold,2026101587,DRAW_HORIZON,-571,127.997143,340,36,65,104,1.0,2,21,0,68
risk_withhold,2026101588,DRAW_HORIZON,240,141.444286,335,43,89,140,2.0,3,14,0,86
risk_withhold,2026101589,DRAW_HORIZON,152,132.769048,340,35,73,112,2.0,1,21,0,70
risk_withhold,2026101590,DRAW_HORIZON,-43,143.472381,339,39,83,125,4.0,2,19,0,81
risk_withhold,2026101591,DRAW_HORIZON,259,124.687143,332,46,50,98,2.0,2,20,0,57
risk_withhold,2026101592,DRAW_HORIZON,-125,129.582857,334,36,79,126,1.0,2,19,0,90
risk_withhold,2026101593,DRAW_HORIZON,94,135.570952,348,33,77,112,2.0,1,17,0,65
risk_withhold,2026101594,DRAW_HORIZON,144,127.788095,337,35,72,114,2.0,1,21,0,83
risk_withhold,2026101595,DRAW_HORIZON,21,133.06,339,35,72,114,2.0,2,19,0,74
risk_withhold,2026101596,DRAW_HORIZON,-258,123.326667,349,28,70,102,2.0,2,19,0,69
risk_withhold,2026101597,DRAW_HORIZON,34,129.309524,338,42,61,105,2.0,1,18,0,56
risk_withhold,2026101598,DRAW_HORIZON,10,137.35619,333,40,79,129,1.0,2,17,0,76
risk_withhold,2026101599,DRAW_HORIZON,11,132.277619,359,25,72,98,2.0,1,15,0,63
risk_withhold,2026101600,DRAW_HORIZON,29,130.411905,347,36,69,104,2.0,2,18,0,59
risk_withhold,2026101601,DRAW_HORIZON,-188,131.989048,337,38,71,112,1.0,2,22,0,78
risk_withhold,2026101602,DRAW_HORIZON,294,138.766667,342,37,66,106,4.0,2,18,0,69
risk_withhold,2026101603,DRAW_HORIZON,35,127.689524,353,33,84,115,2.0,1,16,0,68
risk_withhold,2026101604,DRAW_HORIZON,290,144.174762,346,33,84,118,4.0,1,20,0,79
risk_withhold,2026101605,DRAW_HORIZON,9,128.379524,340,34,68,114,1.0,3,14,0,68
risk_withhold,2026101606,DRAW_HORIZON,-195,136.635714,344,35,83,121,2.0,2,18,0,83
risk_withhold,2026101607,DRAW_HORIZON,-115,133.94381,343,39,72,110,1.0,2,19,0,64
risk_withhold,2026101608,DRAW_HORIZON,181,136.546667,338,44,70,111,2.0,2,21,0,57
risk_withhold,2026101609,DRAW_HORIZON,232,137.017143,346,32,73,113,4.0,2,14,0,68
risk_withhold,2026101610,DRAW_HORIZON,185,122.513333,338,41,70,104,1.0,1,28,0,66
risk_withhold,2026101611,DRAW_HORIZON,-65,126.987619,339,38,67,107,1.0,3,21,0,66
risk_withhold,2026101612,DRAW_HORIZON,79,136.190952,336,44,61,112,2.0,3,13,0,62
risk_withhold,2026101613,DRAW_HORIZON,-348,145.37,339,44,82,128,2.0,3,15,0,66
risk_withhold,2026101614,DRAW_HORIZON,73,136.13619,340,39,70,112,2.0,2,18,0,67
risk_withhold,2026101615,DRAW_HORIZON,274,125.021905,339,37,65,109,1.0,2,17,0,68
risk_withhold,2026101616,DRAW_HORIZON,270,137.744762,338,34,80,126,4.0,4,16,0,94
risk_withhold,2026101617,DRAW_HORIZON,115,128.725238,333,45,68,108,1.0,2,27,0,66
risk_withhold,2026101618,DRAW_HORIZON,5,143.934286,335,34,90,135,2.0,1,20,0,102
risk_withhold,2026101619,DRAW_HORIZON,24,132.897143,345,36,72,104,2.0,2,23,0,76
risk_withhold,2026101620,DRAW_HORIZON,130,128.160476,340,38,73,116,1.0,1,17,0,74
risk_withhold,2026101621,DRAW_HORIZON,166,124.143333,344,35,50,87,1.0,1,19,0,56
risk_withhold,2026101622,DRAW_HORIZON,92,129.008095,340,40,75,113,1.0,1,22,0,69
risk_withhold,2026101623,DRAW_HORIZON,38,134.414286,349,30,69,103,1.0,1,17,0,67
risk_withhold,2026101624,DRAW_HORIZON,142,126.435238,351,31,61,96,1.0,2,14,0,47
risk_withhold,2026101625,DRAW_HORIZON,-8,139.244762,345,38,79,116,2.0,2,18,0,69
risk_withhold,2026101626,DRAW_HORIZON,130,146.52619,349,32,82,118,2.0,2,15,0,74
risk_withhold,2026101627,DRAW_HORIZON,115,146.184286,341,38,85,128,4.0,2,16,0,86
risk_withhold,2026101628,DRAW_HORIZON,185,131.109048,335,37,72,116,1.0,2,21,0,81
risk_withhold,2026101629,DRAW_HORIZON,102,121.87619,341,37,55,94,0.5,2,20,0,49
risk_withhold,2026101630,DRAW_HORIZON,288,134.181905,347,35,69,103,1.0,1,19,0,63
risk_withhold,2026101631,DRAW_HORIZON,205,143.741429,360,27,101,127,1.0,2,14,0,87
risk_withhold,2026101632,DRAW_HORIZON,35,142.39381,340,38,101,143,1.0,2,18,0,98
risk_withhold,2026101633,DRAW_HORIZON,261,132.807143,349,32,66,103,1.0,1,14,0,59
risk_withhold,2026101634,DRAW_HORIZON,-250,133.030952,330,38,69,118,4.0,1,21,0,87
risk_withhold,2026101635,DRAW_HORIZON,-45,129.949048,346,35,71,107,1.0,2,18,0,60
risk_withhold,2026101636,DRAW_HORIZON,-70,127.79619,343,40,69,114,1.0,4,12,0,66
risk_withhold,2026101637,DRAW_HORIZON,41,129.798571,349,26,70,106,2.0,3,15,0,71
risk_withhold,2026101638,DRAW_HORIZON,25,138.15619,349,33,85,119,1.0,2,17,0,75
risk_withhold,2026101639,DRAW_HORIZON,-105,126.685238,349,27,69,107,1.0,3,13,0,73
risk_withhold,2026101640,DRAW_HORIZON,40,140.714762,346,36,80,116,2.0,2,18,0,68
risk_withhold,2026101641,DRAW_HORIZON,294,129.711429,343,41,65,101,1.0,1,21,0,62
risk_withhold,2026101642,DRAW_HORIZON,175,126.703333,341,42,64,100,1.0,2,23,0,53
risk_withhold,2026101643,DRAW_HORIZON,5,127.829524,340,39,72,110,1.0,1,22,0,78
risk_withhold,2026101644,DRAW_HORIZON,299,134.734286,358,28,72,97,2.0,2,17,0,66
risk_withhold,2026101645,DRAW_HORIZON,167,129.852381,353,35,79,106,2.0,1,20,0,69
risk_withhold,2026101646,DRAW_HORIZON,-233,145.830476,353,27,93,127,2.0,2,13,0,78
risk_withhold,2026101647,DRAW_HORIZON,84,127.597143,344,38,69,109,2.0,2,16,0,59
risk_withhold,2026101648,DRAW_HORIZON,275,135.981429,343,36,81,120,1.0,2,18,0,79
risk_withhold,2026101649,DRAW_HORIZON,44,136.812381,340,39,74,123,2.0,4,11,0,73
risk_withhold,2026101650,DRAW_HORIZON,215,141.581429,354,30,71,105,4.0,2,12,0,67
risk_withhold,2026101651,DRAW_HORIZON,110,139.79381,329,40,78,132,1.0,2,17,0,95
risk_withhold,2026101652,DRAW_HORIZON,92,143.928571,338,33,81,132,2.0,2,11,0,97
risk_withhold,2026101653,DRAW_HORIZON,12,130.99619,329,46,71,126,1.0,3,16,0,75
risk_withhold,2026101654,DRAW_HORIZON,-88,168.216667,326,44,78,130,16.0,2,22,0,93
risk_withhold,2026101655,DRAW_HORIZON,62,128.268571,340,38,60,104,1.0,3,16,0,65
risk_withhold,2026101656,DRAW_HORIZON,74,141.824286,337,44,71,107,4.0,1,27,0,63
risk_withhold,2026101657,DRAW_HORIZON,85,133.964286,324,50,71,119,2.0,1,28,0,69
risk_withhold,2026101658,DRAW_HORIZON,107,165.597143,353,33,88,121,8.0,2,14,0,69
risk_withhold,2026101659,DRAW_HORIZON,264,134.124762,353,31,84,113,1.0,1,18,0,71
risk_withhold,2026101660,DRAW_HORIZON,73,132.433333,342,39,61,95,1.0,1,24,0,50
risk_withhold,2026101661,DRAW_HORIZON,4,128.972381,328,42,59,115,1.0,3,16,0,79
risk_withhold,2026101662,DRAW_HORIZON,270,135.541905,335,45,81,118,2.0,1,28,0,74
risk_withhold,2026101663,DRAW_HORIZON,5,138.68619,357,27,85,117,2.0,3,11,0,72
risk_withhold,2026101664,DRAW_HORIZON,123,136.560476,353,29,69,102,2.0,3,14,0,61
risk_withhold,2026101665,DRAW_HORIZON,-66,130.53,335,42,69,109,1.0,1,25,0,62
risk_withhold,2026101666,DRAW_HORIZON,22,129.774286,344,31,77,118,1.0,2,15,0,77
risk_withhold,2026101667,DRAW_HORIZON,160,135.26619,346,34,71,110,2.0,3,15,0,64
risk_withhold,2026101668,DRAW_HORIZON,10,145.052857,333,42,81,132,2.0,3,16,0,89
risk_withhold,2026101669,DRAW_HORIZON,80,138.592857,339,34,80,121,2.0,2,20,0,78
risk_withhold,2026101670,DRAW_HORIZON,65,129.837619,338,38,80,120,1.0,1,22,0,87
risk_withhold,2026101671,DRAW_HORIZON,-251,143.15381,333,42,71,117,2.0,2,21,0,67
risk_withhold,2026101672,DRAW_HORIZON,-410,136.69,333,35,83,129,2.0,1,21,0,100
risk_withhold,2026101673,DRAW_HORIZON,145,130.67381,332,43,73,118,1.0,1,23,0,85
risk_withhold,2026101674,DRAW_HORIZON,54,135.610476,347,30,68,102,2.0,1,19,0,62
risk_withhold,2026101675,DRAW_HORIZON,195,141.721905,347,31,84,123,2.0,1,14,0,81
risk_withhold,2026101676,DRAW_HORIZON,60,131.611429,335,47,81,127,1.0,4,19,0,76
risk_withhold,2026101677,DRAW_HORIZON,236,130.803333,341,35,73,111,1.0,2,21,0,78
risk_withhold,2026101678,DRAW_HORIZON,161,138.694286,344,33,78,116,4.0,1,18,0,75
risk_withhold,2026101679,DRAW_HORIZON,-64,133.009048,346,36,73,106,1.0,2,21,0,73
risk_withhold,2026101680,DRAW_HORIZON,-345,139.995714,337,44,88,131,1.0,2,20,0,81
risk_withhold,2026101681,DRAW_HORIZON,85,133.64,339,40,73,113,2.0,1,21,0,77
risk_withhold,2026101682,DRAW_HORIZON,100,137.458571,327,43,78,131,2.0,1,20,0,93
risk_withhold,2026101683,DRAW_HORIZON,135,144.555714,339,32,92,135,2.0,1,18,0,106
risk_withhold,2026101684,DRAW_HORIZON,125,130.975238,325,47,71,125,1.0,4,21,0,89
risk_withhold,2026101685,DRAW_HORIZON,220,139.101905,342,35,84,128,1.0,3,14,0,94
risk_withhold,2026101686,DRAW_HORIZON,-270,122.809524,344,35,70,106,1.0,2,20,0,66
risk_withhold,2026101687,DRAW_HORIZON,264,144.109524,340,42,91,131,2.0,1,20,0,81
risk_withhold,2026101688,DRAW_HORIZON,190,135.117619,335,44,82,133,1.0,2,14,0,75
risk_withhold,2026101689,DRAW_HORIZON,30,125.267619,341,39,66,101,2.0,2,24,0,60
risk_withhold,2026101690,DRAW_HORIZON,67,136.901905,341,39,79,119,2.0,2,19,0,73
risk_withhold,2026101691,DRAW_HORIZON,137,128.109524,342,38,71,108,1.0,2,21,0,74
risk_withhold,2026101692,DRAW_HORIZON,27,132.105714,343,37,70,109,2.0,2,18,0,64
risk_withhold,2026101693,DRAW_HORIZON,25,130.908571,340,39,82,121,1.0,2,21,0,73
risk_withhold,2026101694,DRAW_HORIZON,25,123.947619,348,35,70,99,1.0,2,23,0,69
risk_withhold,2026101695,DRAW_HORIZON,188,139.978571,342,36,76,113,2.0,2,21,0,71
risk_withhold,2026101696,DRAW_HORIZON,235,128.081905,333,38,77,125,1.0,2,19,0,79
risk_withhold,2026101697,DRAW_HORIZON,250,124.537619,333,38,68,113,1.0,1,22,0,85
risk_withhold,2026101698,DRAW_HORIZON,250,136.505238,332,44,81,127,2.0,3,22,0,79
risk_withhold,2026101699,DRAW_HORIZON,187,146.569524,344,38,85,127,1.0,3,14,0,82
risk_withhold,2026101700,DRAW_HORIZON,247,140.742381,336,40,83,124,2.0,2,23,0,88
risk_withhold,2026101701,DRAW_HORIZON,310,132.577619,347,35,72,102,1.0,2,23,0,73
risk_withhold,2026101702,DRAW_HORIZON,268,131.332857,339,41,65,107,2.0,3,19,0,59
risk_withhold,2026101703,DRAW_HORIZON,-135,133.087619,318,48,75,137,2.0,2,20,0,89
risk_withhold,2026101704,DRAW_HORIZON,-203,129.599524,345,29,81,119,1.0,2,17,0,92
risk_withhold,2026101705,DRAW_HORIZON,-26,130.481429,349,29,84,120,1.0,3,15,0,82
risk_withhold,2026101706,DRAW_HORIZON,125,130.550952,325,47,68,118,2.0,1,25,0,76
risk_withhold,2026101707,DRAW_HORIZON,-70,138.457143,351,28,82,118,2.0,1,13,0,93
risk_withhold,2026101708,DRAW_HORIZON,-63,129.886667,329,44,73,123,1.0,1,21,0,81
risk_withhold,2026101709,DRAW_HORIZON,-80,133.66,337,38,75,118,1.0,1,20,0,74
risk_withhold,2026101710,DRAW_HORIZON,190,134.635714,333,38,77,131,1.0,3,13,0,85
risk_withhold,2026101711,DRAW_HORIZON,-36,136.686667,339,39,69,111,2.0,2,19,0,64
risk_withhold,2026101712,DRAW_HORIZON,30,144.264762,334,45,74,130,2.0,4,10,0,68
risk_withhold,2026101713,DRAW_HORIZON,235,143.947143,343,33,71,112,8.0,2,16,0,77
risk_withhold,2026101714,DRAW_HORIZON,-135,144.495714,343,35,88,126,2.0,2,19,0,89
risk_withhold,2026101715,DRAW_HORIZON,42,141.475238,341,38,85,121,2.0,2,23,0,87
risk_withhold,2026101716,DRAW_HORIZON,-259,138.957378,334,47,71,117,1.0,1,20,2,68
risk_withhold,2026101717,DRAW_HORIZON,179,137.275238,336,46,70,112,2.0,1,22,0,64
risk_withhold,2026101718,DRAW_HORIZON,269,138.250476,333,50,79,122,2.0,1,24,0,69
risk_withhold,2026101719,DRAW_HORIZON,15,132.079524,345,34,86,125,1.0,2,16,0,82
risk_withhold,2026101720,DRAW_HORIZON,127,121.399524,334,39,64,107,1.0,2,23,0,78
risk_withhold,2026101721,DRAW_HORIZON,157,136.386667,352,31,72,110,2.0,2,10,0,58
risk_withhold,2026101722,DRAW_HORIZON,180,135.869048,348,38,82,114,2.0,1,20,0,70
risk_withhold,2026101723,DRAW_HORIZON,226,127.095714,347,27,62,96,1.0,1,19,0,64
risk_withhold,2026101724,DRAW_HORIZON,157,141.48619,339,38,85,128,2.0,1,18,0,88
risk_withhold,2026101725,DRAW_HORIZON,53,145.98381,352,31,84,120,2.0,2,12,0,80
risk_withhold,2026101726,DRAW_HORIZON,-330,148.407143,335,38,86,130,2.0,2,21,0,100
risk_withhold,2026101727,DRAW_HORIZON,51,138.464762,339,38,79,125,1.0,2,15,0,84
risk_withhold,2026101728,DRAW_HORIZON,5,131.411905,335,44,89,128,2.0,2,26,0,95
risk_withhold,2026101729,DRAW_HORIZON,264,149.214762,338,37,70,111,8.0,2,21,0,66
risk_withhold,2026101730,DRAW_HORIZON,190,141.824762,344,34,85,120,2.0,1,21,0,81
risk_withhold,2026101731,DRAW_HORIZON,102,145.105714,333,43,75,121,4.0,3,21,0,83
risk_withhold,2026101732,DRAW_HORIZON,260,132.076667,337,45,69,110,2.0,1,22,0,65
risk_withhold,2026101733,DRAW_HORIZON,314,127.770952,348,30,63,94,1.0,1,21,0,61
risk_withhold,2026101734,DRAW_HORIZON,210,143.384762,337,42,94,135,2.0,1,22,0,90
risk_withhold,2026101735,DRAW_HORIZON,146,127.273333,343,33,70,108,1.0,1,19,0,75
risk_withhold,2026101736,DRAW_HORIZON,-218,138.078571,338,41,76,117,2.0,1,21,0,70
risk_withhold,2026101737,DRAW_HORIZON,129,128.75,351,26,67,104,2.0,2,12,0,66
risk_withhold,2026101738,DRAW_HORIZON,101,123.42381,352,32,68,92,1.0,2,24,0,50
risk_withhold,2026101739,DRAW_HORIZON,-300,146.628571,339,43,88,125,2.0,1,24,0,84
risk_withhold,2026101740,DRAW_HORIZON,-195,141.726667,337,37,72,114,2.0,1,21,0,75
risk_withhold,2026101741,DRAW_HORIZON,71,132.241429,328,49,70,120,2.0,2,22,0,75
risk_withhold,2026101742,DRAW_HORIZON,55,140.082857,343,39,88,122,2.0,2,23,0,80
risk_withhold,2026101743,BLOCKED_Q6_EXHAUSTED_QUEST,70,126.827619,290,29,73,109,2.0,2,16,0,84
risk_withhold,2026101744,DRAW_HORIZON,196,129.53619,340,45,66,104,2.0,2,22,0,55
risk_withhold,2026101745,DRAW_HORIZON,249,135.987143,341,32,81,117,1.0,1,23,0,92
risk_withhold,2026101746,DRAW_HORIZON,55,125.134286,333,33,60,107,1.0,1,20,0,76
risk_withhold,2026101747,DRAW_HORIZON,220,124.945714,337,37,75,119,2.0,1,19,0,84
risk_withhold,2026101748,DRAW_HORIZON,18,130.637143,347,33,65,102,1.0,2,16,0,55
risk_withhold,2026101749,DRAW_HORIZON,105,134.722857,339,34,78,125,1.0,2,14,0,94
risk_withhold,2026101750,DRAW_HORIZON,262,128.0,342,35,72,104,1.0,1,26,0,68
risk_withhold,2026101751,DRAW_HORIZON,-219,138.45381,360,26,71,97,4.0,2,14,0,56
risk_withhold,2026101752,DRAW_HORIZON,30,140.800476,347,34,80,121,1.0,3,12,0,68
risk_withhold,2026101753,DRAW_HORIZON,271,124.596667,337,37,48,99,1.0,3,12,0,45
risk_withhold,2026101754,DRAW_HORIZON,-16,137.980952,341,33,77,118,2.0,1,18,0,86
risk_withhold,2026101755,DRAW_HORIZON,207,134.661181,334,40,68,108,2.0,1,26,2,67
risk_withhold,2026101756,DRAW_HORIZON,-102,143.637619,339,38,81,124,1.0,2,18,0,83
risk_withhold,2026101757,DRAW_HORIZON,246,135.894762,348,31,77,115,1.0,1,14,0,63
risk_withhold,2026101758,DRAW_HORIZON,-22,137.828571,350,29,71,104,4.0,1,17,0,69
risk_withhold,2026101759,DRAW_HORIZON,-253,142.891905,342,36,74,109,2.0,2,23,0,77
risk_withhold,2026101760,DRAW_HORIZON,-10,143.18619,335,36,89,128,2.0,2,26,0,101
risk_withhold,2026101761,DRAW_HORIZON,145,130.665238,334,43,78,122,1.0,1,22,0,80
risk_withhold,2026101762,DRAW_HORIZON,124,130.028095,337,41,71,108,1.0,1,26,0,74
risk_withhold,2026101763,DRAW_HORIZON,72,132.068095,341,32,72,112,1.0,2,19,0,77
risk_withhold,2026101764,DRAW_HORIZON,255,143.436667,335,48,78,123,4.0,2,20,0,69
risk_withhold,2026101765,DRAW_HORIZON,189,128.415714,343,38,72,113,1.0,1,16,0,68
risk_withhold,2026101766,DRAW_HORIZON,-43,136.193333,329,44,72,117,1.0,1,26,0,84
risk_withhold,2026101767,DRAW_HORIZON,209,122.08,340,41,58,97,1.0,3,21,0,51
risk_withhold,2026101768,DRAW_HORIZON,57,130.265238,348,33,70,104,1.0,2,18,0,68
risk_withhold,2026101769,DRAW_HORIZON,-266,138.72381,344,30,88,127,1.0,2,17,0,83
risk_withhold,2026101770,DRAW_HORIZON,74,129.77619,336,41,65,108,1.0,1,21,0,65
risk_withhold,2026101771,DRAW_HORIZON,187,122.163333,343,35,61,104,1.0,2,14,0,64
risk_withhold,2026101772,DRAW_HORIZON,-28,148.598095,346,37,89,124,4.0,2,19,0,82
risk_withhold,2026101773,DRAW_HORIZON,232,134.48,331,36,75,128,1.0,2,16,0,83
risk_withhold,2026101774,DRAW_HORIZON,51,141.376667,354,28,78,111,2.0,3,13,0,57
risk_withhold,2026101775,DRAW_HORIZON,46,135.204762,345,35,75,114,2.0,2,16,0,68
risk_withhold,2026101776,DRAW_HORIZON,169,139.416667,336,39,77,116,2.0,2,25,0,82
risk_withhold,2026101777,DRAW_HORIZON,63,150.594286,332,49,83,136,4.0,3,15,0,80
risk_withhold,2026101778,DRAW_HORIZON,153,127.326667,344,32,71,108,2.0,2,19,0,73
risk_withhold,2026101779,DRAW_HORIZON,6,125.720952,339,42,60,101,1.0,2,20,0,51
risk_withhold,2026101780,DRAW_HORIZON,70,142.448095,327,42,82,137,1.0,1,18,0,95
risk_withhold,2026101781,DRAW_HORIZON,140,136.064762,335,34,77,130,1.0,3,12,0,89
risk_withhold,2026101782,DRAW_HORIZON,-634,133.092381,342,33,68,110,1.0,2,16,0,77
risk_withhold,2026101783,DRAW_HORIZON,150,126.990476,352,35,76,108,1.0,1,16,0,57
risk_withhold,2026101784,DRAW_HORIZON,100,138.438834,337,40,73,114,2.0,2,22,1,72
risk_withhold,2026101785,DRAW_HORIZON,38,149.392857,357,24,89,118,2.0,1,14,0,79
risk_withhold,2026101786,DRAW_HORIZON,17,130.145238,340,40,68,105,2.0,2,23,0,63
risk_withhold,2026101787,DRAW_HORIZON,244,131.571429,348,27,64,97,2.0,1,19,0,66
risk_withhold,2026101788,DRAW_HORIZON,89,148.498095,342,38,89,132,2.0,2,15,0,73
risk_withhold,2026101789,DRAW_HORIZON,252,140.698095,350,30,81,121,2.0,3,10,0,73
risk_withhold,2026101790,DRAW_HORIZON,30,141.134286,326,50,78,134,1.0,3,18,0,89
risk_withhold,2026101791,DRAW_HORIZON,-98,133.659048,337,39,74,120,1.0,2,17,0,84
risk_withhold,2026101792,DRAW_HORIZON,271,129.995238,347,33,73,110,2.0,1,16,0,75
risk_withhold,2026101793,DRAW_HORIZON,-15,136.31381,336,40,76,125,1.0,2,15,0,75
risk_withhold,2026101794,DRAW_HORIZON,40,145.625714,354,27,90,129,2.0,4,7,0,89
risk_withhold,2026101795,DRAW_HORIZON,255,134.315238,349,38,73,110,2.0,2,14,0,61
risk_withhold,2026101796,DRAW_HORIZON,-195,124.117619,352,27,66,101,1.0,2,13,0,71
risk_withhold,2026101797,DRAW_HORIZON,-129,140.517619,339,36,84,124,2.0,2,21,0,88
risk_withhold,2026101798,DRAW_HORIZON,210,144.362381,336,36,82,134,2.0,4,12,0,90
risk_withhold,2026101799,DRAW_HORIZON,37,138.287619,341,38,84,123,2.0,1,20,0,64
risk_withhold,2026101800,DRAW_HORIZON,295,143.265238,339,39,79,120,4.0,2,20,0,85
risk_withhold,2026101801,DRAW_HORIZON,107,141.537619,347,32,81,115,2.0,1,19,0,81
risk_withhold,2026101802,DRAW_HORIZON,296,132.539524,340,40,75,111,2.0,1,24,0,69
risk_withhold,2026101803,DRAW_HORIZON,296,127.765714,345,33,64,104,1.0,3,15,0,64
risk_withhold,2026101804,DRAW_HORIZON,164,137.440476,340,43,70,113,2.0,1,17,0,62
risk_withhold,2026101805,DRAW_HORIZON,62,136.516667,335,40,73,122,2.0,2,16,0,80
risk_withhold,2026101806,DRAW_HORIZON,192,130.453333,347,34,61,100,1.0,3,14,0,57
risk_withhold,2026101807,DRAW_HORIZON,42,132.497143,337,41,81,120,2.0,1,24,0,77
risk_withhold,2026101808,DRAW_HORIZON,40,132.488095,344,34,80,119,2.0,2,17,0,78
risk_withhold,2026101809,DRAW_HORIZON,-630,129.901429,346,35,67,106,2.0,3,15,0,62
risk_withhold,2026101810,DRAW_HORIZON,130,126.389048,331,42,60,102,1.0,2,27,0,63
risk_withhold,2026101811,DRAW_HORIZON,202,128.079524,343,34,73,109,1.0,1,21,0,68
risk_withhold,2026101812,DRAW_HORIZON,-20,147.15381,352,26,86,118,4.0,2,16,0,89
risk_withhold,2026101813,DRAW_HORIZON,-288,131.54619,345,35,81,116,1.0,1,20,0,76
risk_withhold,2026101814,DRAW_HORIZON,215,139.529048,348,30,78,115,1.0,2,15,0,68
risk_withhold,2026101815,DRAW_HORIZON,245,132.989524,343,30,83,127,1.0,2,13,0,86
risk_withhold,2026101816,DRAW_HORIZON,82,149.913333,333,44,83,123,8.0,2,27,0,85
risk_withhold,2026101817,DRAW_HORIZON,-125,128.632381,337,42,66,106,1.0,1,23,0,67
risk_withhold,2026101818,DRAW_HORIZON,193,146.198571,353,35,83,111,1.0,2,19,0,60
risk_withhold,2026101819,DRAW_HORIZON,282,135.998095,339,34,73,114,2.0,1,20,0,81
risk_withhold,2026101820,DRAW_HORIZON,157,139.275714,349,27,84,118,2.0,1,17,0,81
risk_withhold,2026101821,DRAW_HORIZON,159,133.291905,344,34,71,110,2.0,3,17,0,66
risk_withhold,2026101822,DRAW_HORIZON,142,131.742381,343,35,61,104,2.0,2,14,0,64
risk_withhold,2026101823,DRAW_HORIZON,189,124.378095,343,35,64,101,2.0,2,20,0,63
risk_withhold,2026101824,DRAW_HORIZON,246,129.629048,341,40,72,109,1.0,3,22,0,60
risk_withhold,2026101825,DRAW_HORIZON,-453,147.62619,346,39,101,135,2.0,2,20,0,88
risk_withhold,2026101826,DRAW_HORIZON,-121,144.909048,333,43,70,116,8.0,1,21,0,80
risk_withhold,2026101827,DRAW_HORIZON,-255,133.25619,345,34,74,108,1.0,1,21,0,75
risk_withhold,2026101828,DRAW_HORIZON,130,138.095714,331,46,83,124,2.0,1,28,0,96
risk_withhold,2026101829,DRAW_HORIZON,291,136.97619,338,40,70,117,2.0,3,15,0,71
risk_withhold,2026101830,DRAW_HORIZON,293,125.347143,339,39,65,108,1.0,2,18,0,73
risk_withhold,2026101831,DRAW_HORIZON,-38,126.527143,352,31,62,95,1.0,2,15,0,53
risk_withhold,2026101832,DRAW_HORIZON,41,125.81619,358,26,59,85,1.0,2,16,0,45
risk_withhold,2026101833,DRAW_HORIZON,190,129.373333,344,31,71,112,1.0,2,15,0,69
risk_withhold,2026101834,DRAW_HORIZON,-58,136.959524,343,33,72,109,2.0,1,20,0,79
risk_withhold,2026101835,DRAW_HORIZON,230,135.019524,348,33,76,108,2.0,2,20,0,76
risk_withhold,2026101836,DRAW_HORIZON,166,138.654286,343,40,68,111,4.0,3,14,0,57
risk_withhold,2026101837,DRAW_HORIZON,15,139.499048,338,36,82,125,2.0,2,19,0,81
risk_withhold,2026101838,DRAW_HORIZON,213,136.430476,344,41,74,118,1.0,3,12,0,66
risk_withhold,2026101839,DRAW_HORIZON,-38,139.373333,345,37,84,123,4.0,2,16,0,75
risk_withhold,2026101840,DRAW_HORIZON,265,130.312857,339,38,72,114,1.0,1,19,0,69
risk_withhold,2026101841,DRAW_HORIZON,-18,134.218571,345,36,84,119,2.0,2,20,0,73
risk_withhold,2026101842,DRAW_HORIZON,83,135.96619,337,44,69,110,2.0,2,22,0,52
risk_withhold,2026101843,DRAW_HORIZON,5,132.159524,334,38,81,123,2.0,1,24,0,91
risk_withhold,2026101844,DRAW_HORIZON,135,133.67619,335,47,75,111,2.0,1,29,0,72
risk_withhold,2026101845,DRAW_HORIZON,75,130.835714,336,36,76,122,2.0,1,18,0,84
risk_withhold,2026101846,DRAW_HORIZON,5,126.188095,340,39,71,116,1.0,3,15,0,71
risk_withhold,2026101847,DRAW_HORIZON,31,134.607143,349,29,76,111,1.0,1,16,0,70
risk_withhold,2026101848,DRAW_HORIZON,-503,130.178095,339,36,64,109,2.0,2,16,0,66
risk_withhold,2026101849,DRAW_HORIZON,139,136.801429,341,37,70,112,2.0,3,17,0,75
risk_withhold,2026101850,DRAW_HORIZON,225,127.039048,342,36,68,109,1.0,2,17,0,67
risk_withhold,2026101851,DRAW_HORIZON,121,129.461905,350,32,68,106,2.0,3,12,0,58
risk_withhold,2026101852,DRAW_HORIZON,35,124.115714,339,41,72,112,1.0,3,21,0,74
risk_withhold,2026101853,DRAW_HORIZON,77,139.101905,347,34,90,125,2.0,1,18,0,89
risk_withhold,2026101854,DRAW_HORIZON,-76,126.451905,339,39,61,101,1.0,3,21,0,65
risk_withhold,2026101855,DRAW_HORIZON,-224,146.507143,348,31,84,118,2.0,2,18,0,76
risk_withhold,2026101856,DRAW_HORIZON,-100,142.932381,341,43,78,117,2.0,3,20,0,63
risk_withhold,2026101857,DRAW_HORIZON,98,130.732381,341,34,60,102,1.0,1,17,0,64
risk_withhold,2026101858,DRAW_HORIZON,267,128.257619,338,43,66,109,2.0,2,19,0,62
risk_withhold,2026101859,DRAW_HORIZON,160,139.97,335,44,76,119,2.0,2,22,0,65
risk_withhold,2026101860,DRAW_HORIZON,25,125.651429,338,39,71,115,1.0,1,18,0,65
risk_withhold,2026101861,DRAW_HORIZON,230,132.548571,352,29,79,111,2.0,2,16,0,56
risk_withhold,2026101862,DRAW_HORIZON,177,149.736667,338,37,82,127,4.0,2,17,0,86
risk_withhold,2026101863,DRAW_HORIZON,180,142.244286,354,27,78,106,2.0,1,18,0,77
risk_withhold,2026101864,DRAW_HORIZON,-245,135.319524,334,41,79,123,2.0,2,22,0,83
risk_withhold,2026101865,DRAW_HORIZON,99,140.21,349,33,83,113,2.0,1,21,0,78
risk_withhold,2026101866,DRAW_HORIZON,240,131.483333,326,44,71,127,1.0,2,18,0,84
risk_withhold,2026101867,DRAW_HORIZON,316,119.42,352,30,56,88,1.0,1,16,0,52
risk_withhold,2026101868,DRAW_HORIZON,197,125.29619,337,41,59,96,1.0,1,26,0,58
risk_withhold,2026101869,DRAW_HORIZON,169,132.148095,351,31,66,101,1.0,4,14,0,63
risk_withhold,2026101870,DRAW_HORIZON,137,132.082381,336,39,70,116,1.0,1,18,0,71
risk_withhold,2026101871,DRAW_HORIZON,210,131.14381,345,30,82,124,1.0,2,13,0,85
risk_withhold,2026101872,DRAW_HORIZON,192,150.358095,344,35,81,122,4.0,4,15,0,79
risk_withhold,2026101873,DRAW_HORIZON,48,148.366667,346,36,81,122,2.0,3,13,0,73
risk_withhold,2026101874,DRAW_HORIZON,215,132.132857,345,29,71,111,1.0,2,15,0,70
risk_withhold,2026101875,DRAW_HORIZON,-163,144.938095,350,28,87,122,2.0,1,15,0,85
risk_withhold,2026101876,DRAW_HORIZON,19,125.014286,351,28,63,100,1.0,2,12,0,63
risk_withhold,2026101877,DRAW_HORIZON,180,134.720952,340,34,73,116,2.0,2,17,0,70
risk_withhold,2026101878,DRAW_HORIZON,-124,128.36619,343,34,67,107,1.0,2,17,0,70
risk_withhold,2026101879,DRAW_HORIZON,299,142.37619,344,37,85,124,2.0,2,17,0,81
risk_withhold,2026101880,DRAW_HORIZON,9,136.73619,338,37,73,119,2.0,2,16,0,71
risk_withhold,2026101881,DRAW_HORIZON,50,159.464762,345,35,85,122,8.0,2,18,0,82
risk_withhold,2026101882,DRAW_HORIZON,63,133.212381,339,38,65,107,2.0,1,19,0,71
risk_withhold,2026101883,DRAW_HORIZON,-310,145.115238,344,29,78,115,2.0,1,19,0,90
risk_withhold,2026101884,BLOCKED_Q6_EXHAUSTED_QUEST,5,106.987619,245,20,57,92,1.0,2,11,0,70
risk_withhold,2026101885,DRAW_HORIZON,287,127.722857,338,38,66,106,2.0,1,22,0,70
risk_withhold,2026101886,DRAW_HORIZON,-70,146.54,336,40,93,137,4.0,2,20,0,99
risk_withhold,2026101887,DRAW_HORIZON,135,135.85381,330,37,74,126,2.0,2,18,0,92
risk_withhold,2026101888,DRAW_HORIZON,52,145.958571,336,46,87,135,2.0,3,16,0,84
risk_withhold,2026101889,DRAW_HORIZON,177,123.337143,341,38,59,96,1.0,2,22,0,52
risk_withhold,2026101890,DRAW_HORIZON,187,127.469524,348,31,70,106,1.0,2,16,0,72
risk_withhold,2026101891,DRAW_HORIZON,265,128.309524,344,37,67,101,2.0,2,22,0,65
risk_withhold,2026101892,DRAW_HORIZON,237,133.790476,335,43,69,114,1.0,2,20,0,74
risk_withhold,2026101893,DRAW_HORIZON,-196,136.32381,346,36,70,112,2.0,2,12,0,59
risk_withhold,2026101894,DRAW_HORIZON,-12,130.471905,346,36,67,103,1.0,1,18,0,61
risk_withhold,2026101895,DRAW_HORIZON,-33,132.936353,331,45,70,112,1.0,2,27,5,77
risk_withhold,2026101896,DRAW_HORIZON,-215,141.376667,336,35,89,139,1.0,2,14,0,104
risk_withhold,2026101897,DRAW_HORIZON,117,129.284762,344,33,68,105,1.0,2,19,0,64
risk_withhold,2026101898,DRAW_HORIZON,154,121.715238,342,38,60,98,1.0,1,20,0,46
risk_withhold,2026101899,DRAW_HORIZON,260,127.797619,347,29,68,108,2.0,2,13,0,72
risk_withhold,2026101900,DRAW_HORIZON,2,129.188571,333,40,72,115,1.0,2,24,0,81
risk_withhold,2026101901,DRAW_HORIZON,129,136.050476,359,25,73,105,2.0,4,9,0,56
risk_withhold,2026101902,DRAW_HORIZON,-155,128.20619,343,35,73,110,1.0,1,20,0,74
risk_withhold,2026101903,DRAW_HORIZON,241,139.86381,340,39,82,120,1.0,2,22,0,73
risk_withhold,2026101904,DRAW_HORIZON,180,136.00619,339,38,74,114,2.0,2,21,0,79
risk_withhold,2026101905,DRAW_HORIZON,-148,142.390952,335,46,89,130,4.0,1,24,0,89
risk_withhold,2026101906,DRAW_HORIZON,242,138.221905,332,44,74,121,1.0,1,21,0,73
risk_withhold,2026101907,DRAW_HORIZON,252,139.656667,339,40,73,119,2.0,2,15,0,79
risk_withhold,2026101908,DRAW_HORIZON,-224,140.845238,350,36,82,119,2.0,3,13,0,76
risk_withhold,2026101909,DRAW_HORIZON,105,127.785238,346,35,69,106,1.0,1,17,0,61
risk_withhold,2026101910,DRAW_HORIZON,-340,129.42619,347,32,57,92,1.0,2,18,0,55
risk_withhold,2026101911,DRAW_HORIZON,200,131.14381,345,30,68,106,2.0,1,17,0,74
risk_withhold,2026101912,DRAW_HORIZON,72,135.008571,340,31,74,119,2.0,1,15,0,89
risk_withhold,2026101913,DRAW_HORIZON,37,148.365238,350,32,89,119,8.0,1,20,0,84
risk_withhold,2026101914,DRAW_HORIZON,195,126.581429,337,36,71,116,2.0,1,18,0,68
risk_withhold,2026101915,DRAW_HORIZON,209,132.651905,351,26,70,106,1.0,1,13,0,67
risk_withhold,2026101916,DRAW_HORIZON,9,127.181429,340,44,74,107,1.0,1,27,0,68
risk_withhold,2026101917,DRAW_HORIZON,229,121.627619,333,37,61,109,1.0,1,19,0,73
risk_withhold,2026101918,DRAW_HORIZON,-5,132.448095,340,34,84,127,2.0,2,17,0,91
risk_withhold,2026101919,DRAW_HORIZON,-26,141.114286,338,41,83,124,1.0,1,21,0,82
risk_withhold,2026101920,DRAW_HORIZON,172,138.827619,348,29,77,113,2.0,2,16,0,64
risk_withhold,2026101921,DRAW_HORIZON,277,140.47,344,39,84,119,2.0,2,21,0,82
risk_withhold,2026101922,DRAW_HORIZON,-67,127.202857,354,25,65,95,2.0,2,16,0,62
risk_withhold,2026101923,DRAW_HORIZON,24,134.188095,350,32,71,101,1.0,1,20,0,60
risk_withhold,2026101924,DRAW_HORIZON,-98,140.361905,346,29,81,119,1.0,2,16,0,83
risk_withhold,2026101925,DRAW_HORIZON,120,135.155714,335,36,76,120,2.0,1,21,0,79
risk_withhold,2026101926,DRAW_HORIZON,77,132.929524,355,29,67,97,1.0,2,15,0,50
risk_withhold,2026101927,DRAW_HORIZON,40,133.240476,330,46,81,132,2.0,2,19,0,87
risk_withhold,2026101928,DRAW_HORIZON,114,134.12381,344,35,81,118,2.0,3,19,0,72
risk_withhold,2026101929,DRAW_HORIZON,184,136.628571,339,39,77,118,2.0,2,20,0,85
risk_withhold,2026101930,DRAW_HORIZON,-183,127.261905,339,37,64,108,2.0,2,17,0,63
risk_withhold,2026101931,DRAW_HORIZON,100,132.940476,345,37,72,110,2.0,2,17,0,60
risk_withhold,2026101932,DRAW_HORIZON,80,132.14,342,28,72,114,2.0,3,16,0,88
risk_withhold,2026101933,DRAW_HORIZON,140,130.932857,330,40,71,119,1.0,1,22,0,82
risk_withhold,2026101934,DRAW_HORIZON,285,130.414286,342,36,67,110,4.0,3,15,0,56
risk_withhold,2026101935,DRAW_HORIZON,275,132.653333,338,43,69,112,4.0,2,19,0,62
risk_withhold,2026101936,DRAW_HORIZON,282,128.685238,347,30,77,112,1.0,2,18,0,75
risk_withhold,2026101937,DRAW_HORIZON,161,128.20381,337,41,61,106,2.0,3,18,0,54
risk_withhold,2026101938,DRAW_HORIZON,-156,133.885238,355,30,77,107,2.0,2,15,0,62
risk_withhold,2026101939,DRAW_HORIZON,195,129.332381,349,34,74,107,2.0,2,18,0,67
risk_withhold,2026101940,DRAW_HORIZON,257,137.25381,341,30,79,122,2.0,2,16,0,79
risk_withhold,2026101941,DRAW_HORIZON,-106,137.875714,333,38,79,128,2.0,1,18,0,91
risk_withhold,2026101942,DRAW_HORIZON,279,117.671429,354,28,61,89,2.0,2,18,0,59
risk_withhold,2026101943,DRAW_HORIZON,95,135.724762,332,49,73,119,2.0,3,22,0,67
risk_withhold,2026101944,DRAW_HORIZON,15,152.650952,342,38,89,132,4.0,3,15,0,87
risk_withhold,2026101945,DRAW_HORIZON,47,126.148095,337,33,71,120,1.0,2,14,0,83
risk_withhold,2026101946,DRAW_HORIZON,127,132.385238,349,30,66,103,2.0,2,14,0,66
risk_withhold,2026101947,DRAW_HORIZON,-51,128.990952,349,29,65,98,2.0,2,18,0,64
risk_withhold,2026101948,DRAW_HORIZON,-223,134.114762,352,27,72,106,2.0,3,14,0,76
risk_withhold,2026101949,DRAW_HORIZON,-104,135.641429,338,44,71,110,1.0,2,23,0,68
risk_withhold,2026101950,DRAW_HORIZON,37,132.15,341,38,73,108,2.0,2,24,0,71
risk_withhold,2026101951,DRAW_HORIZON,255,134.209048,331,42,78,124,2.0,2,23,0,90
risk_withhold,2026101952,DRAW_HORIZON,67,135.471429,348,27,76,112,2.0,2,16,0,71
risk_withhold,2026101953,DRAW_HORIZON,67,127.873333,346,32,63,100,1.0,1,17,0,63
risk_withhold,2026101954,DRAW_HORIZON,112,131.466667,339,40,76,115,1.0,1,22,0,71
risk_withhold,2026101955,DRAW_HORIZON,-75,141.848095,331,43,82,130,2.0,2,21,0,88
risk_withhold,2026101956,DRAW_HORIZON,-123,144.300952,332,48,82,131,2.0,1,19,0,74
risk_withhold,2026101957,DRAW_HORIZON,100,130.058095,340,36,76,114,2.0,2,22,0,76
risk_withhold,2026101958,DRAW_HORIZON,55,129.24619,349,36,79,114,2.0,2,16,0,73
risk_withhold,2026101959,DRAW_HORIZON,-56,133.240744,345,42,64,95,1.0,1,24,2,49
risk_withhold,2026101960,DRAW_HORIZON,-82,133.167143,346,35,73,109,2.0,1,18,0,73
risk_withhold,2026101961,DRAW_HORIZON,270,132.726667,348,31,79,115,2.0,2,16,0,78
risk_withhold,2026101962,DRAW_HORIZON,-200,141.707143,357,31,89,112,2.0,1,20,0,70
risk_withhold,2026101963,DRAW_HORIZON,167,119.812381,346,35,66,101,2.0,1,19,0,67
risk_withhold,2026101964,DRAW_HORIZON,-143,134.04619,341,30,78,119,1.0,2,18,0,82
risk_withhold,2026101965,DRAW_HORIZON,-154,127.128571,347,35,65,97,1.0,1,21,0,58
risk_withhold,2026101966,DRAW_HORIZON,-410,142.502857,335,36,90,138,1.0,2,17,0,105
risk_withhold,2026101967,DRAW_HORIZON,215,139.545714,334,44,72,124,4.0,3,14,0,67
risk_withhold,2026101968,DRAW_HORIZON,-110,133.56619,337,38,78,124,2.0,2,17,0,83
risk_withhold,2026101969,DRAW_HORIZON,177,126.389048,343,33,70,111,1.0,2,16,0,71
risk_withhold,2026101970,DRAW_HORIZON,40,136.249524,339,37,80,121,1.0,1,20,0,86
risk_withhold,2026101971,DRAW_HORIZON,8,137.404762,356,32,71,99,1.0,1,16,0,53
risk_withhold,2026101972,DRAW_HORIZON,-281,144.665238,347,32,97,130,2.0,2,20,0,100
risk_withhold,2026101973,DRAW_HORIZON,-18,133.469048,335,39,65,113,2.0,2,17,0,74
risk_withhold,2026101974,DRAW_HORIZON,178,137.397143,343,38,74,110,1.0,2,21,0,65
risk_withhold,2026101975,DRAW_HORIZON,232,125.788571,340,43,70,107,2.0,1,23,0,62
risk_withhold,2026101976,DRAW_HORIZON,205,127.355238,343,38,66,106,2.0,2,17,0,67
risk_withhold,2026101977,DRAW_HORIZON,-8,138.638571,340,38,79,121,4.0,1,18,0,76
risk_withhold,2026101978,DRAW_HORIZON,21,151.648571,334,40,96,149,2.0,4,13,0,93
risk_withhold,2026101979,DRAW_HORIZON,-18,134.432857,342,30,76,122,2.0,3,12,0,83
risk_withhold,2026101980,DRAW_HORIZON,267,124.757143,346,29,65,107,1.0,2,12,0,66
risk_withhold,2026101981,DRAW_HORIZON,192,130.685238,338,41,68,103,2.0,2,27,0,73
risk_withhold,2026101982,DRAW_HORIZON,257,143.884286,342,39,91,132,1.0,3,17,0,85
risk_withhold,2026101983,DRAW_HORIZON,39,153.43381,337,41,92,137,1.0,3,18,0,93
risk_withhold,2026101984,DRAW_HORIZON,14,136.79,350,33,71,106,4.0,2,15,0,61
risk_withhold,2026101985,DRAW_HORIZON,139,127.81,350,32,67,97,1.0,1,20,0,62
risk_withhold,2026101986,DRAW_HORIZON,251,134.637619,338,38,62,106,2.0,2,18,0,65
risk_withhold,2026101987,DRAW_HORIZON,165,133.460952,336,38,88,127,2.0,1,25,0,92
risk_withhold,2026101988,DRAW_HORIZON,-101,127.590952,331,39,60,110,2.0,1,19,0,79
risk_withhold,2026101989,DRAW_HORIZON,234,141.989048,340,40,76,113,2.0,1,23,0,77
risk_withhold,2026101990,DRAW_HORIZON,92,128.203333,349,32,67,107,1.0,2,11,0,63
risk_withhold,2026101991,DRAW_HORIZON,230,139.49619,344,32,89,127,2.0,1,18,0,97
risk_withhold,2026101992,DRAW_HORIZON,-60,132.473333,328,42,70,118,1.0,1,24,0,82
risk_withhold,2026101993,DRAW_HORIZON,-500,131.418571,322,48,78,132,4.0,1,24,0,98
risk_withhold,2026101994,DRAW_HORIZON,150,151.390952,339,38,94,136,4.0,2,19,0,88
risk_withhold,2026101995,DRAW_HORIZON,275,124.243366,345,35,78,110,1.0,1,23,1,71
risk_withhold,2026101996,DRAW_HORIZON,12,130.433333,356,25,68,95,2.0,1,17,0,53
risk_withhold,2026101997,DRAW_HORIZON,294,130.63,360,29,74,98,1.0,1,16,0,54
risk_withhold,2026101998,DRAW_HORIZON,-104,132.463333,345,32,83,123,1.0,3,15,0,78
risk_withhold,2026101999,DRAW_HORIZON,12,123.328095,351,34,69,94,1.0,1,24,0,58
risk_withhold,2026102000,DRAW_HORIZON,-5,124.90381,330,36,63,109,1.0,2,24,0,79
